nohup: ignoring input
[2024-10-22T02:11:29.158Z] Starting the Lighthouse audit process
[2024-10-22T02:11:29.159Z] Checking gov_in_website_dir table:
[2024-10-22T02:11:29.667Z] Table gov_in_website_dir contains 5883 rows
[2024-10-22T02:11:29.667Z] Sample data from gov_in_website_dir:
[
  {
    sector: 'Finance, Banking & Insurance',
    link: 'https://nhb.org.in',
    'Ministry/Organization Name': 'National Housing Bank (NHB)',
    id: 0
  },
  {
    sector: 'Finance, Banking & Insurance',
    link: 'https://notary.gov.in',
    'Ministry/Organization Name': 'Notary Portal',
    id: 1
  },
  {
    sector: 'Finance, Banking & Insurance',
    link: 'https://www.gicre.in',
    'Ministry/Organization Name': 'General Insurance Corporation of India (GIC)',
    id: 2
  },
  {
    sector: 'Finance, Banking & Insurance',
    link: 'https://odishatax.gov.in',
    'Ministry/Organization Name': 'Commissionerate of CT and GST, Odisha',
    id: 3
  },
  {
    sector: 'Finance, Banking & Insurance',
    link: 'https://incometaxgujarat.gov.in',
    'Ministry/Organization Name': 'Income Tax Department, Gujarat Region',
    id: 5
  }
]
[2024-10-22T02:11:29.669Z] Checking websites_report_tracking table:
[2024-10-22T02:11:30.444Z] Table websites_report_tracking contains 5671 rows
[2024-10-22T02:11:30.445Z] Sample data from websites_report_tracking:
[
  {
    id: '65e1a762-8c18-4468-8630-81119c15935b',
    url: 'https://www.kship.in',
    status: 'completed',
    json_path: 'https://govin-audit-reports.-Nx9v_SB994Ab4S-TCewx0WN5KxLizqmmPrDP3VL.r2.cloudflarestorage.com/lighthouse-reports/json/65e1a762-8c18-4468-8630-81119c15935b.report.json',
    html_path: 'https://govin-audit-reports.-Nx9v_SB994Ab4S-TCewx0WN5KxLizqmmPrDP3VL.r2.cloudflarestorage.com/lighthouse-reports/html/65e1a762-8c18-4468-8630-81119c15935b.report.html',
    error_message: null,
    time_taken: '00:00:50.47',
    updated_at: '2024-10-20T23:39:07.499'
  },
  {
    id: 'b5c129de-7933-485c-b501-935cd519e644',
    url: 'https://sppanchmahal.gujarat.gov.in',
    status: 'completed',
    json_path: 'https://govin-audit-reports.-Nx9v_SB994Ab4S-TCewx0WN5KxLizqmmPrDP3VL.r2.cloudflarestorage.com/lighthouse-reports/json/b5c129de-7933-485c-b501-935cd519e644.report.json',
    html_path: 'https://govin-audit-reports.-Nx9v_SB994Ab4S-TCewx0WN5KxLizqmmPrDP3VL.r2.cloudflarestorage.com/lighthouse-reports/html/b5c129de-7933-485c-b501-935cd519e644.report.html',
    error_message: null,
    time_taken: '00:01:40.77',
    updated_at: '2024-10-21T01:15:34.083'
  },
  {
    id: 'e6265bab-6848-4df4-9392-7b74a69be466',
    url: 'https://maharashtrasrpf.gov.in',
    status: 'completed',
    json_path: 'https://govin-audit-reports.-Nx9v_SB994Ab4S-TCewx0WN5KxLizqmmPrDP3VL.r2.cloudflarestorage.com/lighthouse-reports/json/e6265bab-6848-4df4-9392-7b74a69be466.report.json',
    html_path: 'https://govin-audit-reports.-Nx9v_SB994Ab4S-TCewx0WN5KxLizqmmPrDP3VL.r2.cloudflarestorage.com/lighthouse-reports/html/e6265bab-6848-4df4-9392-7b74a69be466.report.html',
    error_message: null,
    time_taken: '00:01:32.43',
    updated_at: '2024-10-21T01:49:26.973'
  },
  {
    id: '98ed850a-2cbe-406c-a1d9-eb823bb67113',
    url: 'https://chittoorpolice.ap.gov.in',
    status: 'completed',
    json_path: 'https://govin-audit-reports.-Nx9v_SB994Ab4S-TCewx0WN5KxLizqmmPrDP3VL.r2.cloudflarestorage.com/lighthouse-reports/json/98ed850a-2cbe-406c-a1d9-eb823bb67113.report.json',
    html_path: 'https://govin-audit-reports.-Nx9v_SB994Ab4S-TCewx0WN5KxLizqmmPrDP3VL.r2.cloudflarestorage.com/lighthouse-reports/html/98ed850a-2cbe-406c-a1d9-eb823bb67113.report.html',
    error_message: null,
    time_taken: '00:00:39.28',
    updated_at: '2024-10-21T01:50:07.035'
  },
  {
    id: '7d47bd98-5cbf-41e0-a30c-00025d2a001d',
    url: 'https://srfti.ac.in',
    status: 'completed',
    json_path: 'https://govin-audit-reports.-Nx9v_SB994Ab4S-TCewx0WN5KxLizqmmPrDP3VL.r2.cloudflarestorage.com/lighthouse-reports/json/7d47bd98-5cbf-41e0-a30c-00025d2a001d.report.json',
    html_path: 'https://govin-audit-reports.-Nx9v_SB994Ab4S-TCewx0WN5KxLizqmmPrDP3VL.r2.cloudflarestorage.com/lighthouse-reports/html/7d47bd98-5cbf-41e0-a30c-00025d2a001d.report.html',
    error_message: null,
    time_taken: '00:01:35.65',
    updated_at: '2024-10-21T03:07:52.859'
  }
]
[2024-10-22T02:11:30.445Z] Successfully connected to Supabase and checked table contents
[2024-10-22T02:11:30.446Z] Fetching all links from gov_in_website_dir
[2024-10-22T02:11:32.706Z] Found 5883 links in gov_in_website_dir.
[2024-10-22T02:11:34.403Z] Inserted batch of 1000 links
[2024-10-22T02:11:35.020Z] Inserted batch of 1000 links
[2024-10-22T02:11:35.601Z] Inserted batch of 1000 links
[2024-10-22T02:11:36.223Z] Inserted batch of 1000 links
[2024-10-22T02:11:36.630Z] Inserted batch of 673 links
[2024-10-22T02:11:36.931Z] Updated status to pending for 6 links
[2024-10-22T02:11:36.931Z] Sync complete. Inserted 4673 new links and updated 6 existing links.
[2024-10-22T02:11:36.931Z] Fetching pending websites from websites_report_tracking
[2024-10-22T02:11:38.375Z] Found 1000 pending websites to process.
[2024-10-22T02:11:38.377Z] Starting audit for https://indianarmy.nic.in
[2024-10-22T02:11:38.378Z] Starting audit for https://policeservicemedals.gov.in
[2024-10-22T02:11:38.378Z] Starting audit for https://ddpdos.gov.in
[2024-10-22T02:11:38.378Z] Starting audit for https://nccauto.gov.in
[2024-10-22T02:11:38.378Z] Starting audit for https://deolali.cantt.gov.in
[2024-10-22T02:11:38.685Z] Updated status for deda9169-3f23-4a5e-bf67-e3a03fef134f to in-progress
[2024-10-22T02:11:38.685Z] Running Lighthouse for https://policeservicemedals.gov.in
[2024-10-22T02:11:52.406Z] Uploading reports for https://policeservicemedals.gov.in
[2024-10-22T02:11:52.448Z] Updated status for 7b39fe30-790e-4e88-8bff-0a765804f23f to in-progress
[2024-10-22T02:11:52.449Z] Running Lighthouse for https://ddpdos.gov.in
[2024-10-22T02:12:09.387Z] Uploading reports for https://ddpdos.gov.in
[2024-10-22T02:12:09.406Z] Updated status for dfbfe6d3-3979-421f-ae0d-b12e9f9b561c to in-progress
[2024-10-22T02:12:09.406Z] Running Lighthouse for https://indianarmy.nic.in
[2024-10-22T02:12:43.886Z] Uploading reports for https://indianarmy.nic.in
[2024-10-22T02:12:43.895Z] Updated status for 1a1c411a-dc4f-4c91-93f9-f801ff29fff1 to in-progress
[2024-10-22T02:12:43.895Z] Running Lighthouse for https://nccauto.gov.in
Runtime error encountered: The page did not paint any content. Please ensure you keep the browser window in the foreground during the load and try again. (NO_FCP)
[2024-10-22T02:15:00.804Z] Failed to audit https://nccauto.gov.in: Command failed: lighthouse https://nccauto.gov.in --chrome-flags="--headless --no-sandbox --disable-gpu --ignore-certificate-errors" --output json --output html --output-path /home/reeva-empire-1/Desktop/gov.in-audit/reports/1a1c411a-dc4f-4c91-93f9-f801ff29fff1 --quiet
[2024-10-22T02:15:00.806Z] Updated status for d5e17719-3210-4824-8992-60262b15db7a to in-progress
[2024-10-22T02:15:00.806Z] Running Lighthouse for https://deolali.cantt.gov.in
[2024-10-22T02:15:25.733Z] Uploading reports for https://deolali.cantt.gov.in
[2024-10-22T02:15:25.740Z] Updated status for 1a1c411a-dc4f-4c91-93f9-f801ff29fff1 to failed
[2024-10-22T02:15:25.740Z] Starting audit for https://kamptee.cantt.gov.in
[2024-10-22T02:15:26.074Z] Updated status for 9e4a3958-ead4-480c-a6f7-ad259cb41865 to in-progress
[2024-10-22T02:15:26.074Z] Running Lighthouse for https://kamptee.cantt.gov.in
[2024-10-22T02:15:44.391Z] Uploading reports for https://kamptee.cantt.gov.in
[2024-10-22T02:15:44.408Z] Successfully uploaded /home/reeva-empire-1/Desktop/gov.in-audit/reports/7b39fe30-790e-4e88-8bff-0a765804f23f.report.json to R2
[2024-10-22T02:15:45.491Z] Successfully uploaded /home/reeva-empire-1/Desktop/gov.in-audit/reports/9e4a3958-ead4-480c-a6f7-ad259cb41865.report.json to R2
[2024-10-22T02:15:45.665Z] Successfully uploaded /home/reeva-empire-1/Desktop/gov.in-audit/reports/d5e17719-3210-4824-8992-60262b15db7a.report.json to R2
[2024-10-22T02:15:46.277Z] Successfully uploaded /home/reeva-empire-1/Desktop/gov.in-audit/reports/9e4a3958-ead4-480c-a6f7-ad259cb41865.report.html to R2
[2024-10-22T02:15:46.284Z] Successfully uploaded /home/reeva-empire-1/Desktop/gov.in-audit/reports/7b39fe30-790e-4e88-8bff-0a765804f23f.report.html to R2
[2024-10-22T02:15:46.583Z] Successfully uploaded /home/reeva-empire-1/Desktop/gov.in-audit/reports/d5e17719-3210-4824-8992-60262b15db7a.report.html to R2
[2024-10-22T02:15:46.627Z] Updated status for 7b39fe30-790e-4e88-8bff-0a765804f23f to completed
[2024-10-22T02:15:46.627Z] Audit completed for https://ddpdos.gov.in in 233.84 seconds
[2024-10-22T02:15:46.627Z] Starting audit for https://ina.gov.in
[2024-10-22T02:15:46.637Z] Updated status for 9e4a3958-ead4-480c-a6f7-ad259cb41865 to completed
[2024-10-22T02:15:46.637Z] Audit completed for https://kamptee.cantt.gov.in in 20.20 seconds
[2024-10-22T02:15:46.637Z] Starting audit for https://indianairforce.nic.in
[2024-10-22T02:15:46.931Z] Updated status for d8f72953-833a-41a5-8b5f-a5da7cc41975 to in-progress
[2024-10-22T02:15:46.931Z] Running Lighthouse for https://indianairforce.nic.in
[2024-10-22T02:16:10.579Z] Uploading reports for https://indianairforce.nic.in
[2024-10-22T02:16:10.587Z] Updated status for d5e17719-3210-4824-8992-60262b15db7a to completed
[2024-10-22T02:16:10.587Z] Audit completed for https://deolali.cantt.gov.in in 45.78 seconds
[2024-10-22T02:16:10.587Z] Starting audit for https://www.armyschooltrivandrum.in
[2024-10-22T02:16:10.589Z] Successfully uploaded /home/reeva-empire-1/Desktop/gov.in-audit/reports/deda9169-3f23-4a5e-bf67-e3a03fef134f.report.json to R2
[2024-10-22T02:16:10.593Z] Successfully uploaded /home/reeva-empire-1/Desktop/gov.in-audit/reports/dfbfe6d3-3979-421f-ae0d-b12e9f9b561c.report.json to R2
[2024-10-22T02:16:10.598Z] Updated status for c3e6bc0c-655c-44a6-a4f8-6038b832733e to in-progress
[2024-10-22T02:16:10.598Z] Running Lighthouse for https://ina.gov.in
Runtime error encountered: The page did not paint any content. Please ensure you keep the browser window in the foreground during the load and try again. (NO_FCP)
[2024-10-22T02:18:29.635Z] Failed to audit https://ina.gov.in: Command failed: lighthouse https://ina.gov.in --chrome-flags="--headless --no-sandbox --disable-gpu --ignore-certificate-errors" --output json --output html --output-path /home/reeva-empire-1/Desktop/gov.in-audit/reports/c3e6bc0c-655c-44a6-a4f8-6038b832733e --quiet
[2024-10-22T02:18:29.642Z] Updated status for 5fd2879a-338e-4d33-b729-55ec73d38aa6 to in-progress
[2024-10-22T02:18:29.642Z] Running Lighthouse for https://www.armyschooltrivandrum.in
Invalid dependency graph created, cycle detected
[2024-10-22T02:18:51.678Z] Uploading reports for https://www.armyschooltrivandrum.in
[2024-10-22T02:18:51.693Z] Updated status for c3e6bc0c-655c-44a6-a4f8-6038b832733e to failed
[2024-10-22T02:18:51.693Z] Starting audit for https://dalhousie.cantt.gov.in
[2024-10-22T02:18:52.244Z] Updated status for 03499aae-9942-413b-a7e3-b488b288f3f4 to in-progress
[2024-10-22T02:18:52.244Z] Running Lighthouse for https://dalhousie.cantt.gov.in
[2024-10-22T02:19:11.669Z] Uploading reports for https://dalhousie.cantt.gov.in
[2024-10-22T02:19:11.677Z] Successfully uploaded /home/reeva-empire-1/Desktop/gov.in-audit/reports/deda9169-3f23-4a5e-bf67-e3a03fef134f.report.html to R2
[2024-10-22T02:19:11.679Z] Successfully uploaded /home/reeva-empire-1/Desktop/gov.in-audit/reports/d8f72953-833a-41a5-8b5f-a5da7cc41975.report.json to R2
[2024-10-22T02:19:11.685Z] Successfully uploaded /home/reeva-empire-1/Desktop/gov.in-audit/reports/dfbfe6d3-3979-421f-ae0d-b12e9f9b561c.report.html to R2
[2024-10-22T02:19:11.689Z] Successfully uploaded /home/reeva-empire-1/Desktop/gov.in-audit/reports/5fd2879a-338e-4d33-b729-55ec73d38aa6.report.json to R2
[2024-10-22T02:19:11.983Z] Updated status for deda9169-3f23-4a5e-bf67-e3a03fef134f to completed
[2024-10-22T02:19:11.983Z] Audit completed for https://policeservicemedals.gov.in in 452.99 seconds
[2024-10-22T02:19:11.983Z] Starting audit for https://lansdowne.cantt.gov.in
[2024-10-22T02:19:12.006Z] Updated status for dfbfe6d3-3979-421f-ae0d-b12e9f9b561c to completed
[2024-10-22T02:19:12.007Z] Audit completed for https://indianarmy.nic.in in 422.28 seconds
[2024-10-22T02:19:12.007Z] Starting audit for https://www.nimindia.net
[2024-10-22T02:19:12.292Z] Updated status for 89458194-148a-42c9-b5b5-9571dd8147ae to in-progress
[2024-10-22T02:19:12.292Z] Running Lighthouse for https://www.nimindia.net
[2024-10-22T02:19:34.854Z] Uploading reports for https://www.nimindia.net
[2024-10-22T02:19:34.864Z] Successfully uploaded /home/reeva-empire-1/Desktop/gov.in-audit/reports/03499aae-9942-413b-a7e3-b488b288f3f4.report.json to R2
[2024-10-22T02:19:34.870Z] Successfully uploaded /home/reeva-empire-1/Desktop/gov.in-audit/reports/d8f72953-833a-41a5-8b5f-a5da7cc41975.report.html to R2
[2024-10-22T02:19:34.871Z] Successfully uploaded /home/reeva-empire-1/Desktop/gov.in-audit/reports/5fd2879a-338e-4d33-b729-55ec73d38aa6.report.html to R2
[2024-10-22T02:19:34.874Z] Error updating status for ab085c7b-e81c-487a-8a10-5b3e99032164: Failed to update status for ab085c7b-e81c-487a-8a10-5b3e99032164: TypeError: fetch failed
[2024-10-22T02:19:34.874Z] Running Lighthouse for https://lansdowne.cantt.gov.in
[2024-10-22T02:19:55.920Z] Uploading reports for https://lansdowne.cantt.gov.in
[2024-10-22T02:19:55.932Z] Updated status for d8f72953-833a-41a5-8b5f-a5da7cc41975 to completed
[2024-10-22T02:19:55.932Z] Audit completed for https://indianairforce.nic.in in 227.94 seconds
[2024-10-22T02:19:55.932Z] Starting audit for https://ddpdoo.gov.in/units/NADP
[2024-10-22T02:19:55.934Z] Updated status for 5fd2879a-338e-4d33-b729-55ec73d38aa6 to completed
[2024-10-22T02:19:55.934Z] Audit completed for https://www.armyschooltrivandrum.in in 65.23 seconds
[2024-10-22T02:19:55.934Z] Starting audit for https://gsf.aweil.in
[2024-10-22T02:19:56.341Z] Updated status for a6aebc16-aba5-48c1-9708-d67c298deb7a to in-progress
[2024-10-22T02:19:56.341Z] Running Lighthouse for https://ddpdoo.gov.in/units/NADP
[2024-10-22T02:20:16.847Z] Uploading reports for https://ddpdoo.gov.in/units/NADP
[2024-10-22T02:20:16.857Z] Updated status for 0b2b6328-4ebd-4b7c-b27e-8736e9ff39ab to in-progress
[2024-10-22T02:20:16.857Z] Running Lighthouse for https://gsf.aweil.in
Runtime error encountered: The page did not paint any content. Please ensure you keep the browser window in the foreground during the load and try again. (NO_FCP)
[2024-10-22T02:22:35.425Z] Failed to audit https://gsf.aweil.in: Command failed: lighthouse https://gsf.aweil.in --chrome-flags="--headless --no-sandbox --disable-gpu --ignore-certificate-errors" --output json --output html --output-path /home/reeva-empire-1/Desktop/gov.in-audit/reports/0b2b6328-4ebd-4b7c-b27e-8736e9ff39ab --quiet
[2024-10-22T02:22:35.427Z] Successfully uploaded /home/reeva-empire-1/Desktop/gov.in-audit/reports/ab085c7b-e81c-487a-8a10-5b3e99032164.report.json to R2
[2024-10-22T02:22:35.748Z] Updated status for 0b2b6328-4ebd-4b7c-b27e-8736e9ff39ab to failed
[2024-10-22T02:22:35.748Z] Starting audit for https://pcdaopune.gov.in
[2024-10-22T02:22:36.130Z] Updated status for 227dad47-efa3-4b27-91eb-c915718e2011 to in-progress
[2024-10-22T02:22:36.130Z] Running Lighthouse for https://pcdaopune.gov.in
[2024-10-22T02:23:37.007Z] Uploading reports for https://pcdaopune.gov.in
[2024-10-22T02:23:37.013Z] Error uploading /home/reeva-empire-1/Desktop/gov.in-audit/reports/89458194-148a-42c9-b5b5-9571dd8147ae.report.json to R2: read ECONNRESET
[2024-10-22T02:23:37.013Z] Attempt 1 failed, retrying...
[2024-10-22T02:23:37.014Z] Successfully uploaded /home/reeva-empire-1/Desktop/gov.in-audit/reports/03499aae-9942-413b-a7e3-b488b288f3f4.report.html to R2
[2024-10-22T02:23:37.017Z] Successfully uploaded /home/reeva-empire-1/Desktop/gov.in-audit/reports/a6aebc16-aba5-48c1-9708-d67c298deb7a.report.json to R2
[2024-10-22T02:23:37.023Z] Successfully uploaded /home/reeva-empire-1/Desktop/gov.in-audit/reports/ab085c7b-e81c-487a-8a10-5b3e99032164.report.html to R2
[2024-10-22T02:23:37.306Z] Updated status for 03499aae-9942-413b-a7e3-b488b288f3f4 to completed
[2024-10-22T02:23:37.306Z] Audit completed for https://dalhousie.cantt.gov.in in 284.77 seconds
[2024-10-22T02:23:37.306Z] Starting audit for https://www.bemlindia.in
[2024-10-22T02:23:37.704Z] Updated status for cee7e2cf-2971-4bc8-b488-d6ff37de4515 to in-progress
[2024-10-22T02:23:37.705Z] Running Lighthouse for https://www.bemlindia.in
[2024-10-22T02:24:48.501Z] Uploading reports for https://www.bemlindia.in
[2024-10-22T02:24:48.585Z] Updated status for ab085c7b-e81c-487a-8a10-5b3e99032164 to completed
[2024-10-22T02:24:48.586Z] Audit completed for https://lansdowne.cantt.gov.in in 242.15 seconds
[2024-10-22T02:24:48.586Z] Starting audit for https://midhani-india.in
[2024-10-22T02:24:48.610Z] Successfully uploaded /home/reeva-empire-1/Desktop/gov.in-audit/reports/a6aebc16-aba5-48c1-9708-d67c298deb7a.report.html to R2
[2024-10-22T02:24:48.637Z] Successfully uploaded /home/reeva-empire-1/Desktop/gov.in-audit/reports/227dad47-efa3-4b27-91eb-c915718e2011.report.json to R2
[2024-10-22T02:24:48.905Z] Updated status for dc3dd409-f245-4323-95ae-c965ab2cba7c to in-progress
[2024-10-22T02:24:48.906Z] Running Lighthouse for https://midhani-india.in
[2024-10-22T02:26:05.099Z] Uploading reports for https://midhani-india.in
[2024-10-22T02:26:05.106Z] Updated status for a6aebc16-aba5-48c1-9708-d67c298deb7a to completed
[2024-10-22T02:26:05.107Z] Audit completed for https://ddpdoo.gov.in/units/NADP in 292.27 seconds
[2024-10-22T02:26:05.107Z] Starting audit for https://capt.gov.in
[2024-10-22T02:26:05.109Z] Successfully uploaded /home/reeva-empire-1/Desktop/gov.in-audit/reports/227dad47-efa3-4b27-91eb-c915718e2011.report.html to R2
[2024-10-22T02:26:05.407Z] Updated status for e6aa3433-40c5-4041-937f-62a6e61d2dab to in-progress
[2024-10-22T02:26:05.407Z] Running Lighthouse for https://capt.gov.in
Runtime error encountered: Lighthouse was unable to reliably load the page you requested. Make sure you are testing the correct URL and that the server is properly responding to all requests. (Status code: 404)
[2024-10-22T02:26:12.689Z] Failed to audit https://capt.gov.in: Command failed: lighthouse https://capt.gov.in --chrome-flags="--headless --no-sandbox --disable-gpu --ignore-certificate-errors" --output json --output html --output-path /home/reeva-empire-1/Desktop/gov.in-audit/reports/e6aa3433-40c5-4041-937f-62a6e61d2dab --quiet
[2024-10-22T02:26:12.691Z] Updated status for 227dad47-efa3-4b27-91eb-c915718e2011 to completed
[2024-10-22T02:26:12.692Z] Audit completed for https://pcdaopune.gov.in in 208.98 seconds
[2024-10-22T02:26:12.692Z] Starting audit for https://bro.gov.in
[2024-10-22T02:26:13.003Z] Updated status for e6aa3433-40c5-4041-937f-62a6e61d2dab to failed
[2024-10-22T02:26:13.003Z] Starting audit for https://www.dgqadefence.gov.in
[2024-10-22T02:26:13.007Z] Updated status for 12afba9b-b86a-42e5-bd1a-698145055846 to in-progress
[2024-10-22T02:26:13.007Z] Running Lighthouse for https://bro.gov.in
Runtime error encountered: The page did not paint any content. Please ensure you keep the browser window in the foreground during the load and try again. (NO_FCP)
[2024-10-22T02:28:31.758Z] Failed to audit https://bro.gov.in: Command failed: lighthouse https://bro.gov.in --chrome-flags="--headless --no-sandbox --disable-gpu --ignore-certificate-errors" --output json --output html --output-path /home/reeva-empire-1/Desktop/gov.in-audit/reports/12afba9b-b86a-42e5-bd1a-698145055846 --quiet
[2024-10-22T02:28:31.760Z] Updated status for 7b155a85-0704-476b-9682-f1ab9d8db2a4 to in-progress
[2024-10-22T02:28:31.760Z] Running Lighthouse for https://www.dgqadefence.gov.in
Runtime error encountered: The page did not paint any content. Please ensure you keep the browser window in the foreground during the load and try again. (NO_FCP)
[2024-10-22T02:30:51.043Z] Failed to audit https://www.dgqadefence.gov.in: Command failed: lighthouse https://www.dgqadefence.gov.in --chrome-flags="--headless --no-sandbox --disable-gpu --ignore-certificate-errors" --output json --output html --output-path /home/reeva-empire-1/Desktop/gov.in-audit/reports/7b155a85-0704-476b-9682-f1ab9d8db2a4 --quiet
[2024-10-22T02:30:51.045Z] Successfully uploaded /home/reeva-empire-1/Desktop/gov.in-audit/reports/dc3dd409-f245-4323-95ae-c965ab2cba7c.report.json to R2
[2024-10-22T02:30:51.062Z] Updated status for 12afba9b-b86a-42e5-bd1a-698145055846 to failed
[2024-10-22T02:30:51.063Z] Starting audit for https://jalapahar.cantt.gov.in
[2024-10-22T02:30:51.557Z] Updated status for b6ce9c5e-4f36-4a7d-ba45-027cb99338f7 to in-progress
[2024-10-22T02:30:51.557Z] Running Lighthouse for https://jalapahar.cantt.gov.in
[2024-10-22T02:31:50.070Z] Uploading reports for https://jalapahar.cantt.gov.in
[2024-10-22T02:31:50.075Z] Error uploading /home/reeva-empire-1/Desktop/gov.in-audit/reports/cee7e2cf-2971-4bc8-b488-d6ff37de4515.report.json to R2: read ECONNRESET
[2024-10-22T02:31:50.075Z] Attempt 1 failed, retrying...
[2024-10-22T02:31:50.076Z] Error uploading /home/reeva-empire-1/Desktop/gov.in-audit/reports/89458194-148a-42c9-b5b5-9571dd8147ae.report.json to R2: read ECONNRESET
[2024-10-22T02:31:50.076Z] Attempt 2 failed, retrying...
[2024-10-22T02:31:50.077Z] Updated status for 7b155a85-0704-476b-9682-f1ab9d8db2a4 to failed
[2024-10-22T02:31:50.077Z] Starting audit for https://dgrindia.gov.in
[2024-10-22T02:31:50.079Z] Successfully uploaded /home/reeva-empire-1/Desktop/gov.in-audit/reports/dc3dd409-f245-4323-95ae-c965ab2cba7c.report.html to R2
[2024-10-22T02:31:50.382Z] Updated status for b2cf9191-a1a3-4eea-bd63-f3d5e82d9c01 to in-progress
[2024-10-22T02:31:50.382Z] Running Lighthouse for https://dgrindia.gov.in
[2024-10-22T02:33:10.935Z] Uploading reports for https://dgrindia.gov.in
[2024-10-22T02:33:10.958Z] Updated status for dc3dd409-f245-4323-95ae-c965ab2cba7c to completed
[2024-10-22T02:33:10.958Z] Audit completed for https://midhani-india.in in 421.17 seconds
[2024-10-22T02:33:10.958Z] Starting audit for https://avnl.co.in
[2024-10-22T02:33:11.261Z] Updated status for 11516d27-15f9-443e-9d0b-9b0ce2ead157 to in-progress
[2024-10-22T02:33:11.261Z] Running Lighthouse for https://avnl.co.in
[2024-10-22T02:33:37.716Z] Uploading reports for https://avnl.co.in
[2024-10-22T02:33:38.478Z] Successfully uploaded /home/reeva-empire-1/Desktop/gov.in-audit/reports/b6ce9c5e-4f36-4a7d-ba45-027cb99338f7.report.json to R2
[2024-10-22T02:33:38.940Z] Successfully uploaded /home/reeva-empire-1/Desktop/gov.in-audit/reports/11516d27-15f9-443e-9d0b-9b0ce2ead157.report.json to R2
[2024-10-22T02:33:39.219Z] Successfully uploaded /home/reeva-empire-1/Desktop/gov.in-audit/reports/b2cf9191-a1a3-4eea-bd63-f3d5e82d9c01.report.json to R2
[2024-10-22T02:33:39.243Z] Successfully uploaded /home/reeva-empire-1/Desktop/gov.in-audit/reports/b6ce9c5e-4f36-4a7d-ba45-027cb99338f7.report.html to R2
[2024-10-22T02:33:39.691Z] Successfully uploaded /home/reeva-empire-1/Desktop/gov.in-audit/reports/11516d27-15f9-443e-9d0b-9b0ce2ead157.report.html to R2
[2024-10-22T02:33:40.001Z] Updated status for b6ce9c5e-4f36-4a7d-ba45-027cb99338f7 to completed
[2024-10-22T02:33:40.001Z] Audit completed for https://jalapahar.cantt.gov.in in 167.69 seconds
[2024-10-22T02:33:40.001Z] Starting audit for https://jalandhar.cantt.gov.in
[2024-10-22T02:33:40.040Z] Successfully uploaded /home/reeva-empire-1/Desktop/gov.in-audit/reports/b2cf9191-a1a3-4eea-bd63-f3d5e82d9c01.report.html to R2
[2024-10-22T02:33:40.084Z] Updated status for 11516d27-15f9-443e-9d0b-9b0ce2ead157 to completed
[2024-10-22T02:33:40.084Z] Audit completed for https://avnl.co.in in 28.43 seconds
[2024-10-22T02:33:40.084Z] Starting audit for https://echs.gov.in
[2024-10-22T02:33:40.294Z] Updated status for 27e1d1b8-549e-4235-bb89-9a1c1903c60a to in-progress
[2024-10-22T02:33:40.294Z] Running Lighthouse for https://jalandhar.cantt.gov.in
[2024-10-22T02:33:59.979Z] Uploading reports for https://jalandhar.cantt.gov.in
[2024-10-22T02:33:59.984Z] Updated status for b2cf9191-a1a3-4eea-bd63-f3d5e82d9c01 to completed
[2024-10-22T02:33:59.984Z] Audit completed for https://dgrindia.gov.in in 109.66 seconds
[2024-10-22T02:33:59.984Z] Starting audit for https://ndc.nic.in
[2024-10-22T02:33:59.986Z] Updated status for 2a1831a3-3dcc-4829-8fbe-c49bc6200f4d to in-progress
[2024-10-22T02:33:59.986Z] Running Lighthouse for https://echs.gov.in
Invalid dependency graph created, cycle detected
[2024-10-22T02:34:15.452Z] Uploading reports for https://echs.gov.in
[2024-10-22T02:34:15.457Z] Successfully uploaded /home/reeva-empire-1/Desktop/gov.in-audit/reports/cee7e2cf-2971-4bc8-b488-d6ff37de4515.report.json to R2
[2024-10-22T02:34:15.464Z] Successfully uploaded /home/reeva-empire-1/Desktop/gov.in-audit/reports/89458194-148a-42c9-b5b5-9571dd8147ae.report.json to R2
[2024-10-22T02:34:15.470Z] Updated status for dcbe20ba-14f2-4bc1-a330-bb8e985287e7 to in-progress
[2024-10-22T02:34:15.470Z] Running Lighthouse for https://ndc.nic.in
[2024-10-22T02:35:10.250Z] Uploading reports for https://ndc.nic.in
[2024-10-22T02:35:10.909Z] Successfully uploaded /home/reeva-empire-1/Desktop/gov.in-audit/reports/dcbe20ba-14f2-4bc1-a330-bb8e985287e7.report.json to R2
[2024-10-22T02:35:11.206Z] Successfully uploaded /home/reeva-empire-1/Desktop/gov.in-audit/reports/27e1d1b8-549e-4235-bb89-9a1c1903c60a.report.json to R2
[2024-10-22T02:35:11.355Z] Successfully uploaded /home/reeva-empire-1/Desktop/gov.in-audit/reports/cee7e2cf-2971-4bc8-b488-d6ff37de4515.report.html to R2
[2024-10-22T02:35:11.522Z] Successfully uploaded /home/reeva-empire-1/Desktop/gov.in-audit/reports/dcbe20ba-14f2-4bc1-a330-bb8e985287e7.report.html to R2
[2024-10-22T02:35:11.685Z] Successfully uploaded /home/reeva-empire-1/Desktop/gov.in-audit/reports/89458194-148a-42c9-b5b5-9571dd8147ae.report.html to R2
[2024-10-22T02:35:11.839Z] Updated status for dcbe20ba-14f2-4bc1-a330-bb8e985287e7 to completed
[2024-10-22T02:35:11.840Z] Audit completed for https://ndc.nic.in in 56.05 seconds
[2024-10-22T02:35:11.840Z] Starting audit for https://bareilly.cantt.gov.in
[2024-10-22T02:35:12.126Z] Successfully uploaded /home/reeva-empire-1/Desktop/gov.in-audit/reports/27e1d1b8-549e-4235-bb89-9a1c1903c60a.report.html to R2
[2024-10-22T02:35:12.176Z] Updated status for cee7e2cf-2971-4bc8-b488-d6ff37de4515 to completed
[2024-10-22T02:35:12.176Z] Audit completed for https://www.bemlindia.in in 693.65 seconds
[2024-10-22T02:35:12.176Z] Starting audit for https://www.berhampur.gov.in
[2024-10-22T02:35:12.445Z] Updated status for 27e1d1b8-549e-4235-bb89-9a1c1903c60a to completed
[2024-10-22T02:35:12.445Z] Audit completed for https://jalandhar.cantt.gov.in in 91.83 seconds
[2024-10-22T02:35:12.445Z] Starting audit for https://indiannavy.nic.in/nih/home
[2024-10-22T02:35:12.485Z] Updated status for aa458098-532d-4ead-8f9a-eb8fe987bc21 to in-progress
[2024-10-22T02:35:12.485Z] Running Lighthouse for https://bareilly.cantt.gov.in
[2024-10-22T02:35:33.672Z] Uploading reports for https://bareilly.cantt.gov.in
[2024-10-22T02:35:33.676Z] Updated status for 89458194-148a-42c9-b5b5-9571dd8147ae to completed
[2024-10-22T02:35:33.676Z] Audit completed for https://www.nimindia.net in 959.39 seconds
[2024-10-22T02:35:33.676Z] Starting audit for https://sscbindia.in
[2024-10-22T02:35:33.678Z] Updated status for 195b0e8a-2280-4325-ac02-02676367b326 to in-progress
[2024-10-22T02:35:33.678Z] Running Lighthouse for https://www.berhampur.gov.in
[2024-10-22T02:35:55.401Z] Uploading reports for https://www.berhampur.gov.in
[2024-10-22T02:35:55.406Z] Updated status for 82090522-e563-4b79-93eb-5de9e4de8904 to in-progress
[2024-10-22T02:35:55.406Z] Running Lighthouse for https://indiannavy.nic.in/nih/home
Runtime error encountered: The page did not paint any content. Please ensure you keep the browser window in the foreground during the load and try again. (NO_FCP)
[2024-10-22T02:38:13.468Z] Failed to audit https://indiannavy.nic.in/nih/home: Command failed: lighthouse https://indiannavy.nic.in/nih/home --chrome-flags="--headless --no-sandbox --disable-gpu --ignore-certificate-errors" --output json --output html --output-path /home/reeva-empire-1/Desktop/gov.in-audit/reports/82090522-e563-4b79-93eb-5de9e4de8904 --quiet
[2024-10-22T02:38:13.469Z] Successfully uploaded /home/reeva-empire-1/Desktop/gov.in-audit/reports/2a1831a3-3dcc-4829-8fbe-c49bc6200f4d.report.json to R2
[2024-10-22T02:38:13.478Z] Updated status for 0f7fcdc9-9b76-40dd-827c-0383d4ba9cc5 to in-progress
[2024-10-22T02:38:13.478Z] Running Lighthouse for https://sscbindia.in
[2024-10-22T02:38:27.919Z] Uploading reports for https://sscbindia.in
[2024-10-22T02:38:27.936Z] Updated status for 82090522-e563-4b79-93eb-5de9e4de8904 to failed
[2024-10-22T02:38:27.936Z] Starting audit for https://www.cbdelhi.in
[2024-10-22T02:38:28.333Z] Updated status for a8fd6869-bf81-4aee-8dbe-86b1fbc98c03 to in-progress
[2024-10-22T02:38:28.334Z] Running Lighthouse for https://www.cbdelhi.in
Invalid dependency graph created, cycle detected
[2024-10-22T02:38:47.518Z] Uploading reports for https://www.cbdelhi.in
[2024-10-22T02:38:47.526Z] Successfully uploaded /home/reeva-empire-1/Desktop/gov.in-audit/reports/0f7fcdc9-9b76-40dd-827c-0383d4ba9cc5.report.json to R2
[2024-10-22T02:38:47.531Z] Successfully uploaded /home/reeva-empire-1/Desktop/gov.in-audit/reports/aa458098-532d-4ead-8f9a-eb8fe987bc21.report.json to R2
[2024-10-22T02:38:47.535Z] Successfully uploaded /home/reeva-empire-1/Desktop/gov.in-audit/reports/2a1831a3-3dcc-4829-8fbe-c49bc6200f4d.report.html to R2
[2024-10-22T02:38:47.863Z] Updated status for 2a1831a3-3dcc-4829-8fbe-c49bc6200f4d to completed
[2024-10-22T02:38:47.863Z] Audit completed for https://echs.gov.in in 287.55 seconds
[2024-10-22T02:38:47.863Z] Starting audit for https://bncmc.gov.in
[2024-10-22T02:38:48.231Z] Successfully uploaded /home/reeva-empire-1/Desktop/gov.in-audit/reports/aa458098-532d-4ead-8f9a-eb8fe987bc21.report.html to R2
[2024-10-22T02:38:48.365Z] Successfully uploaded /home/reeva-empire-1/Desktop/gov.in-audit/reports/0f7fcdc9-9b76-40dd-827c-0383d4ba9cc5.report.html to R2
[2024-10-22T02:38:48.537Z] Updated status for aa458098-532d-4ead-8f9a-eb8fe987bc21 to completed
[2024-10-22T02:38:48.537Z] Audit completed for https://bareilly.cantt.gov.in in 215.75 seconds
[2024-10-22T02:38:48.537Z] Starting audit for https://sainikschoolsociety.in
[2024-10-22T02:38:48.694Z] Successfully uploaded /home/reeva-empire-1/Desktop/gov.in-audit/reports/195b0e8a-2280-4325-ac02-02676367b326.report.json to R2
[2024-10-22T02:38:48.854Z] Updated status for dfdcffc5-a7cd-4d3d-aa49-95553ebf0a1b to in-progress
[2024-10-22T02:38:48.854Z] Running Lighthouse for https://sainikschoolsociety.in
[2024-10-22T02:39:13.654Z] Uploading reports for https://sainikschoolsociety.in
[2024-10-22T02:39:13.659Z] Successfully uploaded /home/reeva-empire-1/Desktop/gov.in-audit/reports/a8fd6869-bf81-4aee-8dbe-86b1fbc98c03.report.json to R2
[2024-10-22T02:39:13.665Z] Successfully uploaded /home/reeva-empire-1/Desktop/gov.in-audit/reports/195b0e8a-2280-4325-ac02-02676367b326.report.html to R2
[2024-10-22T02:39:13.667Z] Error updating status for ae896a84-15fa-49a5-8ae3-1b41139f2f4e: Failed to update status for ae896a84-15fa-49a5-8ae3-1b41139f2f4e: TypeError: fetch failed
[2024-10-22T02:39:13.667Z] Running Lighthouse for https://bncmc.gov.in
[2024-10-22T02:39:39.971Z] Uploading reports for https://bncmc.gov.in
[2024-10-22T02:39:39.976Z] Error updating status for 0f7fcdc9-9b76-40dd-827c-0383d4ba9cc5: Failed to update status for 0f7fcdc9-9b76-40dd-827c-0383d4ba9cc5: TypeError: fetch failed
[2024-10-22T02:39:39.976Z] Audit completed for https://sscbindia.in in 34.89 seconds
[2024-10-22T02:39:39.976Z] Starting audit for https://sevasamadhan.bihar.gov.in
[2024-10-22T02:39:39.981Z] Updated status for 195b0e8a-2280-4325-ac02-02676367b326 to completed
[2024-10-22T02:39:39.981Z] Audit completed for https://www.berhampur.gov.in in 219.99 seconds
[2024-10-22T02:39:39.981Z] Starting audit for https://ortpsa.odisha.gov.in
[2024-10-22T02:39:40.336Z] Updated status for 81017ac6-3502-4abb-9800-28b1893d89fd to in-progress
[2024-10-22T02:39:40.336Z] Running Lighthouse for https://sevasamadhan.bihar.gov.in
[2024-10-22T02:40:06.247Z] Uploading reports for https://sevasamadhan.bihar.gov.in
[2024-10-22T02:40:06.252Z] Updated status for cd233c03-c641-4b11-99fa-fcf8e5781e57 to in-progress
[2024-10-22T02:40:06.252Z] Running Lighthouse for https://ortpsa.odisha.gov.in
[2024-10-22T02:40:27.895Z] Uploading reports for https://ortpsa.odisha.gov.in
[2024-10-22T02:40:27.901Z] Successfully uploaded /home/reeva-empire-1/Desktop/gov.in-audit/reports/dfdcffc5-a7cd-4d3d-aa49-95553ebf0a1b.report.json to R2
[2024-10-22T02:40:27.906Z] Successfully uploaded /home/reeva-empire-1/Desktop/gov.in-audit/reports/ae896a84-15fa-49a5-8ae3-1b41139f2f4e.report.json to R2
[2024-10-22T02:40:28.545Z] Successfully uploaded /home/reeva-empire-1/Desktop/gov.in-audit/reports/dfdcffc5-a7cd-4d3d-aa49-95553ebf0a1b.report.html to R2
[2024-10-22T02:40:28.967Z] Successfully uploaded /home/reeva-empire-1/Desktop/gov.in-audit/reports/81017ac6-3502-4abb-9800-28b1893d89fd.report.json to R2
[2024-10-22T02:40:28.985Z] Updated status for dfdcffc5-a7cd-4d3d-aa49-95553ebf0a1b to completed
[2024-10-22T02:40:28.985Z] Audit completed for https://sainikschoolsociety.in in 99.69 seconds
[2024-10-22T02:40:28.985Z] Starting audit for https://gac.gov.in
[2024-10-22T02:40:29.080Z] Successfully uploaded /home/reeva-empire-1/Desktop/gov.in-audit/reports/cd233c03-c641-4b11-99fa-fcf8e5781e57.report.json to R2
[2024-10-22T02:40:29.313Z] Successfully uploaded /home/reeva-empire-1/Desktop/gov.in-audit/reports/a8fd6869-bf81-4aee-8dbe-86b1fbc98c03.report.html to R2
[2024-10-22T02:40:29.407Z] Updated status for 57b639ab-be23-4bd1-8d18-1c8c581e3726 to in-progress
[2024-10-22T02:40:29.408Z] Running Lighthouse for https://gac.gov.in
[2024-10-22T02:40:47.530Z] Uploading reports for https://gac.gov.in
[2024-10-22T02:40:47.534Z] Updated status for a8fd6869-bf81-4aee-8dbe-86b1fbc98c03 to completed
[2024-10-22T02:40:47.534Z] Audit completed for https://www.cbdelhi.in in 120.98 seconds
[2024-10-22T02:40:47.534Z] Starting audit for https://stampsregistration.gujarat.gov.in
[2024-10-22T02:40:47.535Z] Successfully uploaded /home/reeva-empire-1/Desktop/gov.in-audit/reports/81017ac6-3502-4abb-9800-28b1893d89fd.report.html to R2
[2024-10-22T02:40:47.537Z] Successfully uploaded /home/reeva-empire-1/Desktop/gov.in-audit/reports/ae896a84-15fa-49a5-8ae3-1b41139f2f4e.report.html to R2
[2024-10-22T02:40:47.839Z] Updated status for 4be99f65-d42a-4720-8652-cc9e6ec67f94 to in-progress
[2024-10-22T02:40:47.839Z] Running Lighthouse for https://stampsregistration.gujarat.gov.in
[2024-10-22T02:41:04.131Z] Uploading reports for https://stampsregistration.gujarat.gov.in
[2024-10-22T02:41:04.135Z] Updated status for ae896a84-15fa-49a5-8ae3-1b41139f2f4e to completed
[2024-10-22T02:41:04.135Z] Audit completed for https://bncmc.gov.in in 93.87 seconds
[2024-10-22T02:41:04.135Z] Starting audit for https://jammu.cantt.gov.in
[2024-10-22T02:41:04.136Z] Updated status for 81017ac6-3502-4abb-9800-28b1893d89fd to completed
[2024-10-22T02:41:04.136Z] Audit completed for https://sevasamadhan.bihar.gov.in in 67.20 seconds
[2024-10-22T02:41:04.136Z] Starting audit for https://varanasi.cantt.gov.in
[2024-10-22T02:41:04.137Z] Successfully uploaded /home/reeva-empire-1/Desktop/gov.in-audit/reports/57b639ab-be23-4bd1-8d18-1c8c581e3726.report.json to R2
[2024-10-22T02:41:04.144Z] Successfully uploaded /home/reeva-empire-1/Desktop/gov.in-audit/reports/cd233c03-c641-4b11-99fa-fcf8e5781e57.report.html to R2
[2024-10-22T02:41:04.434Z] Updated status for d63b096a-1ec2-4df1-a458-d74333689412 to in-progress
[2024-10-22T02:41:04.434Z] Running Lighthouse for https://varanasi.cantt.gov.in
[2024-10-22T02:41:27.526Z] Uploading reports for https://varanasi.cantt.gov.in
[2024-10-22T02:41:27.530Z] Updated status for 3587cdb0-4ec1-444c-b159-557f8902b188 to in-progress
[2024-10-22T02:41:27.530Z] Running Lighthouse for https://jammu.cantt.gov.in
[2024-10-22T02:41:48.722Z] Uploading reports for https://jammu.cantt.gov.in
[2024-10-22T02:41:48.728Z] Updated status for cd233c03-c641-4b11-99fa-fcf8e5781e57 to completed
[2024-10-22T02:41:48.728Z] Audit completed for https://ortpsa.odisha.gov.in in 57.89 seconds
[2024-10-22T02:41:48.728Z] Starting audit for https://belgaum.cantt.gov.in
[2024-10-22T02:41:49.051Z] Updated status for 154eb212-24d6-4353-a183-7e66d3f69752 to in-progress
[2024-10-22T02:41:49.051Z] Running Lighthouse for https://belgaum.cantt.gov.in
[2024-10-22T02:42:26.698Z] Uploading reports for https://belgaum.cantt.gov.in
[2024-10-22T02:42:26.704Z] Successfully uploaded /home/reeva-empire-1/Desktop/gov.in-audit/reports/3587cdb0-4ec1-444c-b159-557f8902b188.report.json to R2
[2024-10-22T02:42:27.387Z] Successfully uploaded /home/reeva-empire-1/Desktop/gov.in-audit/reports/3587cdb0-4ec1-444c-b159-557f8902b188.report.html to R2
[2024-10-22T02:42:27.607Z] Successfully uploaded /home/reeva-empire-1/Desktop/gov.in-audit/reports/154eb212-24d6-4353-a183-7e66d3f69752.report.json to R2
[2024-10-22T02:42:27.667Z] Successfully uploaded /home/reeva-empire-1/Desktop/gov.in-audit/reports/4be99f65-d42a-4720-8652-cc9e6ec67f94.report.json to R2
[2024-10-22T02:42:27.775Z] Updated status for 3587cdb0-4ec1-444c-b159-557f8902b188 to completed
[2024-10-22T02:42:27.775Z] Audit completed for https://jammu.cantt.gov.in in 59.86 seconds
[2024-10-22T02:42:27.775Z] Starting audit for https://jabalpur.cantt.gov.in
[2024-10-22T02:42:27.870Z] Successfully uploaded /home/reeva-empire-1/Desktop/gov.in-audit/reports/57b639ab-be23-4bd1-8d18-1c8c581e3726.report.html to R2
[2024-10-22T02:42:28.072Z] Updated status for d9d36027-4eea-4bdc-99de-ed4c50b9789b to in-progress
[2024-10-22T02:42:28.072Z] Running Lighthouse for https://jabalpur.cantt.gov.in
[2024-10-22T02:42:47.961Z] Uploading reports for https://jabalpur.cantt.gov.in
[2024-10-22T02:42:47.967Z] Updated status for 57b639ab-be23-4bd1-8d18-1c8c581e3726 to completed
[2024-10-22T02:42:47.968Z] Audit completed for https://gac.gov.in in 118.46 seconds
[2024-10-22T02:42:47.968Z] Starting audit for https://fatehgarh.cantt.gov.in
[2024-10-22T02:42:47.971Z] Successfully uploaded /home/reeva-empire-1/Desktop/gov.in-audit/reports/154eb212-24d6-4353-a183-7e66d3f69752.report.html to R2
[2024-10-22T02:42:47.974Z] Successfully uploaded /home/reeva-empire-1/Desktop/gov.in-audit/reports/d63b096a-1ec2-4df1-a458-d74333689412.report.json to R2
[2024-10-22T02:42:47.980Z] Successfully uploaded /home/reeva-empire-1/Desktop/gov.in-audit/reports/4be99f65-d42a-4720-8652-cc9e6ec67f94.report.html to R2
[2024-10-22T02:42:48.267Z] Updated status for 46ede277-41f8-47a0-954c-bbf3d9a8b8f0 to in-progress
[2024-10-22T02:42:48.267Z] Running Lighthouse for https://fatehgarh.cantt.gov.in
[2024-10-22T02:43:08.160Z] Uploading reports for https://fatehgarh.cantt.gov.in
[2024-10-22T02:43:08.166Z] Updated status for 154eb212-24d6-4353-a183-7e66d3f69752 to completed
[2024-10-22T02:43:08.166Z] Audit completed for https://belgaum.cantt.gov.in in 58.92 seconds
[2024-10-22T02:43:08.166Z] Starting audit for https://ap.meeseva.gov.in
[2024-10-22T02:43:08.167Z] Updated status for 4be99f65-d42a-4720-8652-cc9e6ec67f94 to completed
[2024-10-22T02:43:08.167Z] Audit completed for https://stampsregistration.gujarat.gov.in in 120.14 seconds
[2024-10-22T02:43:08.167Z] Starting audit for https://ccpgoa.com
[2024-10-22T02:43:08.169Z] Successfully uploaded /home/reeva-empire-1/Desktop/gov.in-audit/reports/d63b096a-1ec2-4df1-a458-d74333689412.report.html to R2
[2024-10-22T02:43:08.471Z] Updated status for a6711030-0770-4214-8b92-21bb073f1e01 to in-progress
[2024-10-22T02:43:08.472Z] Running Lighthouse for https://ccpgoa.com
[2024-10-22T02:43:31.458Z] Uploading reports for https://ccpgoa.com
[2024-10-22T02:43:31.463Z] Updated status for 49d1c883-a6d7-4cbd-8a60-0737e46992d5 to in-progress
[2024-10-22T02:43:31.463Z] Running Lighthouse for https://ap.meeseva.gov.in
Invalid dependency graph created, cycle detected
[2024-10-22T02:43:51.829Z] Uploading reports for https://ap.meeseva.gov.in
[2024-10-22T02:43:51.834Z] Updated status for d63b096a-1ec2-4df1-a458-d74333689412 to completed
[2024-10-22T02:43:51.834Z] Audit completed for https://varanasi.cantt.gov.in in 123.74 seconds
[2024-10-22T02:43:51.834Z] Starting audit for https://stm.cantt.gov.in
[2024-10-22T02:43:51.835Z] Successfully uploaded /home/reeva-empire-1/Desktop/gov.in-audit/reports/46ede277-41f8-47a0-954c-bbf3d9a8b8f0.report.json to R2
[2024-10-22T02:43:52.145Z] Updated status for 1d007fde-f3d5-4a71-a535-0139344d5b8e to in-progress
[2024-10-22T02:43:52.145Z] Running Lighthouse for https://stm.cantt.gov.in
[2024-10-22T02:44:17.815Z] Uploading reports for https://stm.cantt.gov.in
[2024-10-22T02:44:17.821Z] Error uploading /home/reeva-empire-1/Desktop/gov.in-audit/reports/d9d36027-4eea-4bdc-99de-ed4c50b9789b.report.json to R2: read ECONNRESET
[2024-10-22T02:44:17.821Z] Attempt 1 failed, retrying...
[2024-10-22T02:44:17.822Z] Successfully uploaded /home/reeva-empire-1/Desktop/gov.in-audit/reports/46ede277-41f8-47a0-954c-bbf3d9a8b8f0.report.html to R2
[2024-10-22T02:44:17.823Z] Successfully uploaded /home/reeva-empire-1/Desktop/gov.in-audit/reports/49d1c883-a6d7-4cbd-8a60-0737e46992d5.report.json to R2
[2024-10-22T02:44:18.564Z] Successfully uploaded /home/reeva-empire-1/Desktop/gov.in-audit/reports/a6711030-0770-4214-8b92-21bb073f1e01.report.json to R2
[2024-10-22T02:44:18.571Z] Successfully uploaded /home/reeva-empire-1/Desktop/gov.in-audit/reports/49d1c883-a6d7-4cbd-8a60-0737e46992d5.report.html to R2
[2024-10-22T02:44:18.844Z] Updated status for 46ede277-41f8-47a0-954c-bbf3d9a8b8f0 to completed
[2024-10-22T02:44:18.844Z] Audit completed for https://fatehgarh.cantt.gov.in in 89.56 seconds
[2024-10-22T02:44:18.844Z] Starting audit for https://munitionsindia.in
[2024-10-22T02:44:18.880Z] Updated status for 49d1c883-a6d7-4cbd-8a60-0737e46992d5 to completed
[2024-10-22T02:44:18.880Z] Audit completed for https://ap.meeseva.gov.in in 47.11 seconds
[2024-10-22T02:44:18.880Z] Starting audit for https://cdarndhyd.gov.in
[2024-10-22T02:44:18.890Z] Successfully uploaded /home/reeva-empire-1/Desktop/gov.in-audit/reports/1d007fde-f3d5-4a71-a535-0139344d5b8e.report.json to R2
[2024-10-22T02:44:19.202Z] Successfully uploaded /home/reeva-empire-1/Desktop/gov.in-audit/reports/a6711030-0770-4214-8b92-21bb073f1e01.report.html to R2
[2024-10-22T02:44:19.241Z] Updated status for a7fcd43b-0809-46f1-aa92-cee97dee4e3f to in-progress
[2024-10-22T02:44:19.241Z] Running Lighthouse for https://munitionsindia.in
Runtime error encountered: Chrome prevented page load with an interstitial. Make sure you are testing the correct URL and that the server is properly responding to all requests.
[2024-10-22T02:44:26.567Z] Failed to audit https://munitionsindia.in: Command failed: lighthouse https://munitionsindia.in --chrome-flags="--headless --no-sandbox --disable-gpu --ignore-certificate-errors" --output json --output html --output-path /home/reeva-empire-1/Desktop/gov.in-audit/reports/a7fcd43b-0809-46f1-aa92-cee97dee4e3f --quiet
[2024-10-22T02:44:26.569Z] Updated status for a6711030-0770-4214-8b92-21bb073f1e01 to completed
[2024-10-22T02:44:26.569Z] Audit completed for https://ccpgoa.com in 70.73 seconds
[2024-10-22T02:44:26.569Z] Starting audit for https://www.rashtriyamilitaryschools.edu.in
[2024-10-22T02:44:26.571Z] Updated status for cef74c85-fb59-4519-a9d1-dfd68bb096b8 to in-progress
[2024-10-22T02:44:26.571Z] Running Lighthouse for https://cdarndhyd.gov.in
Runtime error encountered: The page did not paint any content. Please ensure you keep the browser window in the foreground during the load and try again. (NO_FCP)
[2024-10-22T02:46:45.406Z] Failed to audit https://cdarndhyd.gov.in: Command failed: lighthouse https://cdarndhyd.gov.in --chrome-flags="--headless --no-sandbox --disable-gpu --ignore-certificate-errors" --output json --output html --output-path /home/reeva-empire-1/Desktop/gov.in-audit/reports/cef74c85-fb59-4519-a9d1-dfd68bb096b8 --quiet
[2024-10-22T02:46:45.409Z] Successfully uploaded /home/reeva-empire-1/Desktop/gov.in-audit/reports/d9d36027-4eea-4bdc-99de-ed4c50b9789b.report.json to R2
[2024-10-22T02:46:45.413Z] Successfully uploaded /home/reeva-empire-1/Desktop/gov.in-audit/reports/1d007fde-f3d5-4a71-a535-0139344d5b8e.report.html to R2
[2024-10-22T02:46:45.414Z] Updated status for de6af8d3-383b-46e3-bf49-65ed4321f081 to in-progress
[2024-10-22T02:46:45.414Z] Running Lighthouse for https://www.rashtriyamilitaryschools.edu.in
[2024-10-22T02:47:02.405Z] Uploading reports for https://www.rashtriyamilitaryschools.edu.in
[2024-10-22T02:47:02.409Z] Error updating status for a7fcd43b-0809-46f1-aa92-cee97dee4e3f: Failed to update status for a7fcd43b-0809-46f1-aa92-cee97dee4e3f: TypeError: fetch failed
[2024-10-22T02:47:02.410Z] Starting audit for https://www.pcdasc.gov.in
[2024-10-22T02:47:02.413Z] Updated status for 1d007fde-f3d5-4a71-a535-0139344d5b8e to completed
[2024-10-22T02:47:02.413Z] Audit completed for https://stm.cantt.gov.in in 173.27 seconds
[2024-10-22T02:47:02.413Z] Starting audit for https://www.troopcomfortslimited.co.in
[2024-10-22T02:47:02.415Z] Error updating status for cef74c85-fb59-4519-a9d1-dfd68bb096b8: Failed to update status for cef74c85-fb59-4519-a9d1-dfd68bb096b8: TypeError: fetch failed
[2024-10-22T02:47:02.416Z] Starting audit for https://mes.gov.in
[2024-10-22T02:47:02.719Z] Updated status for 8e95e639-154d-42b7-bce3-909fbb922383 to in-progress
[2024-10-22T02:47:02.720Z] Running Lighthouse for https://www.pcdasc.gov.in
Invalid dependency graph created, cycle detected
[2024-10-22T02:47:20.875Z] Uploading reports for https://www.pcdasc.gov.in
[2024-10-22T02:47:20.879Z] Updated status for 60018a3a-5aea-49e9-8439-a2a3073734dd to in-progress
[2024-10-22T02:47:20.879Z] Running Lighthouse for https://www.troopcomfortslimited.co.in
[2024-10-22T02:47:48.282Z] Uploading reports for https://www.troopcomfortslimited.co.in
[2024-10-22T02:47:48.287Z] Updated status for 5a24abbb-2677-4530-8041-0b3601383988 to in-progress
[2024-10-22T02:47:48.287Z] Running Lighthouse for https://mes.gov.in
[2024-10-22T02:48:16.377Z] Uploading reports for https://mes.gov.in
[2024-10-22T02:48:16.382Z] Successfully uploaded /home/reeva-empire-1/Desktop/gov.in-audit/reports/de6af8d3-383b-46e3-bf49-65ed4321f081.report.json to R2
[2024-10-22T02:48:16.389Z] Successfully uploaded /home/reeva-empire-1/Desktop/gov.in-audit/reports/d9d36027-4eea-4bdc-99de-ed4c50b9789b.report.html to R2
[2024-10-22T02:48:16.718Z] Updated status for d9d36027-4eea-4bdc-99de-ed4c50b9789b to completed
[2024-10-22T02:48:16.719Z] Audit completed for https://jabalpur.cantt.gov.in in 348.32 seconds
[2024-10-22T02:48:16.719Z] Starting audit for https://nainital.cantt.gov.in
[2024-10-22T02:48:17.125Z] Successfully uploaded /home/reeva-empire-1/Desktop/gov.in-audit/reports/8e95e639-154d-42b7-bce3-909fbb922383.report.json to R2
[2024-10-22T02:48:17.155Z] Updated status for dec93de0-1023-4e94-88c5-f9a8e32e9d16 to in-progress
[2024-10-22T02:48:17.155Z] Running Lighthouse for https://nainital.cantt.gov.in
[2024-10-22T02:48:41.634Z] Uploading reports for https://nainital.cantt.gov.in
[2024-10-22T02:48:41.642Z] Successfully uploaded /home/reeva-empire-1/Desktop/gov.in-audit/reports/60018a3a-5aea-49e9-8439-a2a3073734dd.report.json to R2
[2024-10-22T02:48:41.648Z] Successfully uploaded /home/reeva-empire-1/Desktop/gov.in-audit/reports/5a24abbb-2677-4530-8041-0b3601383988.report.json to R2
[2024-10-22T02:48:41.656Z] Successfully uploaded /home/reeva-empire-1/Desktop/gov.in-audit/reports/de6af8d3-383b-46e3-bf49-65ed4321f081.report.html to R2
[2024-10-22T02:48:41.957Z] Updated status for de6af8d3-383b-46e3-bf49-65ed4321f081 to completed
[2024-10-22T02:48:41.957Z] Audit completed for https://www.rashtriyamilitaryschools.edu.in in 116.24 seconds
[2024-10-22T02:48:41.957Z] Starting audit for https://kasauli.cantt.gov.in
[2024-10-22T02:48:42.245Z] Updated status for e0d48741-2581-49bb-be73-850ca5c5cc67 to in-progress
[2024-10-22T02:48:42.245Z] Running Lighthouse for https://kasauli.cantt.gov.in
[2024-10-22T02:49:03.774Z] Uploading reports for https://kasauli.cantt.gov.in
[2024-10-22T02:49:03.781Z] Successfully uploaded /home/reeva-empire-1/Desktop/gov.in-audit/reports/60018a3a-5aea-49e9-8439-a2a3073734dd.report.html to R2
[2024-10-22T02:49:03.785Z] Successfully uploaded /home/reeva-empire-1/Desktop/gov.in-audit/reports/dec93de0-1023-4e94-88c5-f9a8e32e9d16.report.json to R2
[2024-10-22T02:49:03.791Z] Successfully uploaded /home/reeva-empire-1/Desktop/gov.in-audit/reports/8e95e639-154d-42b7-bce3-909fbb922383.report.html to R2
[2024-10-22T02:49:03.793Z] Successfully uploaded /home/reeva-empire-1/Desktop/gov.in-audit/reports/5a24abbb-2677-4530-8041-0b3601383988.report.html to R2
[2024-10-22T02:49:04.110Z] Updated status for 8e95e639-154d-42b7-bce3-909fbb922383 to completed
[2024-10-22T02:49:04.110Z] Audit completed for https://www.pcdasc.gov.in in 121.07 seconds
[2024-10-22T02:49:04.110Z] Starting audit for https://ddpdoo.gov.in/units/RFI
[2024-10-22T02:49:04.475Z] Updated status for d1e28d82-9b7b-43a8-b860-379db2160e9c to in-progress
[2024-10-22T02:49:04.475Z] Running Lighthouse for https://ddpdoo.gov.in/units/RFI
[2024-10-22T02:49:24.310Z] Uploading reports for https://ddpdoo.gov.in/units/RFI
[2024-10-22T02:49:24.318Z] Successfully uploaded /home/reeva-empire-1/Desktop/gov.in-audit/reports/dec93de0-1023-4e94-88c5-f9a8e32e9d16.report.html to R2
[2024-10-22T02:49:24.320Z] Updated status for 60018a3a-5aea-49e9-8439-a2a3073734dd to completed
[2024-10-22T02:49:24.320Z] Audit completed for https://www.troopcomfortslimited.co.in in 102.90 seconds
[2024-10-22T02:49:24.320Z] Starting audit for https://allahabad.cantt.gov.in
[2024-10-22T02:49:24.321Z] Successfully uploaded /home/reeva-empire-1/Desktop/gov.in-audit/reports/e0d48741-2581-49bb-be73-850ca5c5cc67.report.json to R2
[2024-10-22T02:49:24.325Z] Updated status for 5a24abbb-2677-4530-8041-0b3601383988 to completed
[2024-10-22T02:49:24.325Z] Audit completed for https://mes.gov.in in 75.51 seconds
[2024-10-22T02:49:24.325Z] Starting audit for https://cdm.ap.nic.in
[2024-10-22T02:49:24.624Z] Updated status for 7e0bcd46-ea09-4015-9a83-6e0d18500d71 to in-progress
[2024-10-22T02:49:24.624Z] Running Lighthouse for https://allahabad.cantt.gov.in
[2024-10-22T02:49:50.575Z] Uploading reports for https://allahabad.cantt.gov.in
[2024-10-22T02:49:50.584Z] Updated status for 70e280ac-74b5-46c5-a928-f98182984368 to in-progress
[2024-10-22T02:49:50.584Z] Running Lighthouse for https://cdm.ap.nic.in
Runtime error encountered: Chrome prevented page load with an interstitial. Make sure you are testing the correct URL and that the server is properly responding to all requests.
[2024-10-22T02:49:57.839Z] Failed to audit https://cdm.ap.nic.in: Command failed: lighthouse https://cdm.ap.nic.in --chrome-flags="--headless --no-sandbox --disable-gpu --ignore-certificate-errors" --output json --output html --output-path /home/reeva-empire-1/Desktop/gov.in-audit/reports/70e280ac-74b5-46c5-a928-f98182984368 --quiet
[2024-10-22T02:49:57.841Z] Updated status for dec93de0-1023-4e94-88c5-f9a8e32e9d16 to completed
[2024-10-22T02:49:57.841Z] Audit completed for https://nainital.cantt.gov.in in 67.16 seconds
[2024-10-22T02:49:57.841Z] Starting audit for https://rac.gov.in
[2024-10-22T02:49:57.842Z] Successfully uploaded /home/reeva-empire-1/Desktop/gov.in-audit/reports/d1e28d82-9b7b-43a8-b860-379db2160e9c.report.json to R2
[2024-10-22T02:49:58.145Z] Updated status for 70e280ac-74b5-46c5-a928-f98182984368 to failed
[2024-10-22T02:49:58.145Z] Starting audit for https://ajmer.cantt.gov.in
[2024-10-22T02:49:58.157Z] Updated status for 8d9cc0f5-5444-491f-9fee-2442b72dacf2 to in-progress
[2024-10-22T02:49:58.157Z] Running Lighthouse for https://rac.gov.in
Invalid dependency graph created, cycle detected
[2024-10-22T02:50:13.669Z] Uploading reports for https://rac.gov.in
[2024-10-22T02:50:13.675Z] Updated status for 7d7c845f-79ab-4c9f-88fd-0e821dc4f4c2 to in-progress
[2024-10-22T02:50:13.675Z] Running Lighthouse for https://ajmer.cantt.gov.in
[2024-10-22T02:50:35.262Z] Uploading reports for https://ajmer.cantt.gov.in
[2024-10-22T02:50:35.269Z] Successfully uploaded /home/reeva-empire-1/Desktop/gov.in-audit/reports/7e0bcd46-ea09-4015-9a83-6e0d18500d71.report.json to R2
[2024-10-22T02:50:35.275Z] Successfully uploaded /home/reeva-empire-1/Desktop/gov.in-audit/reports/d1e28d82-9b7b-43a8-b860-379db2160e9c.report.html to R2
[2024-10-22T02:50:35.591Z] Updated status for d1e28d82-9b7b-43a8-b860-379db2160e9c to completed
[2024-10-22T02:50:35.591Z] Audit completed for https://ddpdoo.gov.in/units/RFI in 90.80 seconds
[2024-10-22T02:50:35.591Z] Starting audit for https://meerut.cantt.gov.in
[2024-10-22T02:50:35.889Z] Updated status for 6d8c2597-846b-4960-b372-4bbe376ceb98 to in-progress
[2024-10-22T02:50:35.889Z] Running Lighthouse for https://meerut.cantt.gov.in
[2024-10-22T02:51:02.529Z] Uploading reports for https://meerut.cantt.gov.in
[2024-10-22T02:51:02.535Z] Successfully uploaded /home/reeva-empire-1/Desktop/gov.in-audit/reports/7e0bcd46-ea09-4015-9a83-6e0d18500d71.report.html to R2
[2024-10-22T02:51:02.536Z] Successfully uploaded /home/reeva-empire-1/Desktop/gov.in-audit/reports/e0d48741-2581-49bb-be73-850ca5c5cc67.report.html to R2
[2024-10-22T02:51:02.538Z] Successfully uploaded /home/reeva-empire-1/Desktop/gov.in-audit/reports/7d7c845f-79ab-4c9f-88fd-0e821dc4f4c2.report.json to R2
[2024-10-22T02:51:02.832Z] Updated status for e0d48741-2581-49bb-be73-850ca5c5cc67 to completed
[2024-10-22T02:51:02.832Z] Audit completed for https://kasauli.cantt.gov.in in 140.29 seconds
[2024-10-22T02:51:02.832Z] Starting audit for https://www.ada.gov.in
[2024-10-22T02:51:02.838Z] Updated status for 7e0bcd46-ea09-4015-9a83-6e0d18500d71 to completed
[2024-10-22T02:51:02.838Z] Audit completed for https://allahabad.cantt.gov.in in 97.91 seconds
[2024-10-22T02:51:02.838Z] Starting audit for https://faizabad.cantt.gov.in
[2024-10-22T02:51:03.126Z] Updated status for c61820f9-1b5d-4a6f-9459-a8561817ecc1 to in-progress
[2024-10-22T02:51:03.126Z] Running Lighthouse for https://faizabad.cantt.gov.in
Runtime error encountered: The page did not paint any content. Please ensure you keep the browser window in the foreground during the load and try again. (NO_FCP)
[2024-10-22T02:51:38.940Z] Failed to audit https://faizabad.cantt.gov.in: Command failed: lighthouse https://faizabad.cantt.gov.in --chrome-flags="--headless --no-sandbox --disable-gpu --ignore-certificate-errors" --output json --output html --output-path /home/reeva-empire-1/Desktop/gov.in-audit/reports/c61820f9-1b5d-4a6f-9459-a8561817ecc1 --quiet
[2024-10-22T02:51:38.942Z] Updated status for 6c0e774e-a841-43f0-879b-235f2a860239 to in-progress
[2024-10-22T02:51:38.942Z] Running Lighthouse for https://www.ada.gov.in
[2024-10-22T02:51:57.686Z] Uploading reports for https://www.ada.gov.in
[2024-10-22T02:51:57.690Z] Successfully uploaded /home/reeva-empire-1/Desktop/gov.in-audit/reports/8d9cc0f5-5444-491f-9fee-2442b72dacf2.report.json to R2
[2024-10-22T02:51:57.696Z] Successfully uploaded /home/reeva-empire-1/Desktop/gov.in-audit/reports/7d7c845f-79ab-4c9f-88fd-0e821dc4f4c2.report.html to R2
[2024-10-22T02:51:57.700Z] Updated status for c61820f9-1b5d-4a6f-9459-a8561817ecc1 to failed
[2024-10-22T02:51:57.700Z] Starting audit for https://pachmarhi.cantt.gov.in
[2024-10-22T02:51:57.987Z] Updated status for 53314900-e4e1-4025-8b14-0366a6a4e6a1 to in-progress
[2024-10-22T02:51:57.987Z] Running Lighthouse for https://pachmarhi.cantt.gov.in
[2024-10-22T02:52:45.996Z] Uploading reports for https://pachmarhi.cantt.gov.in
[2024-10-22T02:52:46.005Z] Updated status for 7d7c845f-79ab-4c9f-88fd-0e821dc4f4c2 to completed
[2024-10-22T02:52:46.006Z] Audit completed for https://ajmer.cantt.gov.in in 104.02 seconds
[2024-10-22T02:52:46.006Z] Starting audit for https://bpdd.assam.gov.in
[2024-10-22T02:52:46.010Z] Successfully uploaded /home/reeva-empire-1/Desktop/gov.in-audit/reports/6c0e774e-a841-43f0-879b-235f2a860239.report.json to R2
[2024-10-22T02:52:46.297Z] Updated status for 4ccc0484-c9a2-4aeb-9b5d-b0577aa82304 to in-progress
[2024-10-22T02:52:46.297Z] Running Lighthouse for https://bpdd.assam.gov.in
[2024-10-22T02:53:01.767Z] Uploading reports for https://bpdd.assam.gov.in
[2024-10-22T02:53:01.775Z] Error uploading /home/reeva-empire-1/Desktop/gov.in-audit/reports/6d8c2597-846b-4960-b372-4bbe376ceb98.report.json to R2: read ECONNRESET
[2024-10-22T02:53:01.775Z] Attempt 1 failed, retrying...
[2024-10-22T02:53:01.779Z] Successfully uploaded /home/reeva-empire-1/Desktop/gov.in-audit/reports/6c0e774e-a841-43f0-879b-235f2a860239.report.html to R2
[2024-10-22T02:53:02.104Z] Updated status for 6c0e774e-a841-43f0-879b-235f2a860239 to completed
[2024-10-22T02:53:02.104Z] Audit completed for https://www.ada.gov.in in 82.84 seconds
[2024-10-22T02:53:02.104Z] Starting audit for https://dagshai.cantt.gov.in
[2024-10-22T02:53:02.406Z] Updated status for bbadad68-e0ae-4c9d-8fdc-58dcb855e3a1 to in-progress
[2024-10-22T02:53:02.407Z] Running Lighthouse for https://dagshai.cantt.gov.in
[2024-10-22T02:53:32.982Z] Uploading reports for https://dagshai.cantt.gov.in
[2024-10-22T02:53:32.998Z] Error uploading /home/reeva-empire-1/Desktop/gov.in-audit/reports/8d9cc0f5-5444-491f-9fee-2442b72dacf2.report.html to R2: read ECONNRESET
[2024-10-22T02:53:32.998Z] Attempt 1 failed, retrying...
[2024-10-22T02:53:32.999Z] Successfully uploaded /home/reeva-empire-1/Desktop/gov.in-audit/reports/53314900-e4e1-4025-8b14-0366a6a4e6a1.report.json to R2
[2024-10-22T02:53:33.004Z] Successfully uploaded /home/reeva-empire-1/Desktop/gov.in-audit/reports/4ccc0484-c9a2-4aeb-9b5d-b0577aa82304.report.json to R2
[2024-10-22T02:53:34.194Z] Successfully uploaded /home/reeva-empire-1/Desktop/gov.in-audit/reports/53314900-e4e1-4025-8b14-0366a6a4e6a1.report.html to R2
[2024-10-22T02:53:34.202Z] Successfully uploaded /home/reeva-empire-1/Desktop/gov.in-audit/reports/6d8c2597-846b-4960-b372-4bbe376ceb98.report.json to R2
[2024-10-22T02:53:34.498Z] Updated status for 53314900-e4e1-4025-8b14-0366a6a4e6a1 to completed
[2024-10-22T02:53:34.498Z] Audit completed for https://pachmarhi.cantt.gov.in in 96.21 seconds
[2024-10-22T02:53:34.498Z] Starting audit for https://gangapurcity.rajasthan.gov.in
[2024-10-22T02:53:34.797Z] Updated status for 5d34af6c-0c31-4c6c-b05c-5457267f0c2d to in-progress
[2024-10-22T02:53:34.797Z] Running Lighthouse for https://gangapurcity.rajasthan.gov.in
[2024-10-22T02:54:09.429Z] Uploading reports for https://gangapurcity.rajasthan.gov.in
[2024-10-22T02:54:09.437Z] Successfully uploaded /home/reeva-empire-1/Desktop/gov.in-audit/reports/8d9cc0f5-5444-491f-9fee-2442b72dacf2.report.html to R2
[2024-10-22T02:54:09.439Z] Successfully uploaded /home/reeva-empire-1/Desktop/gov.in-audit/reports/6d8c2597-846b-4960-b372-4bbe376ceb98.report.html to R2
[2024-10-22T02:54:09.442Z] Successfully uploaded /home/reeva-empire-1/Desktop/gov.in-audit/reports/4ccc0484-c9a2-4aeb-9b5d-b0577aa82304.report.html to R2
[2024-10-22T02:54:09.756Z] Updated status for 6d8c2597-846b-4960-b372-4bbe376ceb98 to completed
[2024-10-22T02:54:09.756Z] Audit completed for https://meerut.cantt.gov.in in 213.55 seconds
[2024-10-22T02:54:09.756Z] Starting audit for https://www.cgca.gov.in
[2024-10-22T02:54:10.202Z] Successfully uploaded /home/reeva-empire-1/Desktop/gov.in-audit/reports/5d34af6c-0c31-4c6c-b05c-5457267f0c2d.report.json to R2
[2024-10-22T02:54:10.228Z] Updated status for 4ccc0484-c9a2-4aeb-9b5d-b0577aa82304 to completed
[2024-10-22T02:54:10.228Z] Audit completed for https://bpdd.assam.gov.in in 83.15 seconds
[2024-10-22T02:54:10.228Z] Starting audit for https://clementtown.cantt.gov.in
[2024-10-22T02:54:10.234Z] Updated status for 8d9cc0f5-5444-491f-9fee-2442b72dacf2 to completed
[2024-10-22T02:54:10.234Z] Audit completed for https://rac.gov.in in 251.28 seconds
[2024-10-22T02:54:10.234Z] Starting audit for https://dpgs.delhi.gov.in
[2024-10-22T02:54:10.515Z] Updated status for b6252cd7-a9b8-4004-9ddd-a08d1304c26c to in-progress
[2024-10-22T02:54:10.515Z] Running Lighthouse for https://clementtown.cantt.gov.in
[2024-10-22T02:54:30.508Z] Uploading reports for https://clementtown.cantt.gov.in
[2024-10-22T02:54:30.513Z] Updated status for 57bcd9ad-5757-4f04-91e8-de53715a395f to in-progress
[2024-10-22T02:54:30.513Z] Running Lighthouse for https://dpgs.delhi.gov.in
[2024-10-22T02:55:04.048Z] Uploading reports for https://dpgs.delhi.gov.in
[2024-10-22T02:55:04.052Z] Updated status for 780e2893-f4bb-47f9-b3fd-1bc7f7c1a335 to in-progress
[2024-10-22T02:55:04.052Z] Running Lighthouse for https://www.cgca.gov.in
[2024-10-22T02:55:28.623Z] Uploading reports for https://www.cgca.gov.in
[2024-10-22T02:55:28.628Z] Successfully uploaded /home/reeva-empire-1/Desktop/gov.in-audit/reports/5d34af6c-0c31-4c6c-b05c-5457267f0c2d.report.html to R2
[2024-10-22T02:55:29.017Z] Updated status for 5d34af6c-0c31-4c6c-b05c-5457267f0c2d to completed
[2024-10-22T02:55:29.017Z] Audit completed for https://gangapurcity.rajasthan.gov.in in 113.83 seconds
[2024-10-22T02:55:29.017Z] Starting audit for https://kanpur.cantt.gov.in
[2024-10-22T02:55:29.378Z] Successfully uploaded /home/reeva-empire-1/Desktop/gov.in-audit/reports/b6252cd7-a9b8-4004-9ddd-a08d1304c26c.report.json to R2
[2024-10-22T02:55:29.443Z] Updated status for 02b631dd-eaae-458f-8249-464e047b85df to in-progress
[2024-10-22T02:55:29.443Z] Running Lighthouse for https://kanpur.cantt.gov.in
[2024-10-22T02:56:34.781Z] Uploading reports for https://kanpur.cantt.gov.in
[2024-10-22T02:56:34.786Z] Successfully uploaded /home/reeva-empire-1/Desktop/gov.in-audit/reports/780e2893-f4bb-47f9-b3fd-1bc7f7c1a335.report.json to R2
[2024-10-22T02:56:34.790Z] Successfully uploaded /home/reeva-empire-1/Desktop/gov.in-audit/reports/57bcd9ad-5757-4f04-91e8-de53715a395f.report.json to R2
[2024-10-22T02:56:34.794Z] Successfully uploaded /home/reeva-empire-1/Desktop/gov.in-audit/reports/bbadad68-e0ae-4c9d-8fdc-58dcb855e3a1.report.json to R2
[2024-10-22T02:56:35.546Z] Successfully uploaded /home/reeva-empire-1/Desktop/gov.in-audit/reports/780e2893-f4bb-47f9-b3fd-1bc7f7c1a335.report.html to R2
[2024-10-22T02:56:35.622Z] Successfully uploaded /home/reeva-empire-1/Desktop/gov.in-audit/reports/57bcd9ad-5757-4f04-91e8-de53715a395f.report.html to R2
[2024-10-22T02:56:35.706Z] Successfully uploaded /home/reeva-empire-1/Desktop/gov.in-audit/reports/02b631dd-eaae-458f-8249-464e047b85df.report.json to R2
[2024-10-22T02:56:35.850Z] Successfully uploaded /home/reeva-empire-1/Desktop/gov.in-audit/reports/b6252cd7-a9b8-4004-9ddd-a08d1304c26c.report.html to R2
[2024-10-22T02:56:35.863Z] Updated status for 780e2893-f4bb-47f9-b3fd-1bc7f7c1a335 to completed
[2024-10-22T02:56:35.863Z] Audit completed for https://www.cgca.gov.in in 91.49 seconds
[2024-10-22T02:56:35.863Z] Starting audit for https://barrackpore.cantt.gov.in
[2024-10-22T02:56:36.237Z] Successfully uploaded /home/reeva-empire-1/Desktop/gov.in-audit/reports/bbadad68-e0ae-4c9d-8fdc-58dcb855e3a1.report.html to R2
[2024-10-22T02:56:36.279Z] Updated status for b4b41a38-74bb-45ed-a249-29d445d6dbce to in-progress
[2024-10-22T02:56:36.279Z] Running Lighthouse for https://barrackpore.cantt.gov.in
[2024-10-22T02:57:00.757Z] Uploading reports for https://barrackpore.cantt.gov.in
[2024-10-22T02:57:00.761Z] Successfully uploaded /home/reeva-empire-1/Desktop/gov.in-audit/reports/02b631dd-eaae-458f-8249-464e047b85df.report.html to R2
[2024-10-22T02:57:00.763Z] Updated status for 57bcd9ad-5757-4f04-91e8-de53715a395f to completed
[2024-10-22T02:57:00.763Z] Audit completed for https://dpgs.delhi.gov.in in 125.11 seconds
[2024-10-22T02:57:00.763Z] Starting audit for https://indiancoastguard.gov.in
[2024-10-22T02:57:00.765Z] Updated status for b6252cd7-a9b8-4004-9ddd-a08d1304c26c to completed
[2024-10-22T02:57:00.765Z] Audit completed for https://clementtown.cantt.gov.in in 145.34 seconds
[2024-10-22T02:57:00.765Z] Starting audit for https://gstdelhizone.gov.in/west/contact-west.php
[2024-10-22T02:57:00.768Z] Updated status for bbadad68-e0ae-4c9d-8fdc-58dcb855e3a1 to completed
[2024-10-22T02:57:00.768Z] Audit completed for https://dagshai.cantt.gov.in in 213.83 seconds
[2024-10-22T02:57:00.768Z] Starting audit for https://cdachennai.nic.in
[2024-10-22T02:57:01.064Z] Updated status for 02b631dd-eaae-458f-8249-464e047b85df to completed
[2024-10-22T02:57:01.064Z] Audit completed for https://kanpur.cantt.gov.in in 91.32 seconds
[2024-10-22T02:57:01.064Z] Starting audit for https://makeinindiadefence.gov.in
[2024-10-22T02:57:01.131Z] Updated status for 904a5674-0610-4295-9375-683dbcfe752f to in-progress
[2024-10-22T02:57:01.131Z] Running Lighthouse for https://gstdelhizone.gov.in/west/contact-west.php
[2024-10-22T02:57:15.774Z] Uploading reports for https://gstdelhizone.gov.in/west/contact-west.php
[2024-10-22T02:57:15.777Z] Updated status for ddd71c16-9bd1-406e-996c-f8964725f225 to in-progress
[2024-10-22T02:57:15.777Z] Running Lighthouse for https://cdachennai.nic.in
Runtime error encountered: The page did not paint any content. Please ensure you keep the browser window in the foreground during the load and try again. (NO_FCP)
[2024-10-22T02:59:35.399Z] Failed to audit https://cdachennai.nic.in: Command failed: lighthouse https://cdachennai.nic.in --chrome-flags="--headless --no-sandbox --disable-gpu --ignore-certificate-errors" --output json --output html --output-path /home/reeva-empire-1/Desktop/gov.in-audit/reports/ddd71c16-9bd1-406e-996c-f8964725f225 --quiet
[2024-10-22T02:59:35.400Z] Updated status for 5d7d107d-cdae-46b0-b7c6-62045d93f8dc to in-progress
[2024-10-22T02:59:35.400Z] Running Lighthouse for https://makeinindiadefence.gov.in
Runtime error encountered: Chrome prevented page load with an interstitial. Make sure you are testing the correct URL and that the server is properly responding to all requests.
[2024-10-22T02:59:44.063Z] Failed to audit https://makeinindiadefence.gov.in: Command failed: lighthouse https://makeinindiadefence.gov.in --chrome-flags="--headless --no-sandbox --disable-gpu --ignore-certificate-errors" --output json --output html --output-path /home/reeva-empire-1/Desktop/gov.in-audit/reports/5d7d107d-cdae-46b0-b7c6-62045d93f8dc --quiet
[2024-10-22T02:59:44.066Z] Updated status for 739a0ed1-3e96-4d3a-9702-4c70327a332d to in-progress
[2024-10-22T02:59:44.066Z] Running Lighthouse for https://indiancoastguard.gov.in
[2024-10-22T03:00:07.434Z] Uploading reports for https://indiancoastguard.gov.in
[2024-10-22T03:00:07.439Z] Successfully uploaded /home/reeva-empire-1/Desktop/gov.in-audit/reports/b4b41a38-74bb-45ed-a249-29d445d6dbce.report.json to R2
[2024-10-22T03:00:07.444Z] Updated status for ddd71c16-9bd1-406e-996c-f8964725f225 to failed
[2024-10-22T03:00:07.444Z] Starting audit for https://egrasmanipur.nic.in
[2024-10-22T03:00:07.445Z] Updated status for 5d7d107d-cdae-46b0-b7c6-62045d93f8dc to failed
[2024-10-22T03:00:07.445Z] Starting audit for https://nda.nic.in
[2024-10-22T03:00:07.747Z] Updated status for 90147243-e261-4a35-97c5-0dd9765fefd7 to in-progress
[2024-10-22T03:00:07.747Z] Running Lighthouse for https://egrasmanipur.nic.in
Invalid dependency graph created, cycle detected
[2024-10-22T03:03:21.677Z] Uploading reports for https://egrasmanipur.nic.in
[2024-10-22T03:03:21.682Z] Updated status for da8d3462-d1c4-477f-8ed5-7eed2a251824 to in-progress
[2024-10-22T03:03:21.683Z] Running Lighthouse for https://nda.nic.in
[2024-10-22T03:03:52.943Z] Uploading reports for https://nda.nic.in
[2024-10-22T03:03:52.948Z] Successfully uploaded /home/reeva-empire-1/Desktop/gov.in-audit/reports/904a5674-0610-4295-9375-683dbcfe752f.report.json to R2
[2024-10-22T03:03:53.724Z] Successfully uploaded /home/reeva-empire-1/Desktop/gov.in-audit/reports/904a5674-0610-4295-9375-683dbcfe752f.report.html to R2
[2024-10-22T03:03:53.870Z] Successfully uploaded /home/reeva-empire-1/Desktop/gov.in-audit/reports/da8d3462-d1c4-477f-8ed5-7eed2a251824.report.json to R2
[2024-10-22T03:03:53.941Z] Successfully uploaded /home/reeva-empire-1/Desktop/gov.in-audit/reports/739a0ed1-3e96-4d3a-9702-4c70327a332d.report.json to R2
[2024-10-22T03:03:54.231Z] Successfully uploaded /home/reeva-empire-1/Desktop/gov.in-audit/reports/b4b41a38-74bb-45ed-a249-29d445d6dbce.report.html to R2
[2024-10-22T03:03:54.510Z] Updated status for 904a5674-0610-4295-9375-683dbcfe752f to completed
[2024-10-22T03:03:54.510Z] Audit completed for https://gstdelhizone.gov.in/west/contact-west.php in 412.59 seconds
[2024-10-22T03:03:54.510Z] Starting audit for https://nimasdirang.com
[2024-10-22T03:03:54.596Z] Successfully uploaded /home/reeva-empire-1/Desktop/gov.in-audit/reports/da8d3462-d1c4-477f-8ed5-7eed2a251824.report.html to R2
[2024-10-22T03:03:54.697Z] Successfully uploaded /home/reeva-empire-1/Desktop/gov.in-audit/reports/739a0ed1-3e96-4d3a-9702-4c70327a332d.report.html to R2
[2024-10-22T03:03:54.924Z] Updated status for da8d3462-d1c4-477f-8ed5-7eed2a251824 to completed
[2024-10-22T03:03:54.924Z] Audit completed for https://nda.nic.in in 32.91 seconds
[2024-10-22T03:03:54.924Z] Starting audit for https://www.aweil.in
[2024-10-22T03:03:55.023Z] Updated status for 739a0ed1-3e96-4d3a-9702-4c70327a332d to completed
[2024-10-22T03:03:55.023Z] Audit completed for https://indiancoastguard.gov.in in 250.63 seconds
[2024-10-22T03:03:55.023Z] Starting audit for https://mizoramhouse.nic.in
[2024-10-22T03:03:55.289Z] Updated status for b4b41a38-74bb-45ed-a249-29d445d6dbce to completed
[2024-10-22T03:03:55.289Z] Audit completed for https://barrackpore.cantt.gov.in in 437.95 seconds
[2024-10-22T03:03:55.289Z] Starting audit for https://www.indiannavy.nic.in/insvalsura
[2024-10-22T03:03:55.309Z] Updated status for 39316ed1-e7d6-4d2d-9830-c61eebb4118f to in-progress
[2024-10-22T03:03:55.309Z] Running Lighthouse for https://mizoramhouse.nic.in
[2024-10-22T03:04:09.371Z] Uploading reports for https://mizoramhouse.nic.in
[2024-10-22T03:04:09.376Z] Successfully uploaded /home/reeva-empire-1/Desktop/gov.in-audit/reports/90147243-e261-4a35-97c5-0dd9765fefd7.report.json to R2
[2024-10-22T03:04:09.382Z] Updated status for 474515e9-d9f1-4547-ab56-62660ad74027 to in-progress
[2024-10-22T03:04:09.382Z] Running Lighthouse for https://www.aweil.in
Runtime error encountered: The page did not paint any content. Please ensure you keep the browser window in the foreground during the load and try again. (NO_FCP)
[2024-10-22T03:06:29.131Z] Failed to audit https://www.aweil.in: Command failed: lighthouse https://www.aweil.in --chrome-flags="--headless --no-sandbox --disable-gpu --ignore-certificate-errors" --output json --output html --output-path /home/reeva-empire-1/Desktop/gov.in-audit/reports/474515e9-d9f1-4547-ab56-62660ad74027 --quiet
[2024-10-22T03:06:29.133Z] Updated status for 76311724-5936-4cb8-a69b-60832cb5d427 to in-progress
[2024-10-22T03:06:29.133Z] Running Lighthouse for https://nimasdirang.com
[2024-10-22T03:07:02.183Z] Uploading reports for https://nimasdirang.com
[2024-10-22T03:07:02.189Z] Updated status for c5c1ad17-bc4a-4196-9dac-e20d74c0ba40 to in-progress
[2024-10-22T03:07:02.189Z] Running Lighthouse for https://www.indiannavy.nic.in/insvalsura
Runtime error encountered: The page did not paint any content. Please ensure you keep the browser window in the foreground during the load and try again. (NO_FCP)
[2024-10-22T03:09:21.227Z] Failed to audit https://www.indiannavy.nic.in/insvalsura: Command failed: lighthouse https://www.indiannavy.nic.in/insvalsura --chrome-flags="--headless --no-sandbox --disable-gpu --ignore-certificate-errors" --output json --output html --output-path /home/reeva-empire-1/Desktop/gov.in-audit/reports/c5c1ad17-bc4a-4196-9dac-e20d74c0ba40 --quiet
[2024-10-22T03:09:21.231Z] Updated status for 474515e9-d9f1-4547-ab56-62660ad74027 to failed
[2024-10-22T03:09:21.231Z] Starting audit for https://mod.gov.in/department-military-affairs
[2024-10-22T03:09:21.527Z] Updated status for 584cd30c-3070-4139-a56f-46275620bd69 to in-progress
[2024-10-22T03:09:21.527Z] Running Lighthouse for https://mod.gov.in/department-military-affairs
[2024-10-22T03:09:38.914Z] Uploading reports for https://mod.gov.in/department-military-affairs
[2024-10-22T03:09:38.921Z] Successfully uploaded /home/reeva-empire-1/Desktop/gov.in-audit/reports/39316ed1-e7d6-4d2d-9830-c61eebb4118f.report.json to R2
[2024-10-22T03:09:38.925Z] Updated status for c5c1ad17-bc4a-4196-9dac-e20d74c0ba40 to failed
[2024-10-22T03:09:38.925Z] Starting audit for https://pcdawc.gov.in
[2024-10-22T03:09:39.429Z] Updated status for b63f8485-17a8-4373-8df0-30049c42d0e1 to in-progress
[2024-10-22T03:09:39.429Z] Running Lighthouse for https://pcdawc.gov.in
Runtime error encountered: The page did not paint any content. Please ensure you keep the browser window in the foreground during the load and try again. (NO_FCP)
[2024-10-22T03:11:56.840Z] Failed to audit https://pcdawc.gov.in: Command failed: lighthouse https://pcdawc.gov.in --chrome-flags="--headless --no-sandbox --disable-gpu --ignore-certificate-errors" --output json --output html --output-path /home/reeva-empire-1/Desktop/gov.in-audit/reports/b63f8485-17a8-4373-8df0-30049c42d0e1 --quiet
[2024-10-22T03:11:56.842Z] Error uploading /home/reeva-empire-1/Desktop/gov.in-audit/reports/76311724-5936-4cb8-a69b-60832cb5d427.report.json to R2: read ECONNRESET
[2024-10-22T03:11:56.842Z] Attempt 1 failed, retrying...
[2024-10-22T03:11:56.843Z] Error uploading /home/reeva-empire-1/Desktop/gov.in-audit/reports/90147243-e261-4a35-97c5-0dd9765fefd7.report.html to R2: read ECONNRESET
[2024-10-22T03:11:56.843Z] Attempt 1 failed, retrying...
[2024-10-22T03:11:56.843Z] Successfully uploaded /home/reeva-empire-1/Desktop/gov.in-audit/reports/39316ed1-e7d6-4d2d-9830-c61eebb4118f.report.html to R2
[2024-10-22T03:11:56.844Z] Successfully uploaded /home/reeva-empire-1/Desktop/gov.in-audit/reports/584cd30c-3070-4139-a56f-46275620bd69.report.json to R2
[2024-10-22T03:11:57.339Z] Updated status for 39316ed1-e7d6-4d2d-9830-c61eebb4118f to completed
[2024-10-22T03:11:57.339Z] Audit completed for https://mizoramhouse.nic.in in 481.53 seconds
[2024-10-22T03:11:57.339Z] Starting audit for https://ambala.cantt.gov.in
[2024-10-22T03:11:57.678Z] Successfully uploaded /home/reeva-empire-1/Desktop/gov.in-audit/reports/584cd30c-3070-4139-a56f-46275620bd69.report.html to R2
[2024-10-22T03:11:57.809Z] Updated status for b63f8485-17a8-4373-8df0-30049c42d0e1 to failed
[2024-10-22T03:11:57.809Z] Starting audit for https://dehradun.cantt.gov.in
[2024-10-22T03:11:58.004Z] Updated status for 584cd30c-3070-4139-a56f-46275620bd69 to completed
[2024-10-22T03:11:58.004Z] Audit completed for https://mod.gov.in/department-military-affairs in 156.15 seconds
[2024-10-22T03:11:58.004Z] Starting audit for https://www.cbaurangabad.in
[2024-10-22T03:11:58.024Z] Updated status for e211e64c-c980-47b7-83d3-0ef609e94f07 to in-progress
[2024-10-22T03:11:58.025Z] Running Lighthouse for https://ambala.cantt.gov.in
[2024-10-22T03:12:21.861Z] Uploading reports for https://ambala.cantt.gov.in
[2024-10-22T03:12:21.868Z] Updated status for ff52fb1c-09c1-48a4-9763-4c20a27f6909 to in-progress
[2024-10-22T03:12:21.868Z] Running Lighthouse for https://www.cbaurangabad.in
[2024-10-22T03:12:37.272Z] Uploading reports for https://www.cbaurangabad.in
[2024-10-22T03:12:37.276Z] Updated status for 712c9bb0-ce3d-471d-a694-3f74b02adf19 to in-progress
[2024-10-22T03:12:37.276Z] Running Lighthouse for https://dehradun.cantt.gov.in
[2024-10-22T03:12:57.954Z] Uploading reports for https://dehradun.cantt.gov.in
[2024-10-22T03:12:57.959Z] Successfully uploaded /home/reeva-empire-1/Desktop/gov.in-audit/reports/90147243-e261-4a35-97c5-0dd9765fefd7.report.html to R2
[2024-10-22T03:12:58.286Z] Updated status for 90147243-e261-4a35-97c5-0dd9765fefd7 to completed
[2024-10-22T03:12:58.287Z] Audit completed for https://egrasmanipur.nic.in in 770.21 seconds
[2024-10-22T03:12:58.287Z] Starting audit for https://babina.cantt.gov.in
[2024-10-22T03:12:58.947Z] Successfully uploaded /home/reeva-empire-1/Desktop/gov.in-audit/reports/ff52fb1c-09c1-48a4-9763-4c20a27f6909.report.json to R2
[2024-10-22T03:12:59.099Z] Updated status for ec7cd38b-a9a9-4a9d-a4ce-d1fb22bdacc5 to in-progress
[2024-10-22T03:12:59.099Z] Running Lighthouse for https://babina.cantt.gov.in
[2024-10-22T03:13:23.737Z] Uploading reports for https://babina.cantt.gov.in
[2024-10-22T03:13:23.743Z] Successfully uploaded /home/reeva-empire-1/Desktop/gov.in-audit/reports/76311724-5936-4cb8-a69b-60832cb5d427.report.json to R2
[2024-10-22T03:13:23.747Z] Successfully uploaded /home/reeva-empire-1/Desktop/gov.in-audit/reports/e211e64c-c980-47b7-83d3-0ef609e94f07.report.json to R2
[2024-10-22T03:13:23.751Z] Successfully uploaded /home/reeva-empire-1/Desktop/gov.in-audit/reports/712c9bb0-ce3d-471d-a694-3f74b02adf19.report.json to R2
[2024-10-22T03:13:24.392Z] Successfully uploaded /home/reeva-empire-1/Desktop/gov.in-audit/reports/76311724-5936-4cb8-a69b-60832cb5d427.report.html to R2
[2024-10-22T03:13:24.733Z] Successfully uploaded /home/reeva-empire-1/Desktop/gov.in-audit/reports/e211e64c-c980-47b7-83d3-0ef609e94f07.report.html to R2
[2024-10-22T03:13:24.798Z] Successfully uploaded /home/reeva-empire-1/Desktop/gov.in-audit/reports/ff52fb1c-09c1-48a4-9763-4c20a27f6909.report.html to R2
[2024-10-22T03:13:25.193Z] Updated status for ff52fb1c-09c1-48a4-9763-4c20a27f6909 to completed
[2024-10-22T03:13:25.193Z] Audit completed for https://www.cbaurangabad.in in 62.93 seconds
[2024-10-22T03:13:25.193Z] Starting audit for https://lebong.cantt.gov.in
[2024-10-22T03:13:25.268Z] Updated status for 76311724-5936-4cb8-a69b-60832cb5d427 to completed
[2024-10-22T03:13:25.268Z] Audit completed for https://nimasdirang.com in 415.26 seconds
[2024-10-22T03:13:25.270Z] Starting audit for https://cdm.gov.in
[2024-10-22T03:13:25.507Z] Updated status for e211e64c-c980-47b7-83d3-0ef609e94f07 to completed
[2024-10-22T03:13:25.507Z] Audit completed for https://ambala.cantt.gov.in in 86.71 seconds
[2024-10-22T03:13:25.507Z] Starting audit for https://shillong.cantt.gov.in
[2024-10-22T03:13:25.585Z] Updated status for 12cb3eb2-2644-495a-8d50-851b1c04b255 to in-progress
[2024-10-22T03:13:25.585Z] Running Lighthouse for https://lebong.cantt.gov.in
[2024-10-22T03:13:44.906Z] Uploading reports for https://lebong.cantt.gov.in
[2024-10-22T03:13:44.910Z] Updated status for 3a5eee86-aa96-4a03-a8ff-3d84b5568be9 to in-progress
[2024-10-22T03:13:44.910Z] Running Lighthouse for https://shillong.cantt.gov.in
[2024-10-22T03:14:03.679Z] Uploading reports for https://shillong.cantt.gov.in
[2024-10-22T03:14:03.683Z] Updated status for 023d0477-40c1-4d81-9032-9d1bd049add8 to in-progress
[2024-10-22T03:14:03.684Z] Running Lighthouse for https://cdm.gov.in
[2024-10-22T03:14:59.667Z] Uploading reports for https://cdm.gov.in
[2024-10-22T03:14:59.672Z] Successfully uploaded /home/reeva-empire-1/Desktop/gov.in-audit/reports/ec7cd38b-a9a9-4a9d-a4ce-d1fb22bdacc5.report.json to R2
[2024-10-22T03:14:59.675Z] Successfully uploaded /home/reeva-empire-1/Desktop/gov.in-audit/reports/712c9bb0-ce3d-471d-a694-3f74b02adf19.report.html to R2
[2024-10-22T03:14:59.973Z] Updated status for 712c9bb0-ce3d-471d-a694-3f74b02adf19 to completed
[2024-10-22T03:14:59.973Z] Audit completed for https://dehradun.cantt.gov.in in 142.40 seconds
[2024-10-22T03:14:59.973Z] Starting audit for https://cannanore.cantt.gov.in
[2024-10-22T03:15:00.610Z] Successfully uploaded /home/reeva-empire-1/Desktop/gov.in-audit/reports/023d0477-40c1-4d81-9032-9d1bd049add8.report.json to R2
[2024-10-22T03:15:01.006Z] Updated status for 26d886f4-efba-483b-964a-18e08080dfaa to in-progress
[2024-10-22T03:15:01.006Z] Running Lighthouse for https://cannanore.cantt.gov.in
[2024-10-22T03:15:20.180Z] Uploading reports for https://cannanore.cantt.gov.in
[2024-10-22T03:15:20.189Z] Successfully uploaded /home/reeva-empire-1/Desktop/gov.in-audit/reports/3a5eee86-aa96-4a03-a8ff-3d84b5568be9.report.json to R2
[2024-10-22T03:15:20.196Z] Successfully uploaded /home/reeva-empire-1/Desktop/gov.in-audit/reports/023d0477-40c1-4d81-9032-9d1bd049add8.report.html to R2
[2024-10-22T03:15:20.200Z] Successfully uploaded /home/reeva-empire-1/Desktop/gov.in-audit/reports/ec7cd38b-a9a9-4a9d-a4ce-d1fb22bdacc5.report.html to R2
[2024-10-22T03:15:20.202Z] Successfully uploaded /home/reeva-empire-1/Desktop/gov.in-audit/reports/12cb3eb2-2644-495a-8d50-851b1c04b255.report.json to R2
[2024-10-22T03:15:20.487Z] Updated status for 023d0477-40c1-4d81-9032-9d1bd049add8 to completed
[2024-10-22T03:15:20.487Z] Audit completed for https://cdm.gov.in in 76.51 seconds
[2024-10-22T03:15:20.487Z] Starting audit for https://defproc.gov.in
[2024-10-22T03:15:21.033Z] Updated status for f035ce10-0473-4a16-a3a0-0689107bf387 to in-progress
[2024-10-22T03:15:21.033Z] Running Lighthouse for https://defproc.gov.in
Invalid dependency graph created, cycle detected
[2024-10-22T03:15:36.337Z] Uploading reports for https://defproc.gov.in
[2024-10-22T03:15:36.343Z] Successfully uploaded /home/reeva-empire-1/Desktop/gov.in-audit/reports/12cb3eb2-2644-495a-8d50-851b1c04b255.report.html to R2
[2024-10-22T03:15:36.345Z] Successfully uploaded /home/reeva-empire-1/Desktop/gov.in-audit/reports/3a5eee86-aa96-4a03-a8ff-3d84b5568be9.report.html to R2
[2024-10-22T03:15:36.350Z] Updated status for ec7cd38b-a9a9-4a9d-a4ce-d1fb22bdacc5 to completed
[2024-10-22T03:15:36.350Z] Audit completed for https://babina.cantt.gov.in in 141.10 seconds
[2024-10-22T03:15:36.350Z] Starting audit for https://buvik.gov.in
[2024-10-22T03:15:36.352Z] Successfully uploaded /home/reeva-empire-1/Desktop/gov.in-audit/reports/26d886f4-efba-483b-964a-18e08080dfaa.report.json to R2
[2024-10-22T03:15:36.703Z] Updated status for 3a5eee86-aa96-4a03-a8ff-3d84b5568be9 to completed
[2024-10-22T03:15:36.704Z] Audit completed for https://shillong.cantt.gov.in in 111.44 seconds
[2024-10-22T03:15:36.704Z] Starting audit for https://gallantrymuseum.gov.in/home/homepage
[2024-10-22T03:15:37.129Z] Updated status for 12cb3eb2-2644-495a-8d50-851b1c04b255 to completed
[2024-10-22T03:15:37.129Z] Audit completed for https://lebong.cantt.gov.in in 130.76 seconds
[2024-10-22T03:15:37.129Z] Starting audit for https://agra.cantt.gov.in
[2024-10-22T03:15:37.283Z] Updated status for 55ae5d9a-79a5-4a10-9e97-9682afb14ee7 to in-progress
[2024-10-22T03:15:37.283Z] Running Lighthouse for https://buvik.gov.in
[2024-10-22T03:15:56.777Z] Uploading reports for https://buvik.gov.in
[2024-10-22T03:15:56.782Z] Updated status for 94b567af-360a-43d7-90cf-f45f8b21bc2e to in-progress
[2024-10-22T03:15:56.782Z] Running Lighthouse for https://agra.cantt.gov.in
[2024-10-22T03:16:19.422Z] Uploading reports for https://agra.cantt.gov.in
[2024-10-22T03:16:19.428Z] Updated status for b72832a8-b34a-4a79-b1e5-292dc2064e25 to in-progress
[2024-10-22T03:16:19.428Z] Running Lighthouse for https://gallantrymuseum.gov.in/home/homepage
Runtime error encountered: Chrome prevented page load with an interstitial. Make sure you are testing the correct URL and that the server is properly responding to all requests.
[2024-10-22T03:16:30.509Z] Failed to audit https://gallantrymuseum.gov.in/home/homepage: Command failed: lighthouse https://gallantrymuseum.gov.in/home/homepage --chrome-flags="--headless --no-sandbox --disable-gpu --ignore-certificate-errors" --output json --output html --output-path /home/reeva-empire-1/Desktop/gov.in-audit/reports/b72832a8-b34a-4a79-b1e5-292dc2064e25 --quiet
[2024-10-22T03:16:30.510Z] Successfully uploaded /home/reeva-empire-1/Desktop/gov.in-audit/reports/26d886f4-efba-483b-964a-18e08080dfaa.report.html to R2
[2024-10-22T03:16:30.512Z] Successfully uploaded /home/reeva-empire-1/Desktop/gov.in-audit/reports/f035ce10-0473-4a16-a3a0-0689107bf387.report.json to R2
[2024-10-22T03:16:30.809Z] Updated status for b72832a8-b34a-4a79-b1e5-292dc2064e25 to failed
[2024-10-22T03:16:30.809Z] Starting audit for https://ranikhet.cantt.gov.in
[2024-10-22T03:16:30.811Z] Updated status for 26d886f4-efba-483b-964a-18e08080dfaa to completed
[2024-10-22T03:16:30.811Z] Audit completed for https://cannanore.cantt.gov.in in 89.50 seconds
[2024-10-22T03:16:30.811Z] Starting audit for https://upparliamentaryaffairs.gov.in
[2024-10-22T03:16:31.106Z] Updated status for 19b2153e-58e3-4e12-afe7-c0fc5482d7bd to in-progress
[2024-10-22T03:16:31.106Z] Running Lighthouse for https://upparliamentaryaffairs.gov.in
[2024-10-22T03:16:48.400Z] Uploading reports for https://upparliamentaryaffairs.gov.in
[2024-10-22T03:16:48.405Z] Updated status for e2cd778a-21af-46b7-90ef-575f7002ba1f to in-progress
[2024-10-22T03:16:48.405Z] Running Lighthouse for https://ranikhet.cantt.gov.in
[2024-10-22T03:17:09.064Z] Uploading reports for https://ranikhet.cantt.gov.in
[2024-10-22T03:17:09.070Z] Successfully uploaded /home/reeva-empire-1/Desktop/gov.in-audit/reports/55ae5d9a-79a5-4a10-9e97-9682afb14ee7.report.json to R2
[2024-10-22T03:17:09.073Z] Successfully uploaded /home/reeva-empire-1/Desktop/gov.in-audit/reports/f035ce10-0473-4a16-a3a0-0689107bf387.report.html to R2
[2024-10-22T03:17:09.075Z] Successfully uploaded /home/reeva-empire-1/Desktop/gov.in-audit/reports/94b567af-360a-43d7-90cf-f45f8b21bc2e.report.json to R2
[2024-10-22T03:17:09.994Z] Successfully uploaded /home/reeva-empire-1/Desktop/gov.in-audit/reports/e2cd778a-21af-46b7-90ef-575f7002ba1f.report.json to R2
[2024-10-22T03:17:10.011Z] Successfully uploaded /home/reeva-empire-1/Desktop/gov.in-audit/reports/94b567af-360a-43d7-90cf-f45f8b21bc2e.report.html to R2
[2024-10-22T03:17:10.052Z] Updated status for f035ce10-0473-4a16-a3a0-0689107bf387 to completed
[2024-10-22T03:17:10.053Z] Audit completed for https://defproc.gov.in in 108.04 seconds
[2024-10-22T03:17:10.053Z] Starting audit for https://www.udaipurmc.org
[2024-10-22T03:17:10.330Z] Updated status for 94b567af-360a-43d7-90cf-f45f8b21bc2e to completed
[2024-10-22T03:17:10.330Z] Audit completed for https://agra.cantt.gov.in in 73.23 seconds
[2024-10-22T03:17:10.330Z] Starting audit for https://cbkamptee.org
[2024-10-22T03:17:10.631Z] Updated status for f261f932-8035-41bf-a89d-deb4df81bda3 to in-progress
[2024-10-22T03:17:10.632Z] Running Lighthouse for https://www.udaipurmc.org
[2024-10-22T03:17:38.888Z] Uploading reports for https://www.udaipurmc.org
[2024-10-22T03:17:38.892Z] Updated status for 57239b47-e3bd-4374-87be-b02442ab888f to in-progress
[2024-10-22T03:17:38.892Z] Running Lighthouse for https://cbkamptee.org
[2024-10-22T03:17:53.980Z] Uploading reports for https://cbkamptee.org
[2024-10-22T03:17:53.990Z] Successfully uploaded /home/reeva-empire-1/Desktop/gov.in-audit/reports/55ae5d9a-79a5-4a10-9e97-9682afb14ee7.report.html to R2
[2024-10-22T03:17:53.991Z] Successfully uploaded /home/reeva-empire-1/Desktop/gov.in-audit/reports/e2cd778a-21af-46b7-90ef-575f7002ba1f.report.html to R2
[2024-10-22T03:17:53.993Z] Successfully uploaded /home/reeva-empire-1/Desktop/gov.in-audit/reports/19b2153e-58e3-4e12-afe7-c0fc5482d7bd.report.json to R2
[2024-10-22T03:17:54.307Z] Updated status for 55ae5d9a-79a5-4a10-9e97-9682afb14ee7 to completed
[2024-10-22T03:17:54.307Z] Audit completed for https://buvik.gov.in in 136.71 seconds
[2024-10-22T03:17:54.307Z] Starting audit for https://ferozepur.cantt.gov.in
[2024-10-22T03:17:54.624Z] Updated status for 217614de-dbf3-4f56-b88e-48a5743af228 to in-progress
[2024-10-22T03:17:54.625Z] Running Lighthouse for https://ferozepur.cantt.gov.in
[2024-10-22T03:18:21.149Z] Uploading reports for https://ferozepur.cantt.gov.in
[2024-10-22T03:18:21.157Z] Updated status for e2cd778a-21af-46b7-90ef-575f7002ba1f to completed
[2024-10-22T03:18:21.157Z] Audit completed for https://ranikhet.cantt.gov.in in 65.59 seconds
[2024-10-22T03:18:21.157Z] Starting audit for https://www.defenceexim.gov.in
[2024-10-22T03:18:21.158Z] Successfully uploaded /home/reeva-empire-1/Desktop/gov.in-audit/reports/f261f932-8035-41bf-a89d-deb4df81bda3.report.json to R2
[2024-10-22T03:18:21.162Z] Successfully uploaded /home/reeva-empire-1/Desktop/gov.in-audit/reports/19b2153e-58e3-4e12-afe7-c0fc5482d7bd.report.html to R2
[2024-10-22T03:18:21.462Z] Updated status for 6a2ce67b-7bf0-4f44-bdb9-301e82a88e72 to in-progress
[2024-10-22T03:18:21.462Z] Running Lighthouse for https://www.defenceexim.gov.in
[2024-10-22T03:18:39.540Z] Uploading reports for https://www.defenceexim.gov.in
[2024-10-22T03:18:39.546Z] Updated status for 19b2153e-58e3-4e12-afe7-c0fc5482d7bd to completed
[2024-10-22T03:18:39.546Z] Audit completed for https://upparliamentaryaffairs.gov.in in 110.06 seconds
[2024-10-22T03:18:39.546Z] Starting audit for https://www.glidersindia.in
[2024-10-22T03:18:40.336Z] Updated status for 80e46f8b-96ad-4ef5-a740-50abba30c585 to in-progress
[2024-10-22T03:18:40.336Z] Running Lighthouse for https://www.glidersindia.in
[2024-10-22T03:18:53.044Z] Uploading reports for https://www.glidersindia.in
[2024-10-22T03:18:53.050Z] Successfully uploaded /home/reeva-empire-1/Desktop/gov.in-audit/reports/57239b47-e3bd-4374-87be-b02442ab888f.report.json to R2
[2024-10-22T03:18:53.054Z] Successfully uploaded /home/reeva-empire-1/Desktop/gov.in-audit/reports/6a2ce67b-7bf0-4f44-bdb9-301e82a88e72.report.json to R2
[2024-10-22T03:18:53.057Z] Successfully uploaded /home/reeva-empire-1/Desktop/gov.in-audit/reports/217614de-dbf3-4f56-b88e-48a5743af228.report.json to R2
[2024-10-22T03:18:53.062Z] Successfully uploaded /home/reeva-empire-1/Desktop/gov.in-audit/reports/f261f932-8035-41bf-a89d-deb4df81bda3.report.html to R2
[2024-10-22T03:18:53.371Z] Updated status for f261f932-8035-41bf-a89d-deb4df81bda3 to completed
[2024-10-22T03:18:53.371Z] Audit completed for https://www.udaipurmc.org in 102.43 seconds
[2024-10-22T03:18:53.371Z] Starting audit for https://online.ksb.gov.in
[2024-10-22T03:18:53.664Z] Updated status for ee661d97-089f-4407-9ca4-007b62e66336 to in-progress
[2024-10-22T03:18:53.665Z] Running Lighthouse for https://online.ksb.gov.in
[2024-10-22T03:19:57.245Z] Uploading reports for https://online.ksb.gov.in
[2024-10-22T03:19:57.252Z] Successfully uploaded /home/reeva-empire-1/Desktop/gov.in-audit/reports/57239b47-e3bd-4374-87be-b02442ab888f.report.html to R2
[2024-10-22T03:19:57.255Z] Successfully uploaded /home/reeva-empire-1/Desktop/gov.in-audit/reports/217614de-dbf3-4f56-b88e-48a5743af228.report.html to R2
[2024-10-22T03:19:57.256Z] Successfully uploaded /home/reeva-empire-1/Desktop/gov.in-audit/reports/80e46f8b-96ad-4ef5-a740-50abba30c585.report.json to R2
[2024-10-22T03:19:57.260Z] Successfully uploaded /home/reeva-empire-1/Desktop/gov.in-audit/reports/6a2ce67b-7bf0-4f44-bdb9-301e82a88e72.report.html to R2
[2024-10-22T03:19:57.558Z] Updated status for 217614de-dbf3-4f56-b88e-48a5743af228 to completed
[2024-10-22T03:19:57.558Z] Audit completed for https://ferozepur.cantt.gov.in in 122.63 seconds
[2024-10-22T03:19:57.558Z] Starting audit for https://ramgarh.cantt.gov.in
[2024-10-22T03:19:57.564Z] Updated status for 57239b47-e3bd-4374-87be-b02442ab888f to completed
[2024-10-22T03:19:57.564Z] Audit completed for https://cbkamptee.org in 138.36 seconds
[2024-10-22T03:19:57.564Z] Starting audit for https://lucknow.cantt.gov.in
[2024-10-22T03:19:57.864Z] Updated status for 3cef1b65-a715-4c4c-9a58-f2ae60e8a9fb to in-progress
[2024-10-22T03:19:57.864Z] Running Lighthouse for https://lucknow.cantt.gov.in
[2024-10-22T03:20:19.299Z] Uploading reports for https://lucknow.cantt.gov.in
[2024-10-22T03:20:19.304Z] Updated status for 75112ef9-ed97-4830-a7d3-edb7627c4883 to in-progress
[2024-10-22T03:20:19.304Z] Running Lighthouse for https://ramgarh.cantt.gov.in
[2024-10-22T03:20:40.890Z] Uploading reports for https://ramgarh.cantt.gov.in
[2024-10-22T03:20:40.896Z] Successfully uploaded /home/reeva-empire-1/Desktop/gov.in-audit/reports/ee661d97-089f-4407-9ca4-007b62e66336.report.json to R2
[2024-10-22T03:20:40.902Z] Updated status for 6a2ce67b-7bf0-4f44-bdb9-301e82a88e72 to completed
[2024-10-22T03:20:40.902Z] Audit completed for https://www.defenceexim.gov.in in 95.80 seconds
[2024-10-22T03:20:40.902Z] Starting audit for https://mathura.cantt.gov.in
[2024-10-22T03:20:40.903Z] Successfully uploaded /home/reeva-empire-1/Desktop/gov.in-audit/reports/80e46f8b-96ad-4ef5-a740-50abba30c585.report.html to R2
[2024-10-22T03:20:41.230Z] Updated status for a014fa64-c296-41e5-aff1-6685be6c9280 to in-progress
[2024-10-22T03:20:41.230Z] Running Lighthouse for https://mathura.cantt.gov.in
[2024-10-22T03:21:04.984Z] Uploading reports for https://mathura.cantt.gov.in
[2024-10-22T03:21:04.992Z] Updated status for 80e46f8b-96ad-4ef5-a740-50abba30c585 to completed
[2024-10-22T03:21:04.992Z] Audit completed for https://www.glidersindia.in in 120.57 seconds
[2024-10-22T03:21:04.993Z] Starting audit for https://www.indiaoptel.in
[2024-10-22T03:21:05.756Z] Updated status for 812538fc-3353-4716-9498-13251b00e63c to in-progress
[2024-10-22T03:21:05.756Z] Running Lighthouse for https://www.indiaoptel.in
[2024-10-22T03:21:24.211Z] Uploading reports for https://www.indiaoptel.in
[2024-10-22T03:21:24.216Z] Successfully uploaded /home/reeva-empire-1/Desktop/gov.in-audit/reports/a014fa64-c296-41e5-aff1-6685be6c9280.report.json to R2
[2024-10-22T03:21:24.222Z] Error uploading /home/reeva-empire-1/Desktop/gov.in-audit/reports/3cef1b65-a715-4c4c-9a58-f2ae60e8a9fb.report.json to R2: read ECONNRESET
[2024-10-22T03:21:24.222Z] Attempt 1 failed, retrying...
[2024-10-22T03:21:24.223Z] Successfully uploaded /home/reeva-empire-1/Desktop/gov.in-audit/reports/75112ef9-ed97-4830-a7d3-edb7627c4883.report.json to R2
[2024-10-22T03:21:24.227Z] Successfully uploaded /home/reeva-empire-1/Desktop/gov.in-audit/reports/ee661d97-089f-4407-9ca4-007b62e66336.report.html to R2
[2024-10-22T03:21:24.528Z] Updated status for ee661d97-089f-4407-9ca4-007b62e66336 to completed
[2024-10-22T03:21:24.528Z] Audit completed for https://online.ksb.gov.in in 150.56 seconds
[2024-10-22T03:21:24.528Z] Starting audit for https://ndacivrect.gov.in
[2024-10-22T03:21:24.836Z] Updated status for 57ebe5cb-f481-48db-be21-8fbf041112be to in-progress
[2024-10-22T03:21:24.836Z] Running Lighthouse for https://ndacivrect.gov.in
Runtime error encountered: The page did not paint any content. Please ensure you keep the browser window in the foreground during the load and try again. (NO_FCP)
[2024-10-22T03:23:41.365Z] Failed to audit https://ndacivrect.gov.in: Command failed: lighthouse https://ndacivrect.gov.in --chrome-flags="--headless --no-sandbox --disable-gpu --ignore-certificate-errors" --output json --output html --output-path /home/reeva-empire-1/Desktop/gov.in-audit/reports/57ebe5cb-f481-48db-be21-8fbf041112be --quiet
[2024-10-22T03:23:41.371Z] Successfully uploaded /home/reeva-empire-1/Desktop/gov.in-audit/reports/a014fa64-c296-41e5-aff1-6685be6c9280.report.html to R2
[2024-10-22T03:23:41.373Z] Successfully uploaded /home/reeva-empire-1/Desktop/gov.in-audit/reports/812538fc-3353-4716-9498-13251b00e63c.report.json to R2
[2024-10-22T03:23:41.376Z] Successfully uploaded /home/reeva-empire-1/Desktop/gov.in-audit/reports/75112ef9-ed97-4830-a7d3-edb7627c4883.report.html to R2
[2024-10-22T03:23:41.684Z] Updated status for 57ebe5cb-f481-48db-be21-8fbf041112be to failed
[2024-10-22T03:23:41.684Z] Starting audit for https://nasirabad.cantt.gov.in
[2024-10-22T03:23:41.922Z] Updated status for a014fa64-c296-41e5-aff1-6685be6c9280 to completed
[2024-10-22T03:23:41.922Z] Audit completed for https://mathura.cantt.gov.in in 180.14 seconds
[2024-10-22T03:23:41.922Z] Starting audit for https://www.hslvizag.in
[2024-10-22T03:23:42.112Z] Successfully uploaded /home/reeva-empire-1/Desktop/gov.in-audit/reports/812538fc-3353-4716-9498-13251b00e63c.report.html to R2
[2024-10-22T03:23:42.237Z] Updated status for 9a242cb0-2252-4991-b168-43b0df5229f4 to in-progress
[2024-10-22T03:23:42.237Z] Running Lighthouse for https://www.hslvizag.in
Runtime error encountered: Lighthouse was unable to reliably load the page you requested. Make sure you are testing the correct URL and that the server is properly responding to all requests. (Status code: 404)
[2024-10-22T03:23:48.364Z] Failed to audit https://www.hslvizag.in: Command failed: lighthouse https://www.hslvizag.in --chrome-flags="--headless --no-sandbox --disable-gpu --ignore-certificate-errors" --output json --output html --output-path /home/reeva-empire-1/Desktop/gov.in-audit/reports/9a242cb0-2252-4991-b168-43b0df5229f4 --quiet
[2024-10-22T03:23:48.367Z] Updated status for 812538fc-3353-4716-9498-13251b00e63c to completed
[2024-10-22T03:23:48.367Z] Audit completed for https://www.indiaoptel.in in 156.36 seconds
[2024-10-22T03:23:48.367Z] Starting audit for https://ddpdoo.gov.in
[2024-10-22T03:23:48.369Z] Successfully uploaded /home/reeva-empire-1/Desktop/gov.in-audit/reports/3cef1b65-a715-4c4c-9a58-f2ae60e8a9fb.report.json to R2
[2024-10-22T03:23:48.721Z] Updated status for 75112ef9-ed97-4830-a7d3-edb7627c4883 to completed
[2024-10-22T03:23:48.721Z] Audit completed for https://ramgarh.cantt.gov.in in 202.07 seconds
[2024-10-22T03:23:48.722Z] Starting audit for https://aurangabad.cantt.gov.in
[2024-10-22T03:23:48.736Z] Updated status for 9a242cb0-2252-4991-b168-43b0df5229f4 to failed
[2024-10-22T03:23:48.736Z] Starting audit for https://indianarmyveterans.gov.in
[2024-10-22T03:23:48.938Z] Updated status for 75014e68-cf76-4880-a523-0571c4809f09 to in-progress
[2024-10-22T03:23:48.939Z] Running Lighthouse for https://nasirabad.cantt.gov.in
[2024-10-22T03:24:07.684Z] Uploading reports for https://nasirabad.cantt.gov.in
[2024-10-22T03:24:07.689Z] Updated status for 6381c18c-97c4-4a0d-b334-6cfb831f77af to in-progress
[2024-10-22T03:24:07.689Z] Running Lighthouse for https://aurangabad.cantt.gov.in
[2024-10-22T03:25:09.111Z] Uploading reports for https://aurangabad.cantt.gov.in
[2024-10-22T03:25:09.115Z] Updated status for fa15d617-e1e0-4781-b616-79318a9a6c6a to in-progress
[2024-10-22T03:25:09.115Z] Running Lighthouse for https://indianarmyveterans.gov.in
Runtime error encountered: The page did not paint any content. Please ensure you keep the browser window in the foreground during the load and try again. (NO_FCP)
[2024-10-22T03:26:13.460Z] Failed to audit https://indianarmyveterans.gov.in: Command failed: lighthouse https://indianarmyveterans.gov.in --chrome-flags="--headless --no-sandbox --disable-gpu --ignore-certificate-errors" --output json --output html --output-path /home/reeva-empire-1/Desktop/gov.in-audit/reports/fa15d617-e1e0-4781-b616-79318a9a6c6a --quiet
[2024-10-22T03:26:13.463Z] Updated status for 209bbb92-d694-441c-998e-869bb3c4c4a0 to in-progress
[2024-10-22T03:26:13.463Z] Running Lighthouse for https://ddpdoo.gov.in
[2024-10-22T03:26:29.375Z] Uploading reports for https://ddpdoo.gov.in
[2024-10-22T03:26:29.380Z] Successfully uploaded /home/reeva-empire-1/Desktop/gov.in-audit/reports/3cef1b65-a715-4c4c-9a58-f2ae60e8a9fb.report.html to R2
[2024-10-22T03:26:29.385Z] Updated status for fa15d617-e1e0-4781-b616-79318a9a6c6a to failed
[2024-10-22T03:26:29.386Z] Starting audit for https://hmidarjeeling.com
[2024-10-22T03:26:29.709Z] Updated status for 3cef1b65-a715-4c4c-9a58-f2ae60e8a9fb to completed
[2024-10-22T03:26:29.709Z] Audit completed for https://lucknow.cantt.gov.in in 391.52 seconds
[2024-10-22T03:26:29.709Z] Starting audit for https://www.ssb.gov.in
[2024-10-22T03:26:29.711Z] Updated status for 38331cf9-9d4a-40f3-8a6d-f556be7df594 to in-progress
[2024-10-22T03:26:29.711Z] Running Lighthouse for https://hmidarjeeling.com
[2024-10-22T03:26:54.997Z] Uploading reports for https://hmidarjeeling.com
[2024-10-22T03:26:55.004Z] Updated status for 9280c76e-e834-442c-be72-a1191bfbb596 to in-progress
[2024-10-22T03:26:55.004Z] Running Lighthouse for https://www.ssb.gov.in
Runtime error encountered: Lighthouse was unable to reliably load the page you requested. Make sure you are testing the correct URL and that the server is properly responding to all requests. (Status code: 404)
[2024-10-22T03:27:01.415Z] Failed to audit https://www.ssb.gov.in: Command failed: lighthouse https://www.ssb.gov.in --chrome-flags="--headless --no-sandbox --disable-gpu --ignore-certificate-errors" --output json --output html --output-path /home/reeva-empire-1/Desktop/gov.in-audit/reports/9280c76e-e834-442c-be72-a1191bfbb596 --quiet
[2024-10-22T03:27:01.417Z] Successfully uploaded /home/reeva-empire-1/Desktop/gov.in-audit/reports/6381c18c-97c4-4a0d-b334-6cfb831f77af.report.json to R2
[2024-10-22T03:27:01.707Z] Updated status for 9280c76e-e834-442c-be72-a1191bfbb596 to failed
[2024-10-22T03:27:01.707Z] Starting audit for https://bharatkeveer.gov.in
[2024-10-22T03:27:01.999Z] Updated status for 89694922-8168-4724-a966-234b7a9aa3e8 to in-progress
[2024-10-22T03:27:01.999Z] Running Lighthouse for https://bharatkeveer.gov.in
[2024-10-22T03:27:18.547Z] Uploading reports for https://bharatkeveer.gov.in
[2024-10-22T03:27:18.552Z] Error uploading /home/reeva-empire-1/Desktop/gov.in-audit/reports/75014e68-cf76-4880-a523-0571c4809f09.report.json to R2: read ECONNRESET
[2024-10-22T03:27:18.552Z] Attempt 1 failed, retrying...
[2024-10-22T03:27:18.553Z] Successfully uploaded /home/reeva-empire-1/Desktop/gov.in-audit/reports/209bbb92-d694-441c-998e-869bb3c4c4a0.report.json to R2
[2024-10-22T03:27:18.556Z] Successfully uploaded /home/reeva-empire-1/Desktop/gov.in-audit/reports/6381c18c-97c4-4a0d-b334-6cfb831f77af.report.html to R2
[2024-10-22T03:27:18.558Z] Successfully uploaded /home/reeva-empire-1/Desktop/gov.in-audit/reports/38331cf9-9d4a-40f3-8a6d-f556be7df594.report.json to R2
[2024-10-22T03:27:18.873Z] Updated status for 6381c18c-97c4-4a0d-b334-6cfb831f77af to completed
[2024-10-22T03:27:18.873Z] Audit completed for https://aurangabad.cantt.gov.in in 190.87 seconds
[2024-10-22T03:27:18.873Z] Starting audit for https://pcdanavy.gov.in
[2024-10-22T03:27:19.170Z] Updated status for a03ac8eb-b20d-4c7f-ab90-a88aa9e604af to in-progress
[2024-10-22T03:27:19.170Z] Running Lighthouse for https://pcdanavy.gov.in
Runtime error encountered: The page did not paint any content. Please ensure you keep the browser window in the foreground during the load and try again. (NO_FCP)
[2024-10-22T03:29:41.790Z] Failed to audit https://pcdanavy.gov.in: Command failed: lighthouse https://pcdanavy.gov.in --chrome-flags="--headless --no-sandbox --disable-gpu --ignore-certificate-errors" --output json --output html --output-path /home/reeva-empire-1/Desktop/gov.in-audit/reports/a03ac8eb-b20d-4c7f-ab90-a88aa9e604af --quiet
[2024-10-22T03:29:41.798Z] Successfully uploaded /home/reeva-empire-1/Desktop/gov.in-audit/reports/209bbb92-d694-441c-998e-869bb3c4c4a0.report.html to R2
[2024-10-22T03:29:41.800Z] Successfully uploaded /home/reeva-empire-1/Desktop/gov.in-audit/reports/89694922-8168-4724-a966-234b7a9aa3e8.report.json to R2
[2024-10-22T03:29:41.804Z] Successfully uploaded /home/reeva-empire-1/Desktop/gov.in-audit/reports/38331cf9-9d4a-40f3-8a6d-f556be7df594.report.html to R2
[2024-10-22T03:29:42.100Z] Updated status for 209bbb92-d694-441c-998e-869bb3c4c4a0 to completed
[2024-10-22T03:29:42.100Z] Audit completed for https://ddpdoo.gov.in in 208.34 seconds
[2024-10-22T03:29:42.100Z] Starting audit for https://chakrata.cantt.gov.in
[2024-10-22T03:29:42.105Z] Updated status for a03ac8eb-b20d-4c7f-ab90-a88aa9e604af to failed
[2024-10-22T03:29:42.105Z] Starting audit for https://badamibagh.cantt.gov.in
[2024-10-22T03:29:42.399Z] Updated status for b098bc45-3da6-484e-8322-5a0fe19a8334 to in-progress
[2024-10-22T03:29:42.399Z] Running Lighthouse for https://badamibagh.cantt.gov.in
[2024-10-22T03:30:00.280Z] Uploading reports for https://badamibagh.cantt.gov.in
[2024-10-22T03:30:00.284Z] Updated status for f56eeb79-fc4a-4431-a748-eae4ed5ae382 to in-progress
[2024-10-22T03:30:00.284Z] Running Lighthouse for https://chakrata.cantt.gov.in
[2024-10-22T03:30:23.051Z] Uploading reports for https://chakrata.cantt.gov.in
[2024-10-22T03:30:23.055Z] Successfully uploaded /home/reeva-empire-1/Desktop/gov.in-audit/reports/89694922-8168-4724-a966-234b7a9aa3e8.report.html to R2
[2024-10-22T03:30:23.057Z] Updated status for 38331cf9-9d4a-40f3-8a6d-f556be7df594 to completed
[2024-10-22T03:30:23.057Z] Audit completed for https://hmidarjeeling.com in 192.09 seconds
[2024-10-22T03:30:23.057Z] Starting audit for https://dgaeroqa.gov.in
[2024-10-22T03:30:23.058Z] Successfully uploaded /home/reeva-empire-1/Desktop/gov.in-audit/reports/75014e68-cf76-4880-a523-0571c4809f09.report.json to R2
[2024-10-22T03:30:23.371Z] Updated status for 98bc205b-258e-4d62-a58e-c4f450fbc1c0 to in-progress
[2024-10-22T03:30:23.371Z] Running Lighthouse for https://dgaeroqa.gov.in
Runtime error encountered: The page did not paint any content. Please ensure you keep the browser window in the foreground during the load and try again. (NO_FCP)
[2024-10-22T03:32:46.212Z] Failed to audit https://dgaeroqa.gov.in: Command failed: lighthouse https://dgaeroqa.gov.in --chrome-flags="--headless --no-sandbox --disable-gpu --ignore-certificate-errors" --output json --output html --output-path /home/reeva-empire-1/Desktop/gov.in-audit/reports/98bc205b-258e-4d62-a58e-c4f450fbc1c0 --quiet
[2024-10-22T03:32:46.214Z] Updated status for 89694922-8168-4724-a966-234b7a9aa3e8 to completed
[2024-10-22T03:32:46.214Z] Audit completed for https://bharatkeveer.gov.in in 201.06 seconds
[2024-10-22T03:32:46.214Z] Starting audit for https://idsa.in
[2024-10-22T03:32:46.215Z] Successfully uploaded /home/reeva-empire-1/Desktop/gov.in-audit/reports/b098bc45-3da6-484e-8322-5a0fe19a8334.report.json to R2
[2024-10-22T03:32:46.221Z] Successfully uploaded /home/reeva-empire-1/Desktop/gov.in-audit/reports/f56eeb79-fc4a-4431-a748-eae4ed5ae382.report.json to R2
[2024-10-22T03:32:46.227Z] Successfully uploaded /home/reeva-empire-1/Desktop/gov.in-audit/reports/75014e68-cf76-4880-a523-0571c4809f09.report.html to R2
[2024-10-22T03:32:46.524Z] Updated status for 81821bb5-46f5-4a23-819d-af4c7fc7d3c6 to in-progress
[2024-10-22T03:32:46.524Z] Running Lighthouse for https://idsa.in
[2024-10-22T03:33:04.655Z] Uploading reports for https://idsa.in
[2024-10-22T03:33:04.662Z] Updated status for 75014e68-cf76-4880-a523-0571c4809f09 to completed
[2024-10-22T03:33:04.662Z] Audit completed for https://nasirabad.cantt.gov.in in 537.29 seconds
[2024-10-22T03:33:04.663Z] Starting audit for https://bakloh.cantt.gov.in
[2024-10-22T03:33:04.664Z] Successfully uploaded /home/reeva-empire-1/Desktop/gov.in-audit/reports/b098bc45-3da6-484e-8322-5a0fe19a8334.report.html to R2
[2024-10-22T03:33:04.665Z] Updated status for 98bc205b-258e-4d62-a58e-c4f450fbc1c0 to failed
[2024-10-22T03:33:04.665Z] Starting audit for https://subathu.cantt.gov.in
[2024-10-22T03:33:04.668Z] Successfully uploaded /home/reeva-empire-1/Desktop/gov.in-audit/reports/f56eeb79-fc4a-4431-a748-eae4ed5ae382.report.html to R2
[2024-10-22T03:33:04.970Z] Updated status for b098bc45-3da6-484e-8322-5a0fe19a8334 to completed
[2024-10-22T03:33:04.970Z] Audit completed for https://badamibagh.cantt.gov.in in 202.27 seconds
[2024-10-22T03:33:04.970Z] Starting audit for https://www.yantraindia.co.in
[2024-10-22T03:33:05.262Z] Updated status for 5cfd363d-f945-444d-b8c2-68a044abc76c to in-progress
[2024-10-22T03:33:05.262Z] Running Lighthouse for https://www.yantraindia.co.in
Runtime error encountered: Chrome prevented page load with an interstitial. Make sure you are testing the correct URL and that the server is properly responding to all requests.
[2024-10-22T03:33:17.484Z] Failed to audit https://www.yantraindia.co.in: Command failed: lighthouse https://www.yantraindia.co.in --chrome-flags="--headless --no-sandbox --disable-gpu --ignore-certificate-errors" --output json --output html --output-path /home/reeva-empire-1/Desktop/gov.in-audit/reports/5cfd363d-f945-444d-b8c2-68a044abc76c --quiet
[2024-10-22T03:33:17.486Z] Successfully uploaded /home/reeva-empire-1/Desktop/gov.in-audit/reports/81821bb5-46f5-4a23-819d-af4c7fc7d3c6.report.json to R2
[2024-10-22T03:33:17.492Z] Error updating status for 7c81b909-8b0d-4997-a403-f71603d52eda: Failed to update status for 7c81b909-8b0d-4997-a403-f71603d52eda: TypeError: fetch failed
[2024-10-22T03:33:17.492Z] Running Lighthouse for https://subathu.cantt.gov.in
[2024-10-22T03:33:41.761Z] Uploading reports for https://subathu.cantt.gov.in
[2024-10-22T03:33:41.768Z] Error updating status for f56eeb79-fc4a-4431-a748-eae4ed5ae382: Failed to update status for f56eeb79-fc4a-4431-a748-eae4ed5ae382: TypeError: fetch failed
[2024-10-22T03:33:41.768Z] Audit completed for https://chakrata.cantt.gov.in in 184.38 seconds
[2024-10-22T03:33:41.768Z] Starting audit for https://ahmedabad.cantt.gov.in
[2024-10-22T03:33:41.769Z] Error updating status for b06d97d8-2990-4ea8-ac41-22bbba83a506: Failed to update status for b06d97d8-2990-4ea8-ac41-22bbba83a506: TypeError: fetch failed
[2024-10-22T03:33:41.769Z] Running Lighthouse for https://bakloh.cantt.gov.in
[2024-10-22T03:34:01.258Z] Uploading reports for https://bakloh.cantt.gov.in
[2024-10-22T03:34:01.265Z] Updated status for 5cfd363d-f945-444d-b8c2-68a044abc76c to failed
[2024-10-22T03:34:01.265Z] Starting audit for https://www.dssc.gov.in
[2024-10-22T03:34:01.269Z] Updated status for 5eab301f-bfb3-4805-bc0e-a8c9228877e1 to in-progress
[2024-10-22T03:34:01.270Z] Running Lighthouse for https://ahmedabad.cantt.gov.in
[2024-10-22T03:34:24.065Z] Uploading reports for https://ahmedabad.cantt.gov.in
[2024-10-22T03:34:24.081Z] Error updating status for 85410cb6-b67e-4f2f-b451-803fa5833a1c: Failed to update status for 85410cb6-b67e-4f2f-b451-803fa5833a1c: TypeError: fetch failed
[2024-10-22T03:34:24.081Z] Running Lighthouse for https://www.dssc.gov.in
Runtime error encountered: The page did not paint any content. Please ensure you keep the browser window in the foreground during the load and try again. (NO_FCP)
[2024-10-22T03:36:43.671Z] Failed to audit https://www.dssc.gov.in: Command failed: lighthouse https://www.dssc.gov.in --chrome-flags="--headless --no-sandbox --disable-gpu --ignore-certificate-errors" --output json --output html --output-path /home/reeva-empire-1/Desktop/gov.in-audit/reports/85410cb6-b67e-4f2f-b451-803fa5833a1c --quiet
[2024-10-22T03:36:43.976Z] Updated status for 85410cb6-b67e-4f2f-b451-803fa5833a1c to failed
[2024-10-22T03:36:43.977Z] Starting audit for https://www.mdsuajmer.ac.in
[2024-10-22T03:36:44.493Z] Successfully uploaded /home/reeva-empire-1/Desktop/gov.in-audit/reports/7c81b909-8b0d-4997-a403-f71603d52eda.report.json to R2
[2024-10-22T03:36:44.647Z] Successfully uploaded /home/reeva-empire-1/Desktop/gov.in-audit/reports/b06d97d8-2990-4ea8-ac41-22bbba83a506.report.json to R2
[2024-10-22T03:36:44.706Z] Successfully uploaded /home/reeva-empire-1/Desktop/gov.in-audit/reports/81821bb5-46f5-4a23-819d-af4c7fc7d3c6.report.html to R2
[2024-10-22T03:36:44.797Z] Successfully uploaded /home/reeva-empire-1/Desktop/gov.in-audit/reports/5eab301f-bfb3-4805-bc0e-a8c9228877e1.report.json to R2
[2024-10-22T03:36:45.007Z] Updated status for 81821bb5-46f5-4a23-819d-af4c7fc7d3c6 to completed
[2024-10-22T03:36:45.007Z] Audit completed for https://idsa.in in 238.18 seconds
[2024-10-22T03:36:45.007Z] Starting audit for https://aftkolkata.nic.in
[2024-10-22T03:36:45.408Z] Updated status for e3a8a36b-f3aa-400d-815f-6d5e6afcd207 to in-progress
[2024-10-22T03:36:45.408Z] Running Lighthouse for https://www.mdsuajmer.ac.in
[2024-10-22T03:37:02.236Z] Uploading reports for https://www.mdsuajmer.ac.in
[2024-10-22T03:37:02.241Z] Successfully uploaded /home/reeva-empire-1/Desktop/gov.in-audit/reports/5eab301f-bfb3-4805-bc0e-a8c9228877e1.report.html to R2
[2024-10-22T03:37:02.242Z] Successfully uploaded /home/reeva-empire-1/Desktop/gov.in-audit/reports/7c81b909-8b0d-4997-a403-f71603d52eda.report.html to R2
[2024-10-22T03:37:02.244Z] Updated status for eef48b46-ffb1-4c02-8113-753aa414597a to in-progress
[2024-10-22T03:37:02.244Z] Running Lighthouse for https://aftkolkata.nic.in
[2024-10-22T03:37:21.313Z] Uploading reports for https://aftkolkata.nic.in
[2024-10-22T03:37:21.317Z] Successfully uploaded /home/reeva-empire-1/Desktop/gov.in-audit/reports/b06d97d8-2990-4ea8-ac41-22bbba83a506.report.html to R2
[2024-10-22T03:37:21.323Z] Updated status for 5eab301f-bfb3-4805-bc0e-a8c9228877e1 to completed
[2024-10-22T03:37:21.323Z] Audit completed for https://ahmedabad.cantt.gov.in in 180.97 seconds
[2024-10-22T03:37:21.323Z] Starting audit for https://cgda.nic.in
[2024-10-22T03:37:21.325Z] Updated status for 7c81b909-8b0d-4997-a403-f71603d52eda to completed
[2024-10-22T03:37:21.325Z] Audit completed for https://subathu.cantt.gov.in in 224.75 seconds
[2024-10-22T03:37:21.325Z] Starting audit for https://roorkee.cantt.gov.in
[2024-10-22T03:37:21.656Z] Updated status for 60ff53d8-abc9-4bbc-bcdf-460d76887ff5 to in-progress
[2024-10-22T03:37:21.656Z] Running Lighthouse for https://cgda.nic.in
[2024-10-22T03:37:39.200Z] Uploading reports for https://cgda.nic.in
[2024-10-22T03:37:39.205Z] Updated status for d6e9a236-01de-4110-b27e-f50456e49785 to in-progress
[2024-10-22T03:37:39.205Z] Running Lighthouse for https://roorkee.cantt.gov.in
[2024-10-22T03:38:00.440Z] Uploading reports for https://roorkee.cantt.gov.in
[2024-10-22T03:38:00.446Z] Updated status for b06d97d8-2990-4ea8-ac41-22bbba83a506 to completed
[2024-10-22T03:38:00.446Z] Audit completed for https://bakloh.cantt.gov.in in 219.55 seconds
[2024-10-22T03:38:00.446Z] Starting audit for https://pcdacc.gov.in
[2024-10-22T03:38:00.448Z] Successfully uploaded /home/reeva-empire-1/Desktop/gov.in-audit/reports/eef48b46-ffb1-4c02-8113-753aa414597a.report.json to R2
[2024-10-22T03:38:00.767Z] Updated status for 8e8036a5-80bc-44a4-ac90-4d5ee049faa4 to in-progress
[2024-10-22T03:38:00.767Z] Running Lighthouse for https://pcdacc.gov.in
Runtime error encountered: Chrome prevented page load with an interstitial. Make sure you are testing the correct URL and that the server is properly responding to all requests.
[2024-10-22T03:38:07.983Z] Failed to audit https://pcdacc.gov.in: Command failed: lighthouse https://pcdacc.gov.in --chrome-flags="--headless --no-sandbox --disable-gpu --ignore-certificate-errors" --output json --output html --output-path /home/reeva-empire-1/Desktop/gov.in-audit/reports/8e8036a5-80bc-44a4-ac90-4d5ee049faa4 --quiet
[2024-10-22T03:38:07.987Z] Successfully uploaded /home/reeva-empire-1/Desktop/gov.in-audit/reports/eef48b46-ffb1-4c02-8113-753aa414597a.report.html to R2
[2024-10-22T03:38:07.989Z] Successfully uploaded /home/reeva-empire-1/Desktop/gov.in-audit/reports/e3a8a36b-f3aa-400d-815f-6d5e6afcd207.report.json to R2
[2024-10-22T03:38:08.322Z] Updated status for eef48b46-ffb1-4c02-8113-753aa414597a to completed
[2024-10-22T03:38:08.322Z] Audit completed for https://aftkolkata.nic.in in 65.74 seconds
[2024-10-22T03:38:08.322Z] Starting audit for https://cdapatna.bihar.gov.in
[2024-10-22T03:38:08.750Z] Successfully uploaded /home/reeva-empire-1/Desktop/gov.in-audit/reports/d6e9a236-01de-4110-b27e-f50456e49785.report.json to R2
[2024-10-22T03:38:08.836Z] Successfully uploaded /home/reeva-empire-1/Desktop/gov.in-audit/reports/60ff53d8-abc9-4bbc-bcdf-460d76887ff5.report.json to R2
[2024-10-22T03:38:08.895Z] Updated status for 8e8036a5-80bc-44a4-ac90-4d5ee049faa4 to failed
[2024-10-22T03:38:08.895Z] Starting audit for https://www.hal-india.co.in
[2024-10-22T03:38:09.031Z] Successfully uploaded /home/reeva-empire-1/Desktop/gov.in-audit/reports/e3a8a36b-f3aa-400d-815f-6d5e6afcd207.report.html to R2
[2024-10-22T03:38:09.189Z] Updated status for 95a9ab5b-d347-441e-97f9-55db601d45a1 to in-progress
[2024-10-22T03:38:09.189Z] Running Lighthouse for https://www.hal-india.co.in
[2024-10-22T03:38:40.629Z] Uploading reports for https://www.hal-india.co.in
[2024-10-22T03:38:40.635Z] Updated status for e3a8a36b-f3aa-400d-815f-6d5e6afcd207 to completed
[2024-10-22T03:38:40.635Z] Audit completed for https://www.mdsuajmer.ac.in in 83.62 seconds
[2024-10-22T03:38:40.635Z] Starting audit for https://indiannavy.nic.in
[2024-10-22T03:38:40.636Z] Updated status for c571a580-c45d-46c8-9c64-4203105b17c7 to in-progress
[2024-10-22T03:38:40.636Z] Running Lighthouse for https://cdapatna.bihar.gov.in
Runtime error encountered: Chrome prevented page load with an interstitial. Make sure you are testing the correct URL and that the server is properly responding to all requests.
[2024-10-22T03:38:48.441Z] Failed to audit https://cdapatna.bihar.gov.in: Command failed: lighthouse https://cdapatna.bihar.gov.in --chrome-flags="--headless --no-sandbox --disable-gpu --ignore-certificate-errors" --output json --output html --output-path /home/reeva-empire-1/Desktop/gov.in-audit/reports/c571a580-c45d-46c8-9c64-4203105b17c7 --quiet
[2024-10-22T03:38:48.443Z] Successfully uploaded /home/reeva-empire-1/Desktop/gov.in-audit/reports/60ff53d8-abc9-4bbc-bcdf-460d76887ff5.report.html to R2
[2024-10-22T03:38:48.445Z] Successfully uploaded /home/reeva-empire-1/Desktop/gov.in-audit/reports/d6e9a236-01de-4110-b27e-f50456e49785.report.html to R2
[2024-10-22T03:38:48.449Z] Updated status for 90263774-d55d-491b-845a-c60223cae4e1 to in-progress
[2024-10-22T03:38:48.449Z] Running Lighthouse for https://indiannavy.nic.in
an.gov.in
[2024-10-22T02:57:30.855Z] Updated status for 7a9dc570-0b41-4935-a807-15278a0754af to in-progress
[2024-10-22T02:57:30.855Z] Running Lighthouse for https://wbregistration.gov.in
Invalid dependency graph created, cycle detected
[2024-10-22T02:57:58.189Z] Uploading reports for https://wbregistration.gov.in
[2024-10-22T02:58:00.746Z] Successfully uploaded /home/reeva-empire-1/Desktop/gov.in-audit/reports/7a9dc570-0b41-4935-a807-15278a0754af.report.json to R2
[2024-10-22T02:58:01.421Z] Successfully uploaded /home/reeva-empire-1/Desktop/gov.in-audit/reports/15c31436-23ce-4589-a284-3f942b757dd0.report.json to R2
[2024-10-22T02:58:01.521Z] Successfully uploaded /home/reeva-empire-1/Desktop/gov.in-audit/reports/aa505696-8ce8-4f4e-bc5f-01f4e0967a32.report.json to R2
[2024-10-22T02:58:01.582Z] Successfully uploaded /home/reeva-empire-1/Desktop/gov.in-audit/reports/28a78150-88e3-4ad3-a020-4f96abb8d49c.report.json to R2
[2024-10-22T02:58:01.593Z] Successfully uploaded /home/reeva-empire-1/Desktop/gov.in-audit/reports/ff57f33c-4703-4351-a4e9-a23156031854.report.json to R2
[2024-10-22T02:58:02.080Z] Successfully uploaded /home/reeva-empire-1/Desktop/gov.in-audit/reports/15c31436-23ce-4589-a284-3f942b757dd0.report.html to R2
[2024-10-22T02:58:02.318Z] Successfully uploaded /home/reeva-empire-1/Desktop/gov.in-audit/reports/aa505696-8ce8-4f4e-bc5f-01f4e0967a32.report.html to R2
[2024-10-22T02:58:02.387Z] Updated status for 15c31436-23ce-4589-a284-3f942b757dd0 to completed
[2024-10-22T02:58:02.387Z] Audit completed for https://aurangabad.bih.nic.in in 66.93 seconds
[2024-10-22T02:58:02.387Z] Starting audit for https://korba.gov.in
[2024-10-22T02:58:02.391Z] Successfully uploaded /home/reeva-empire-1/Desktop/gov.in-audit/reports/28a78150-88e3-4ad3-a020-4f96abb8d49c.report.html to R2
[2024-10-22T02:58:02.550Z] Successfully uploaded /home/reeva-empire-1/Desktop/gov.in-audit/reports/ff57f33c-4703-4351-a4e9-a23156031854.report.html to R2
[2024-10-22T02:58:02.705Z] Updated status for 28a78150-88e3-4ad3-a020-4f96abb8d49c to completed
[2024-10-22T02:58:02.705Z] Audit completed for https://kosidivision.bih.nic.in in 90.09 seconds
[2024-10-22T02:58:02.705Z] Starting audit for https://hrms.jharkhand.gov.in
[2024-10-22T02:58:02.750Z] Updated status for aa505696-8ce8-4f4e-bc5f-01f4e0967a32 to completed
[2024-10-22T02:58:02.750Z] Audit completed for https://allurisitharamaraju.ap.gov.in in 113.05 seconds
[2024-10-22T02:58:02.750Z] Starting audit for https://louchapathap.nic.in
[2024-10-22T02:58:02.781Z] Updated status for 0d27d6fd-75bc-4c28-9bfa-51ee67ae88ba to in-progress
[2024-10-22T02:58:02.781Z] Running Lighthouse for https://korba.gov.in
[2024-10-22T02:58:20.531Z] Uploading reports for https://korba.gov.in
[2024-10-22T02:58:20.538Z] Updated status for ff57f33c-4703-4351-a4e9-a23156031854 to completed
[2024-10-22T02:58:20.538Z] Audit completed for https://eproc.rajasthan.gov.in in 47.33 seconds
[2024-10-22T02:58:20.538Z] Starting audit for https://eprocure.gov.in
[2024-10-22T02:58:20.540Z] Updated status for dcfcc0d8-c20b-41fc-bc04-dcac0e23a058 to in-progress
[2024-10-22T02:58:20.540Z] Running Lighthouse for https://louchapathap.nic.in
[2024-10-22T02:58:32.885Z] Uploading reports for https://louchapathap.nic.in
[2024-10-22T02:58:32.889Z] Successfully uploaded /home/reeva-empire-1/Desktop/gov.in-audit/reports/7a9dc570-0b41-4935-a807-15278a0754af.report.html to R2
[2024-10-22T02:58:32.893Z] Updated status for 61c38102-3466-46c6-9160-081add026f34 to in-progress
[2024-10-22T02:58:32.893Z] Running Lighthouse for https://eprocure.gov.in
[2024-10-22T02:59:02.286Z] Uploading reports for https://eprocure.gov.in
[2024-10-22T02:59:02.290Z] Error updating status for 8762a886-5640-4048-81a2-4c4c1f2dd156: Failed to update status for 8762a886-5640-4048-81a2-4c4c1f2dd156: TypeError: fetch failed
[2024-10-22T02:59:02.290Z] Running Lighthouse for https://hrms.jharkhand.gov.in
[2024-10-22T02:59:15.045Z] Uploading reports for https://hrms.jharkhand.gov.in
[2024-10-22T02:59:15.053Z] Updated status for 7a9dc570-0b41-4935-a807-15278a0754af to completed
[2024-10-22T02:59:15.053Z] Audit completed for https://wbregistration.gov.in in 62.03 seconds
[2024-10-22T02:59:15.053Z] Starting audit for https://www.pension.mp.gov.in
[2024-10-22T02:59:15.675Z] Successfully uploaded /home/reeva-empire-1/Desktop/gov.in-audit/reports/8762a886-5640-4048-81a2-4c4c1f2dd156.report.json to R2
[2024-10-22T02:59:15.810Z] Successfully uploaded /home/reeva-empire-1/Desktop/gov.in-audit/reports/0d27d6fd-75bc-4c28-9bfa-51ee67ae88ba.report.json to R2
[2024-10-22T02:59:15.987Z] Successfully uploaded /home/reeva-empire-1/Desktop/gov.in-audit/reports/61c38102-3466-46c6-9160-081add026f34.report.json to R2
[2024-10-22T02:59:16.257Z] Updated status for d6d886b7-e191-4f5f-9546-ecd7f217fd05 to in-progress
[2024-10-22T02:59:16.257Z] Running Lighthouse for https://www.pension.mp.gov.in
[2024-10-22T02:59:36.283Z] Uploading reports for https://www.pension.mp.gov.in
[2024-10-22T02:59:36.288Z] Successfully uploaded /home/reeva-empire-1/Desktop/gov.in-audit/reports/8762a886-5640-4048-81a2-4c4c1f2dd156.report.html to R2
[2024-10-22T02:59:36.290Z] Successfully uploaded /home/reeva-empire-1/Desktop/gov.in-audit/reports/0d27d6fd-75bc-4c28-9bfa-51ee67ae88ba.report.html to R2
[2024-10-22T02:59:36.291Z] Successfully uploaded /home/reeva-empire-1/Desktop/gov.in-audit/reports/dcfcc0d8-c20b-41fc-bc04-dcac0e23a058.report.json to R2
[2024-10-22T02:59:36.295Z] Successfully uploaded /home/reeva-empire-1/Desktop/gov.in-audit/reports/61c38102-3466-46c6-9160-081add026f34.report.html to R2
[2024-10-22T02:59:36.598Z] Updated status for 8762a886-5640-4048-81a2-4c4c1f2dd156 to completed
[2024-10-22T02:59:36.598Z] Audit completed for https://hrms.jharkhand.gov.in in 34.00 seconds
[2024-10-22T02:59:36.598Z] Starting audit for https://trafficpolicemumbai.maharashtra.gov.in
[2024-10-22T02:59:36.678Z] Updated status for 0d27d6fd-75bc-4c28-9bfa-51ee67ae88ba to completed
[2024-10-22T02:59:36.678Z] Audit completed for https://korba.gov.in in 93.51 seconds
[2024-10-22T02:59:36.678Z] Starting audit for https://www.goa.gov.in
[2024-10-22T02:59:36.965Z] Updated status for d585c6f6-2c32-4c06-a861-e850e0fb2d6b to in-progress
[2024-10-22T02:59:36.965Z] Running Lighthouse for https://www.goa.gov.in
[2024-10-22T02:59:56.613Z] Uploading reports for https://www.goa.gov.in
[2024-10-22T02:59:56.639Z] Successfully uploaded /home/reeva-empire-1/Desktop/gov.in-audit/reports/d6d886b7-e191-4f5f-9546-ecd7f217fd05.report.json to R2
[2024-10-22T02:59:56.661Z] Updated status for 61c38102-3466-46c6-9160-081add026f34 to completed
[2024-10-22T02:59:56.662Z] Audit completed for https://eprocure.gov.in in 63.40 seconds
[2024-10-22T02:59:56.662Z] Starting audit for https://vijayanagara.nic.in
[2024-10-22T02:59:56.665Z] Updated status for 92933bf8-40d6-4107-abb4-502ef6de2b9a to in-progress
[2024-10-22T02:59:56.666Z] Running Lighthouse for https://trafficpolicemumbai.maharashtra.gov.in
[2024-10-22T03:00:19.351Z] Uploading reports for https://trafficpolicemumbai.maharashtra.gov.in
[2024-10-22T03:00:19.356Z] Successfully uploaded /home/reeva-empire-1/Desktop/gov.in-audit/reports/dcfcc0d8-c20b-41fc-bc04-dcac0e23a058.report.html to R2
[2024-10-22T03:00:19.359Z] Updated status for 0a2099ca-2f07-4a06-ac7c-1f77d74a2bff to in-progress
[2024-10-22T03:00:19.359Z] Running Lighthouse for https://vijayanagara.nic.in
[2024-10-22T03:00:38.277Z] Uploading reports for https://vijayanagara.nic.in
[2024-10-22T03:00:38.310Z] Updated status for dcfcc0d8-c20b-41fc-bc04-dcac0e23a058 to completed
[2024-10-22T03:00:38.310Z] Audit completed for https://louchapathap.nic.in in 118.82 seconds
[2024-10-22T03:00:38.310Z] Starting audit for https://projectuday.gov.in
[2024-10-22T03:00:38.632Z] Updated status for ffb9ef7e-2c71-4f99-982d-87ebcc980385 to in-progress
[2024-10-22T03:00:38.632Z] Running Lighthouse for https://projectuday.gov.in
Runtime error encountered: Chrome prevented page load with an interstitial. Make sure you are testing the correct URL and that the server is properly responding to all requests.
[2024-10-22T03:00:47.163Z] Failed to audit https://projectuday.gov.in: Command failed: lighthouse https://projectuday.gov.in --chrome-flags="--headless --no-sandbox --disable-gpu" --output json --output html --output-path /home/reeva-empire-1/Desktop/gov.in-audit/reports/ffb9ef7e-2c71-4f99-982d-87ebcc980385 --quiet
[2024-10-22T03:00:47.165Z] Successfully uploaded /home/reeva-empire-1/Desktop/gov.in-audit/reports/0a2099ca-2f07-4a06-ac7c-1f77d74a2bff.report.json to R2
[2024-10-22T03:00:47.464Z] Updated status for ffb9ef7e-2c71-4f99-982d-87ebcc980385 to failed
[2024-10-22T03:00:47.465Z] Starting audit for https://dnh.gov.in
[2024-10-22T03:00:47.624Z] Successfully uploaded /home/reeva-empire-1/Desktop/gov.in-audit/reports/d6d886b7-e191-4f5f-9546-ecd7f217fd05.report.html to R2
[2024-10-22T03:00:47.658Z] Successfully uploaded /home/reeva-empire-1/Desktop/gov.in-audit/reports/d585c6f6-2c32-4c06-a861-e850e0fb2d6b.report.json to R2
[2024-10-22T03:00:47.776Z] Updated status for bba5922a-6aff-4868-a8e1-05896a49074e to in-progress
[2024-10-22T03:00:47.776Z] Running Lighthouse for https://dnh.gov.in
[2024-10-22T03:01:10.603Z] Uploading reports for https://dnh.gov.in
[2024-10-22T03:01:10.609Z] Updated status for d6d886b7-e191-4f5f-9546-ecd7f217fd05 to completed
[2024-10-22T03:01:10.609Z] Audit completed for https://www.pension.mp.gov.in in 91.37 seconds
[2024-10-22T03:01:10.609Z] Starting audit for https://kapurthalapolice.gov.in
[2024-10-22T03:01:10.611Z] Successfully uploaded /home/reeva-empire-1/Desktop/gov.in-audit/reports/92933bf8-40d6-4107-abb4-502ef6de2b9a.report.json to R2
[2024-10-22T03:01:10.615Z] Successfully uploaded /home/reeva-empire-1/Desktop/gov.in-audit/reports/0a2099ca-2f07-4a06-ac7c-1f77d74a2bff.report.html to R2
[2024-10-22T03:01:10.908Z] Updated status for 4a31e980-ded0-4ebb-b911-6b3b1b332c3f to in-progress
[2024-10-22T03:01:10.908Z] Running Lighthouse for https://kapurthalapolice.gov.in
Invalid dependency graph created, cycle detected
[2024-10-22T03:01:27.634Z] Uploading reports for https://kapurthalapolice.gov.in
[2024-10-22T03:01:27.641Z] Updated status for 0a2099ca-2f07-4a06-ac7c-1f77d74a2bff to completed
[2024-10-22T03:01:27.641Z] Audit completed for https://vijayanagara.nic.in in 51.26 seconds
[2024-10-22T03:01:27.641Z] Starting audit for https://www.egazetteodisha.nic.in
[2024-10-22T03:01:27.643Z] Successfully uploaded /home/reeva-empire-1/Desktop/gov.in-audit/reports/d585c6f6-2c32-4c06-a861-e850e0fb2d6b.report.html to R2
[2024-10-22T03:01:27.944Z] Updated status for a502cc1b-df19-47ea-a18e-39ef43d187b0 to in-progress
[2024-10-22T03:01:27.944Z] Running Lighthouse for https://www.egazetteodisha.nic.in
Runtime error encountered: The URL you have provided does not have a valid security certificate. net::ERR_CERT_DATE_INVALID
[2024-10-22T03:01:34.767Z] Failed to audit https://www.egazetteodisha.nic.in: Command failed: lighthouse https://www.egazetteodisha.nic.in --chrome-flags="--headless --no-sandbox --disable-gpu" --output json --output html --output-path /home/reeva-empire-1/Desktop/gov.in-audit/reports/a502cc1b-df19-47ea-a18e-39ef43d187b0 --quiet
[2024-10-22T03:01:34.769Z] Updated status for d585c6f6-2c32-4c06-a861-e850e0fb2d6b to completed
[2024-10-22T03:01:34.769Z] Audit completed for https://www.goa.gov.in in 110.68 seconds
[2024-10-22T03:01:34.769Z] Starting audit for https://www.rmcratlam.in
[2024-10-22T03:01:34.771Z] Successfully uploaded /home/reeva-empire-1/Desktop/gov.in-audit/reports/bba5922a-6aff-4868-a8e1-05896a49074e.report.json to R2
[2024-10-22T03:01:35.069Z] Updated status for 2e0dcd7a-9915-468c-b262-f651e98d6168 to in-progress
[2024-10-22T03:01:35.069Z] Running Lighthouse for https://www.rmcratlam.in
[2024-10-22T03:01:54.009Z] Uploading reports for https://www.rmcratlam.in
[2024-10-22T03:01:54.014Z] Updated status for a502cc1b-df19-47ea-a18e-39ef43d187b0 to failed
[2024-10-22T03:01:54.014Z] Starting audit for https://puruliapolice.org
[2024-10-22T03:01:54.015Z] Successfully uploaded /home/reeva-empire-1/Desktop/gov.in-audit/reports/4a31e980-ded0-4ebb-b911-6b3b1b332c3f.report.json to R2
[2024-10-22T03:01:54.020Z] Successfully uploaded /home/reeva-empire-1/Desktop/gov.in-audit/reports/bba5922a-6aff-4868-a8e1-05896a49074e.report.html to R2
[2024-10-22T03:01:54.304Z] Updated status for c654c3b0-4269-45a6-9e11-5411a45ed740 to in-progress
[2024-10-22T03:01:54.305Z] Running Lighthouse for https://puruliapolice.org
[2024-10-22T03:02:24.816Z] Uploading reports for https://puruliapolice.org
[2024-10-22T03:02:24.822Z] Updated status for bba5922a-6aff-4868-a8e1-05896a49074e to completed
[2024-10-22T03:02:24.822Z] Audit completed for https://dnh.gov.in in 66.24 seconds
[2024-10-22T03:02:24.822Z] Starting audit for https://www.birdgroup.co.in
[2024-10-22T03:02:24.823Z] Successfully uploaded /home/reeva-empire-1/Desktop/gov.in-audit/reports/92933bf8-40d6-4107-abb4-502ef6de2b9a.report.html to R2
[2024-10-22T03:02:25.153Z] Updated status for c20cd319-8f6d-4e3e-bc27-e5bfe04a831c to in-progress
[2024-10-22T03:02:25.153Z] Running Lighthouse for https://www.birdgroup.co.in
Invalid dependency graph created, cycle detected
[2024-10-22T03:02:44.122Z] Uploading reports for https://www.birdgroup.co.in
[2024-10-22T03:02:44.127Z] Updated status for 92933bf8-40d6-4107-abb4-502ef6de2b9a to completed
[2024-10-22T03:02:44.127Z] Audit completed for https://trafficpolicemumbai.maharashtra.gov.in in 148.16 seconds
[2024-10-22T03:02:44.127Z] Starting audit for https://garvibeta.gujarat.gov.in
[2024-10-22T03:02:44.128Z] Successfully uploaded /home/reeva-empire-1/Desktop/gov.in-audit/reports/4a31e980-ded0-4ebb-b911-6b3b1b332c3f.report.html to R2
[2024-10-22T03:02:44.427Z] Updated status for efed4057-e7c3-4e7f-9356-27626c077c0c to in-progress
[2024-10-22T03:02:44.427Z] Running Lighthouse for https://garvibeta.gujarat.gov.in
Invalid dependency graph created, cycle detected
[2024-10-22T03:02:58.642Z] Uploading reports for https://garvibeta.gujarat.gov.in
[2024-10-22T03:02:58.646Z] Updated status for 4a31e980-ded0-4ebb-b911-6b3b1b332c3f to completed
[2024-10-22T03:02:58.646Z] Audit completed for https://kapurthalapolice.gov.in in 93.22 seconds
[2024-10-22T03:02:58.646Z] Starting audit for https://eproc.karnataka.gov.in
[2024-10-22T03:02:58.647Z] Successfully uploaded /home/reeva-empire-1/Desktop/gov.in-audit/reports/c654c3b0-4269-45a6-9e11-5411a45ed740.report.json to R2
[2024-10-22T03:02:58.964Z] Updated status for 4214621b-a564-4c67-90f0-8e79ef4ddff0 to in-progress
[2024-10-22T03:02:58.964Z] Running Lighthouse for https://eproc.karnataka.gov.in
[2024-10-22T03:03:13.345Z] Uploading reports for https://eproc.karnataka.gov.in
[2024-10-22T03:03:13.354Z] Successfully uploaded /home/reeva-empire-1/Desktop/gov.in-audit/reports/c654c3b0-4269-45a6-9e11-5411a45ed740.report.html to R2
[2024-10-22T03:03:13.662Z] Updated status for c654c3b0-4269-45a6-9e11-5411a45ed740 to completed
[2024-10-22T03:03:13.662Z] Audit completed for https://puruliapolice.org in 79.05 seconds
[2024-10-22T03:03:13.662Z] Starting audit for https://www.mygov.in
[2024-10-22T03:03:13.866Z] Successfully uploaded /home/reeva-empire-1/Desktop/gov.in-audit/reports/efed4057-e7c3-4e7f-9356-27626c077c0c.report.json to R2
[2024-10-22T03:03:13.927Z] Successfully uploaded /home/reeva-empire-1/Desktop/gov.in-audit/reports/2e0dcd7a-9915-468c-b262-f651e98d6168.report.json to R2
[2024-10-22T03:03:13.963Z] Updated status for cedadcd1-3853-4013-9e4c-9845b5520c43 to in-progress
[2024-10-22T03:03:13.963Z] Running Lighthouse for https://www.mygov.in
[2024-10-22T03:04:38.716Z] Uploading reports for https://www.mygov.in
[2024-10-22T03:04:38.727Z] Successfully uploaded /home/reeva-empire-1/Desktop/gov.in-audit/reports/c20cd319-8f6d-4e3e-bc27-e5bfe04a831c.report.json to R2
[2024-10-22T03:04:38.731Z] Successfully uploaded /home/reeva-empire-1/Desktop/gov.in-audit/reports/4214621b-a564-4c67-90f0-8e79ef4ddff0.report.json to R2
[2024-10-22T03:04:39.529Z] Successfully uploaded /home/reeva-empire-1/Desktop/gov.in-audit/reports/4214621b-a564-4c67-90f0-8e79ef4ddff0.report.html to R2
[2024-10-22T03:04:39.678Z] Successfully uploaded /home/reeva-empire-1/Desktop/gov.in-audit/reports/efed4057-e7c3-4e7f-9356-27626c077c0c.report.html to R2
[2024-10-22T03:04:39.843Z] Updated status for 4214621b-a564-4c67-90f0-8e79ef4ddff0 to completed
[2024-10-22T03:04:39.843Z] Audit completed for https://eproc.karnataka.gov.in in 100.57 seconds
[2024-10-22T03:04:39.843Z] Starting audit for https://www.jda.gov.in/en
[2024-10-22T03:04:39.848Z] Successfully uploaded /home/reeva-empire-1/Desktop/gov.in-audit/reports/2e0dcd7a-9915-468c-b262-f651e98d6168.report.html to R2
[2024-10-22T03:04:40.050Z] Successfully uploaded /home/reeva-empire-1/Desktop/gov.in-audit/reports/c20cd319-8f6d-4e3e-bc27-e5bfe04a831c.report.html to R2
[2024-10-22T03:04:40.157Z] Updated status for 2e0dcd7a-9915-468c-b262-f651e98d6168 to completed
[2024-10-22T03:04:40.157Z] Audit completed for https://www.rmcratlam.in in 184.78 seconds
[2024-10-22T03:04:40.157Z] Starting audit for https://mauganj.nic.in/en
[2024-10-22T03:04:40.227Z] Updated status for 7a4019da-8e5e-44d9-8126-cca5f2460b0a to in-progress
[2024-10-22T03:04:40.227Z] Running Lighthouse for https://www.jda.gov.in/en
[2024-10-22T03:05:14.306Z] Uploading reports for https://www.jda.gov.in/en
[2024-10-22T03:05:14.316Z] Updated status for efed4057-e7c3-4e7f-9356-27626c077c0c to completed
[2024-10-22T03:05:14.316Z] Audit completed for https://garvibeta.gujarat.gov.in in 115.25 seconds
[2024-10-22T03:05:14.317Z] Starting audit for https://www.lbsnaa.gov.in
[2024-10-22T03:05:14.323Z] Updated status for c20cd319-8f6d-4e3e-bc27-e5bfe04a831c to completed
[2024-10-22T03:05:14.323Z] Audit completed for https://www.birdgroup.co.in in 134.90 seconds
[2024-10-22T03:05:14.323Z] Starting audit for https://www.jhpolice.gov.in
[2024-10-22T03:05:14.325Z] Successfully uploaded /home/reeva-empire-1/Desktop/gov.in-audit/reports/cedadcd1-3853-4013-9e4c-9845b5520c43.report.json to R2
[2024-10-22T03:05:14.334Z] Error updating status for 0af9e04e-01e3-4a0b-9197-cbcb26521b31: Failed to update status for 0af9e04e-01e3-4a0b-9197-cbcb26521b31: TypeError: fetch failed
[2024-10-22T03:05:14.334Z] Running Lighthouse for https://mauganj.nic.in/en
Invalid dependency graph created, cycle detected
[2024-10-22T03:05:35.355Z] Uploading reports for https://mauganj.nic.in/en
[2024-10-22T03:05:35.365Z] Updated status for 165f3c7a-dc88-41ba-a004-90fe8abfe160 to in-progress
[2024-10-22T03:05:35.365Z] Running Lighthouse for https://www.jhpolice.gov.in
[2024-10-22T03:05:52.739Z] Uploading reports for https://www.jhpolice.gov.in
[2024-10-22T03:05:52.743Z] Updated status for 6152af58-0eaa-43fe-a730-9e272296d980 to in-progress
[2024-10-22T03:05:52.743Z] Running Lighthouse for https://www.lbsnaa.gov.in
[2024-10-22T03:06:22.319Z] Uploading reports for https://www.lbsnaa.gov.in
[2024-10-22T03:06:23.301Z] Successfully uploaded /home/reeva-empire-1/Desktop/gov.in-audit/reports/6152af58-0eaa-43fe-a730-9e272296d980.report.json to R2
[2024-10-22T03:06:23.357Z] Successfully uploaded /home/reeva-empire-1/Desktop/gov.in-audit/reports/7a4019da-8e5e-44d9-8126-cca5f2460b0a.report.json to R2
[2024-10-22T03:06:23.436Z] Successfully uploaded /home/reeva-empire-1/Desktop/gov.in-audit/reports/165f3c7a-dc88-41ba-a004-90fe8abfe160.report.json to R2
[2024-10-22T03:06:23.791Z] Successfully uploaded /home/reeva-empire-1/Desktop/gov.in-audit/reports/0af9e04e-01e3-4a0b-9197-cbcb26521b31.report.json to R2
[2024-10-22T03:06:24.017Z] Successfully uploaded /home/reeva-empire-1/Desktop/gov.in-audit/reports/7a4019da-8e5e-44d9-8126-cca5f2460b0a.report.html to R2
[2024-10-22T03:06:24.071Z] Successfully uploaded /home/reeva-empire-1/Desktop/gov.in-audit/reports/cedadcd1-3853-4013-9e4c-9845b5520c43.report.html to R2
[2024-10-22T03:06:24.107Z] Successfully uploaded /home/reeva-empire-1/Desktop/gov.in-audit/reports/6152af58-0eaa-43fe-a730-9e272296d980.report.html to R2
[2024-10-22T03:06:24.191Z] Successfully uploaded /home/reeva-empire-1/Desktop/gov.in-audit/reports/165f3c7a-dc88-41ba-a004-90fe8abfe160.report.html to R2
[2024-10-22T03:06:24.340Z] Updated status for 7a4019da-8e5e-44d9-8126-cca5f2460b0a to completed
[2024-10-22T03:06:24.340Z] Audit completed for https://www.jda.gov.in/en in 103.79 seconds
[2024-10-22T03:06:24.340Z] Starting audit for https://mplads.gov.in
[2024-10-22T03:06:24.415Z] Updated status for 6152af58-0eaa-43fe-a730-9e272296d980 to completed
[2024-10-22T03:06:24.415Z] Audit completed for https://www.lbsnaa.gov.in in 31.36 seconds
[2024-10-22T03:06:24.416Z] Starting audit for https://addaonline.in
[2024-10-22T03:06:24.498Z] Updated status for cedadcd1-3853-4013-9e4c-9845b5520c43 to completed
[2024-10-22T03:06:24.498Z] Audit completed for https://www.mygov.in in 190.11 seconds
[2024-10-22T03:06:24.498Z] Starting audit for https://aaplesarkar.maharashtra.gov.in
[2024-10-22T03:06:24.551Z] Successfully uploaded /home/reeva-empire-1/Desktop/gov.in-audit/reports/0af9e04e-01e3-4a0b-9197-cbcb26521b31.report.html to R2
[2024-10-22T03:06:24.563Z] Updated status for 165f3c7a-dc88-41ba-a004-90fe8abfe160 to completed
[2024-10-22T03:06:24.563Z] Audit completed for https://www.jhpolice.gov.in in 48.83 seconds
[2024-10-22T03:06:24.563Z] Starting audit for https://dse.bihar.gov.in
[2024-10-22T03:06:24.725Z] Updated status for 714242f8-c3a8-44e9-ba68-958322162be0 to in-progress
[2024-10-22T03:06:24.726Z] Running Lighthouse for https://addaonline.in
[2024-10-22T03:07:16.439Z] Uploading reports for https://addaonline.in
[2024-10-22T03:07:16.444Z] Updated status for b1fc4bae-9f94-47c7-a7a8-9ba41f3e1d74 to in-progress
[2024-10-22T03:07:16.444Z] Running Lighthouse for https://aaplesarkar.maharashtra.gov.in
[2024-10-22T03:07:29.575Z] Uploading reports for https://aaplesarkar.maharashtra.gov.in
[2024-10-22T03:07:29.579Z] Updated status for 0af9e04e-01e3-4a0b-9197-cbcb26521b31 to completed
[2024-10-22T03:07:29.579Z] Audit completed for https://mauganj.nic.in/en in 70.22 seconds
[2024-10-22T03:07:29.579Z] Starting audit for https://eservices.tnpolice.gov.in
[2024-10-22T03:07:29.581Z] Updated status for 654607dd-29f2-427a-b499-64b9997d0179 to in-progress
[2024-10-22T03:07:29.581Z] Running Lighthouse for https://mplads.gov.in
Invalid dependency graph created, cycle detected
[2024-10-22T03:07:57.764Z] Uploading reports for https://mplads.gov.in
[2024-10-22T03:07:57.768Z] Updated status for b14a8da1-c05f-4026-bbb9-c8bf7be463e0 to in-progress
[2024-10-22T03:07:57.768Z] Running Lighthouse for https://dse.bihar.gov.in
Runtime error encountered: The URL you have provided does not have a valid security certificate. net::ERR_CERT_DATE_INVALID
[2024-10-22T03:08:04.423Z] Failed to audit https://dse.bihar.gov.in: Command failed: lighthouse https://dse.bihar.gov.in --chrome-flags="--headless --no-sandbox --disable-gpu" --output json --output html --output-path /home/reeva-empire-1/Desktop/gov.in-audit/reports/b14a8da1-c05f-4026-bbb9-c8bf7be463e0 --quiet
[2024-10-22T03:08:04.430Z] Updated status for 8fcadf13-d493-4341-9cbe-c4b0b6f070a8 to in-progress
[2024-10-22T03:08:04.430Z] Running Lighthouse for https://eservices.tnpolice.gov.in
[2024-10-22T03:08:22.888Z] Uploading reports for https://eservices.tnpolice.gov.in
[2024-10-22T03:08:22.896Z] Updated status for b14a8da1-c05f-4026-bbb9-c8bf7be463e0 to failed
[2024-10-22T03:08:22.896Z] Starting audit for https://himachalforms.nic.in
[2024-10-22T03:08:23.222Z] Updated status for 1f457de8-2c66-4048-afed-ba4d3bb89b1c to in-progress
[2024-10-22T03:08:23.222Z] Running Lighthouse for https://himachalforms.nic.in
[2024-10-22T03:08:36.420Z] Uploading reports for https://himachalforms.nic.in
[2024-10-22T03:08:36.425Z] Successfully uploaded /home/reeva-empire-1/Desktop/gov.in-audit/reports/b1fc4bae-9f94-47c7-a7a8-9ba41f3e1d74.report.json to R2
[2024-10-22T03:08:36.428Z] Successfully uploaded /home/reeva-empire-1/Desktop/gov.in-audit/reports/8fcadf13-d493-4341-9cbe-c4b0b6f070a8.report.json to R2
[2024-10-22T03:08:37.102Z] Successfully uploaded /home/reeva-empire-1/Desktop/gov.in-audit/reports/b1fc4bae-9f94-47c7-a7a8-9ba41f3e1d74.report.html to R2
[2024-10-22T03:08:37.127Z] Successfully uploaded /home/reeva-empire-1/Desktop/gov.in-audit/reports/8fcadf13-d493-4341-9cbe-c4b0b6f070a8.report.html to R2
[2024-10-22T03:08:37.265Z] Successfully uploaded /home/reeva-empire-1/Desktop/gov.in-audit/reports/1f457de8-2c66-4048-afed-ba4d3bb89b1c.report.json to R2
[2024-10-22T03:08:37.314Z] Successfully uploaded /home/reeva-empire-1/Desktop/gov.in-audit/reports/654607dd-29f2-427a-b499-64b9997d0179.report.json to R2
[2024-10-22T03:08:37.444Z] Updated status for b1fc4bae-9f94-47c7-a7a8-9ba41f3e1d74 to completed
[2024-10-22T03:08:37.444Z] Audit completed for https://aaplesarkar.maharashtra.gov.in in 80.66 seconds
[2024-10-22T03:08:37.444Z] Starting audit for https://ladakh.nic.in
[2024-10-22T03:08:37.857Z] Successfully uploaded /home/reeva-empire-1/Desktop/gov.in-audit/reports/714242f8-c3a8-44e9-ba68-958322162be0.report.json to R2
[2024-10-22T03:08:37.995Z] Successfully uploaded /home/reeva-empire-1/Desktop/gov.in-audit/reports/1f457de8-2c66-4048-afed-ba4d3bb89b1c.report.html to R2
[2024-10-22T03:08:38.204Z] Successfully uploaded /home/reeva-empire-1/Desktop/gov.in-audit/reports/654607dd-29f2-427a-b499-64b9997d0179.report.html to R2
[2024-10-22T03:08:38.238Z] Updated status for a9081646-44e3-4386-b7d0-c0a83ea2640c to in-progress
[2024-10-22T03:08:38.238Z] Running Lighthouse for https://ladakh.nic.in
Invalid dependency graph created, cycle detected
[2024-10-22T03:09:06.302Z] Uploading reports for https://ladakh.nic.in
[2024-10-22T03:09:06.307Z] Updated status for 1f457de8-2c66-4048-afed-ba4d3bb89b1c to completed
[2024-10-22T03:09:06.307Z] Audit completed for https://himachalforms.nic.in in 14.77 seconds
[2024-10-22T03:09:06.307Z] Starting audit for https://aadhaar.rajasthan.gov.in
[2024-10-22T03:09:06.308Z] Updated status for 654607dd-29f2-427a-b499-64b9997d0179 to completed
[2024-10-22T03:09:06.308Z] Audit completed for https://mplads.gov.in in 68.62 seconds
[2024-10-22T03:09:06.308Z] Starting audit for https://rmc.nic.in
[2024-10-22T03:09:06.310Z] Updated status for 8fcadf13-d493-4341-9cbe-c4b0b6f070a8 to completed
[2024-10-22T03:09:06.310Z] Audit completed for https://eservices.tnpolice.gov.in in 32.70 seconds
[2024-10-22T03:09:06.310Z] Starting audit for https://s3waas.gov.in
[2024-10-22T03:09:06.631Z] Updated status for f8a32014-b991-4e0a-92de-41f236e3365b to in-progress
[2024-10-22T03:09:06.631Z] Running Lighthouse for https://aadhaar.rajasthan.gov.in
[2024-10-22T03:09:26.308Z] Uploading reports for https://aadhaar.rajasthan.gov.in
[2024-10-22T03:09:26.319Z] Updated status for c41e383d-25ce-4434-908b-391ab787fd4b to in-progress
[2024-10-22T03:09:26.319Z] Running Lighthouse for https://rmc.nic.in
[2024-10-22T03:10:10.898Z] Uploading reports for https://rmc.nic.in
[2024-10-22T03:10:10.904Z] Updated status for f149d414-f37e-420b-a6f9-660401b738ef to in-progress
[2024-10-22T03:10:10.904Z] Running Lighthouse for https://s3waas.gov.in
[2024-10-22T03:10:27.091Z] Uploading reports for https://s3waas.gov.in
[2024-10-22T03:10:27.950Z] Successfully uploaded /home/reeva-empire-1/Desktop/gov.in-audit/reports/f8a32014-b991-4e0a-92de-41f236e3365b.report.json to R2
[2024-10-22T03:10:28.221Z] Successfully uploaded /home/reeva-empire-1/Desktop/gov.in-audit/reports/714242f8-c3a8-44e9-ba68-958322162be0.report.html to R2
[2024-10-22T03:10:28.328Z] Successfully uploaded /home/reeva-empire-1/Desktop/gov.in-audit/reports/a9081646-44e3-4386-b7d0-c0a83ea2640c.report.json to R2
[2024-10-22T03:10:28.442Z] Successfully uploaded /home/reeva-empire-1/Desktop/gov.in-audit/reports/f149d414-f37e-420b-a6f9-660401b738ef.report.json to R2
[2024-10-22T03:10:28.592Z] Successfully uploaded /home/reeva-empire-1/Desktop/gov.in-audit/reports/f8a32014-b991-4e0a-92de-41f236e3365b.report.html to R2
[2024-10-22T03:10:28.700Z] Updated status for 714242f8-c3a8-44e9-ba68-958322162be0 to completed
[2024-10-22T03:10:28.700Z] Audit completed for https://addaonline.in in 243.50 seconds
[2024-10-22T03:10:28.700Z] Starting audit for https://hbdivmmmsy.jharkhand.gov.in
[2024-10-22T03:10:29.012Z] Updated status for f8a32014-b991-4e0a-92de-41f236e3365b to completed
[2024-10-22T03:10:29.012Z] Audit completed for https://aadhaar.rajasthan.gov.in in 81.96 seconds
[2024-10-22T03:10:29.012Z] Starting audit for https://sangrur.punjabpolice.gov.in
[2024-10-22T03:10:29.094Z] Updated status for 25042562-4ea1-45bf-95eb-61b143a6a88e to in-progress
[2024-10-22T03:10:29.094Z] Running Lighthouse for https://hbdivmmmsy.jharkhand.gov.in
Runtime error encountered: The page did not paint any content. Please ensure you keep the browser window in the foreground during the load and try again. (NO_FCP)
[2024-10-22T03:12:45.967Z] Failed to audit https://hbdivmmmsy.jharkhand.gov.in: Command failed: lighthouse https://hbdivmmmsy.jharkhand.gov.in --chrome-flags="--headless --no-sandbox --disable-gpu" --output json --output html --output-path /home/reeva-empire-1/Desktop/gov.in-audit/reports/25042562-4ea1-45bf-95eb-61b143a6a88e --quiet
[2024-10-22T03:12:45.968Z] Updated status for a6d329c0-2f2a-4342-89f4-2edc65282d02 to in-progress
[2024-10-22T03:12:45.968Z] Running Lighthouse for https://sangrur.punjabpolice.gov.in
[2024-10-22T03:13:02.145Z] Uploading reports for https://sangrur.punjabpolice.gov.in
[2024-10-22T03:13:02.150Z] Successfully uploaded /home/reeva-empire-1/Desktop/gov.in-audit/reports/f149d414-f37e-420b-a6f9-660401b738ef.report.html to R2
[2024-10-22T03:13:02.152Z] Successfully uploaded /home/reeva-empire-1/Desktop/gov.in-audit/reports/c41e383d-25ce-4434-908b-391ab787fd4b.report.json to R2
[2024-10-22T03:13:02.157Z] Successfully uploaded /home/reeva-empire-1/Desktop/gov.in-audit/reports/a9081646-44e3-4386-b7d0-c0a83ea2640c.report.html to R2
[2024-10-22T03:13:02.160Z] Updated status for 25042562-4ea1-45bf-95eb-61b143a6a88e to failed
[2024-10-22T03:13:02.160Z] Starting audit for https://salumber.rajasthan.gov.in
[2024-10-22T03:13:02.448Z] Updated status for f149d414-f37e-420b-a6f9-660401b738ef to completed
[2024-10-22T03:13:02.448Z] Audit completed for https://s3waas.gov.in in 171.25 seconds
[2024-10-22T03:13:02.448Z] Starting audit for https://edharamshala.in
[2024-10-22T03:13:02.460Z] Updated status for 0d4217a6-5003-4989-819a-998b223f0331 to in-progress
[2024-10-22T03:13:02.460Z] Running Lighthouse for https://salumber.rajasthan.gov.in
[2024-10-22T03:13:28.657Z] Uploading reports for https://salumber.rajasthan.gov.in
[2024-10-22T03:13:28.662Z] Updated status for 3b47499d-78a5-4257-9136-3bba26a5b096 to in-progress
[2024-10-22T03:13:28.663Z] Running Lighthouse for https://edharamshala.in
[2024-10-22T03:13:46.040Z] Uploading reports for https://edharamshala.in
[2024-10-22T03:13:46.045Z] Successfully uploaded /home/reeva-empire-1/Desktop/gov.in-audit/reports/a6d329c0-2f2a-4342-89f4-2edc65282d02.report.json to R2
[2024-10-22T03:13:46.057Z] Error updating status for a9081646-44e3-4386-b7d0-c0a83ea2640c: Failed to update status for a9081646-44e3-4386-b7d0-c0a83ea2640c: TypeError: fetch failed
[2024-10-22T03:13:46.057Z] Audit completed for https://ladakh.nic.in in 263.92 seconds
[2024-10-22T03:13:46.057Z] Starting audit for https://pgportal.gov.in
[2024-10-22T03:13:46.530Z] Updated status for 9e387a22-5279-4788-8a6a-be52f8d04a28 to in-progress
[2024-10-22T03:13:46.530Z] Running Lighthouse for https://pgportal.gov.in
[2024-10-22T03:14:03.774Z] Uploading reports for https://pgportal.gov.in
[2024-10-22T03:14:03.779Z] Successfully uploaded /home/reeva-empire-1/Desktop/gov.in-audit/reports/a6d329c0-2f2a-4342-89f4-2edc65282d02.report.html to R2
[2024-10-22T03:14:04.077Z] Updated status for a6d329c0-2f2a-4342-89f4-2edc65282d02 to completed
[2024-10-22T03:14:04.077Z] Audit completed for https://sangrur.punjabpolice.gov.in in 77.81 seconds
[2024-10-22T03:14:04.077Z] Starting audit for https://pledge.mygov.in
[2024-10-22T03:14:04.753Z] Successfully uploaded /home/reeva-empire-1/Desktop/gov.in-audit/reports/c41e383d-25ce-4434-908b-391ab787fd4b.report.html to R2
[2024-10-22T03:14:05.112Z] Updated status for c41e383d-25ce-4434-908b-391ab787fd4b to completed
[2024-10-22T03:14:05.112Z] Audit completed for https://rmc.nic.in in 278.44 seconds
[2024-10-22T03:14:05.112Z] Starting audit for https://panchayatsgoa.gov.in
[2024-10-22T03:14:05.123Z] Updated status for 095ef46f-89ec-4d5d-aa9d-7b5c8b77e166 to in-progress
[2024-10-22T03:14:05.123Z] Running Lighthouse for https://pledge.mygov.in
[2024-10-22T03:14:21.160Z] Uploading reports for https://pledge.mygov.in
[2024-10-22T03:14:21.166Z] Successfully uploaded /home/reeva-empire-1/Desktop/gov.in-audit/reports/9e387a22-5279-4788-8a6a-be52f8d04a28.report.json to R2
[2024-10-22T03:14:21.173Z] Successfully uploaded /home/reeva-empire-1/Desktop/gov.in-audit/reports/3b47499d-78a5-4257-9136-3bba26a5b096.report.json to R2
[2024-10-22T03:14:21.178Z] Successfully uploaded /home/reeva-empire-1/Desktop/gov.in-audit/reports/0d4217a6-5003-4989-819a-998b223f0331.report.json to R2
[2024-10-22T03:14:21.182Z] Error updating status for 18a4a855-0bdf-4443-87f6-b21cf4aa0481: Failed to update status for 18a4a855-0bdf-4443-87f6-b21cf4aa0481: TypeError: fetch failed
[2024-10-22T03:14:21.182Z] Running Lighthouse for https://panchayatsgoa.gov.in
[2024-10-22T03:14:47.922Z] Uploading reports for https://panchayatsgoa.gov.in
[2024-10-22T03:14:48.943Z] Successfully uploaded /home/reeva-empire-1/Desktop/gov.in-audit/reports/18a4a855-0bdf-4443-87f6-b21cf4aa0481.report.json to R2
[2024-10-22T03:14:49.431Z] Successfully uploaded /home/reeva-empire-1/Desktop/gov.in-audit/reports/9e387a22-5279-4788-8a6a-be52f8d04a28.report.html to R2
[2024-10-22T03:14:49.457Z] Successfully uploaded /home/reeva-empire-1/Desktop/gov.in-audit/reports/3b47499d-78a5-4257-9136-3bba26a5b096.report.html to R2
[2024-10-22T03:14:49.748Z] Successfully uploaded /home/reeva-empire-1/Desktop/gov.in-audit/reports/0d4217a6-5003-4989-819a-998b223f0331.report.html to R2
[2024-10-22T03:14:49.760Z] Successfully uploaded /home/reeva-empire-1/Desktop/gov.in-audit/reports/18a4a855-0bdf-4443-87f6-b21cf4aa0481.report.html to R2
[2024-10-22T03:14:49.888Z] Updated status for 3b47499d-78a5-4257-9136-3bba26a5b096 to completed
[2024-10-22T03:14:49.888Z] Audit completed for https://edharamshala.in in 80.79 seconds
[2024-10-22T03:14:49.888Z] Starting audit for https://terms.kerala.gov.in
[2024-10-22T03:14:50.089Z] Successfully uploaded /home/reeva-empire-1/Desktop/gov.in-audit/reports/095ef46f-89ec-4d5d-aa9d-7b5c8b77e166.report.json to R2
[2024-10-22T03:14:50.112Z] Updated status for 9e387a22-5279-4788-8a6a-be52f8d04a28 to completed
[2024-10-22T03:14:50.112Z] Audit completed for https://pgportal.gov.in in 62.90 seconds
[2024-10-22T03:14:50.112Z] Starting audit for https://register.csc.gov.in
[2024-10-22T03:14:50.295Z] Updated status for 18a4a855-0bdf-4443-87f6-b21cf4aa0481 to completed
[2024-10-22T03:14:50.295Z] Audit completed for https://panchayatsgoa.gov.in in 28.58 seconds
[2024-10-22T03:14:50.296Z] Starting audit for https://imc.mn.gov.in
[2024-10-22T03:14:50.379Z] Updated status for 0d4217a6-5003-4989-819a-998b223f0331 to completed
[2024-10-22T03:14:50.379Z] Audit completed for https://salumber.rajasthan.gov.in in 107.29 seconds
[2024-10-22T03:14:50.379Z] Starting audit for https://palnadu.ap.gov.in
[2024-10-22T03:14:50.428Z] Updated status for 96f9dc4d-3297-4b2b-b4d5-cb471f79d57b to in-progress
[2024-10-22T03:14:50.428Z] Running Lighthouse for https://register.csc.gov.in
[2024-10-22T03:15:07.633Z] Uploading reports for https://register.csc.gov.in
[2024-10-22T03:15:07.638Z] Updated status for 83ef8184-e92e-48fb-b443-f6b0b511c615 to in-progress
[2024-10-22T03:15:07.638Z] Running Lighthouse for https://imc.mn.gov.in
[2024-10-22T03:15:39.261Z] Uploading reports for https://imc.mn.gov.in
[2024-10-22T03:15:39.266Z] Updated status for c7c6b232-1826-4771-be6b-9e877c16b59b to in-progress
[2024-10-22T03:15:39.266Z] Running Lighthouse for https://palnadu.ap.gov.in
[2024-10-22T03:15:59.768Z] Uploading reports for https://palnadu.ap.gov.in
[2024-10-22T03:15:59.772Z] Updated status for d1eebc6f-f1b4-4fc5-a8a4-b33fd3578b8f to in-progress
[2024-10-22T03:15:59.772Z] Running Lighthouse for https://terms.kerala.gov.in
[2024-10-22T03:16:13.080Z] Uploading reports for https://terms.kerala.gov.in
[2024-10-22T03:16:13.808Z] Successfully uploaded /home/reeva-empire-1/Desktop/gov.in-audit/reports/d1eebc6f-f1b4-4fc5-a8a4-b33fd3578b8f.report.json to R2
[2024-10-22T03:16:14.039Z] Successfully uploaded /home/reeva-empire-1/Desktop/gov.in-audit/reports/83ef8184-e92e-48fb-b443-f6b0b511c615.report.json to R2
[2024-10-22T03:16:14.057Z] Successfully uploaded /home/reeva-empire-1/Desktop/gov.in-audit/reports/c7c6b232-1826-4771-be6b-9e877c16b59b.report.json to R2
[2024-10-22T03:16:14.129Z] Successfully uploaded /home/reeva-empire-1/Desktop/gov.in-audit/reports/96f9dc4d-3297-4b2b-b4d5-cb471f79d57b.report.json to R2
[2024-10-22T03:16:14.377Z] Successfully uploaded /home/reeva-empire-1/Desktop/gov.in-audit/reports/095ef46f-89ec-4d5d-aa9d-7b5c8b77e166.report.html to R2
[2024-10-22T03:16:14.459Z] Successfully uploaded /home/reeva-empire-1/Desktop/gov.in-audit/reports/d1eebc6f-f1b4-4fc5-a8a4-b33fd3578b8f.report.html to R2
[2024-10-22T03:16:14.676Z] Successfully uploaded /home/reeva-empire-1/Desktop/gov.in-audit/reports/83ef8184-e92e-48fb-b443-f6b0b511c615.report.html to R2
[2024-10-22T03:16:14.698Z] Updated status for 095ef46f-89ec-4d5d-aa9d-7b5c8b77e166 to completed
[2024-10-22T03:16:14.698Z] Audit completed for https://pledge.mygov.in in 129.25 seconds
[2024-10-22T03:16:14.698Z] Starting audit for https://rtionline.gov.in
[2024-10-22T03:16:14.899Z] Updated status for d1eebc6f-f1b4-4fc5-a8a4-b33fd3578b8f to completed
[2024-10-22T03:16:14.899Z] Audit completed for https://terms.kerala.gov.in in 14.69 seconds
[2024-10-22T03:16:14.899Z] Starting audit for https://tendersutl.gov.in
[2024-10-22T03:16:14.989Z] Successfully uploaded /home/reeva-empire-1/Desktop/gov.in-audit/reports/c7c6b232-1826-4771-be6b-9e877c16b59b.report.html to R2
[2024-10-22T03:16:15.059Z] Successfully uploaded /home/reeva-empire-1/Desktop/gov.in-audit/reports/96f9dc4d-3297-4b2b-b4d5-cb471f79d57b.report.html to R2
[2024-10-22T03:16:15.080Z] Updated status for 83ef8184-e92e-48fb-b443-f6b0b511c615 to completed
[2024-10-22T03:16:15.080Z] Audit completed for https://imc.mn.gov.in in 67.04 seconds
[2024-10-22T03:16:15.080Z] Starting audit for https://punepolice.gov.in
[2024-10-22T03:16:15.308Z] Updated status for c7c6b232-1826-4771-be6b-9e877c16b59b to completed
[2024-10-22T03:16:15.308Z] Audit completed for https://palnadu.ap.gov.in in 35.73 seconds
[2024-10-22T03:16:15.309Z] Starting audit for https://abadirecords.punjab.gov.in
[2024-10-22T03:16:15.493Z] Updated status for de4859cb-3e50-46da-8fd8-307680a2a36b to in-progress
[2024-10-22T03:16:15.493Z] Running Lighthouse for https://rtionline.gov.in
[2024-10-22T03:16:28.090Z] Uploading reports for https://rtionline.gov.in
[2024-10-22T03:16:28.094Z] Updated status for 2628b7cb-1195-4cb7-b896-e3e46eec1b82 to in-progress
[2024-10-22T03:16:28.094Z] Running Lighthouse for https://abadirecords.punjab.gov.in
[2024-10-22T03:17:32.388Z] Uploading reports for https://abadirecords.punjab.gov.in
[2024-10-22T03:17:32.393Z] Updated status for 6c80c5c0-6a46-483e-900a-9a7f2fe759b6 to in-progress
[2024-10-22T03:17:32.393Z] Running Lighthouse for https://tendersutl.gov.in
[2024-10-22T03:17:49.760Z] Uploading reports for https://tendersutl.gov.in
[2024-10-22T03:17:49.763Z] Updated status for 96f9dc4d-3297-4b2b-b4d5-cb471f79d57b to completed
[2024-10-22T03:17:49.763Z] Audit completed for https://register.csc.gov.in in 84.63 seconds
[2024-10-22T03:17:49.763Z] Starting audit for https://gaurela-pendra-marwahi.cg.gov.in
[2024-10-22T03:17:49.764Z] Updated status for e54f0fee-fbd4-47cf-bc01-c9da698a805b to in-progress
[2024-10-22T03:17:49.764Z] Running Lighthouse for https://punepolice.gov.in
[2024-10-22T03:18:29.248Z] Uploading reports for https://punepolice.gov.in
[2024-10-22T03:18:29.257Z] Updated status for eb6ecb1f-7bf7-4c6e-bb0e-5ca9ad1de609 to in-progress
[2024-10-22T03:18:29.257Z] Running Lighthouse for https://gaurela-pendra-marwahi.cg.gov.in
[2024-10-22T03:18:49.995Z] Uploading reports for https://gaurela-pendra-marwahi.cg.gov.in
[2024-10-22T03:18:50.756Z] Successfully uploaded /home/reeva-empire-1/Desktop/gov.in-audit/reports/de4859cb-3e50-46da-8fd8-307680a2a36b.report.json to R2
[2024-10-22T03:18:50.937Z] Successfully uploaded /home/reeva-empire-1/Desktop/gov.in-audit/reports/2628b7cb-1195-4cb7-b896-e3e46eec1b82.report.json to R2
[2024-10-22T03:18:51.054Z] Successfully uploaded /home/reeva-empire-1/Desktop/gov.in-audit/reports/eb6ecb1f-7bf7-4c6e-bb0e-5ca9ad1de609.report.json to R2
[2024-10-22T03:18:51.380Z] Successfully uploaded /home/reeva-empire-1/Desktop/gov.in-audit/reports/e54f0fee-fbd4-47cf-bc01-c9da698a805b.report.json to R2
[2024-10-22T03:18:51.594Z] Successfully uploaded /home/reeva-empire-1/Desktop/gov.in-audit/reports/2628b7cb-1195-4cb7-b896-e3e46eec1b82.report.html to R2
[2024-10-22T03:18:51.759Z] Successfully uploaded /home/reeva-empire-1/Desktop/gov.in-audit/reports/de4859cb-3e50-46da-8fd8-307680a2a36b.report.html to R2
[2024-10-22T03:18:52.077Z] Updated status for de4859cb-3e50-46da-8fd8-307680a2a36b to completed
[2024-10-22T03:18:52.078Z] Audit completed for https://rtionline.gov.in in 156.27 seconds
[2024-10-22T03:18:52.078Z] Starting audit for https://balotra.rajasthan.gov.in
[2024-10-22T03:18:52.444Z] Successfully uploaded /home/reeva-empire-1/Desktop/gov.in-audit/reports/e54f0fee-fbd4-47cf-bc01-c9da698a805b.report.html to R2
[2024-10-22T03:18:52.767Z] Updated status for e54f0fee-fbd4-47cf-bc01-c9da698a805b to completed
[2024-10-22T03:18:52.767Z] Audit completed for https://punepolice.gov.in in 62.68 seconds
[2024-10-22T03:18:52.768Z] Starting audit for https://e-hrms.gujarat.gov.in
[2024-10-22T03:18:52.807Z] Successfully uploaded /home/reeva-empire-1/Desktop/gov.in-audit/reports/eb6ecb1f-7bf7-4c6e-bb0e-5ca9ad1de609.report.html to R2
[2024-10-22T03:18:52.919Z] Updated status for 2628b7cb-1195-4cb7-b896-e3e46eec1b82 to completed
[2024-10-22T03:18:52.920Z] Audit completed for https://abadirecords.punjab.gov.in in 143.50 seconds
[2024-10-22T03:18:52.920Z] Starting audit for https://www.smcsrinagar.in
[2024-10-22T03:18:52.930Z] Updated status for 6025e973-529d-453c-b40d-77880fffd178 to in-progress
[2024-10-22T03:18:52.930Z] Running Lighthouse for https://balotra.rajasthan.gov.in
[2024-10-22T03:19:27.208Z] Uploading reports for https://balotra.rajasthan.gov.in
[2024-10-22T03:19:27.212Z] Updated status for eb6ecb1f-7bf7-4c6e-bb0e-5ca9ad1de609 to completed
[2024-10-22T03:19:27.213Z] Audit completed for https://gaurela-pendra-marwahi.cg.gov.in in 23.55 seconds
[2024-10-22T03:19:27.213Z] Starting audit for https://mapservice.gov.in
[2024-10-22T03:19:27.215Z] Updated status for fcfe39e0-7b59-4a30-9f7f-3127fd631d24 to in-progress
[2024-10-22T03:19:27.215Z] Running Lighthouse for https://e-hrms.gujarat.gov.in
[2024-10-22T03:19:42.013Z] Uploading reports for https://e-hrms.gujarat.gov.in
[2024-10-22T03:19:42.018Z] Successfully uploaded /home/reeva-empire-1/Desktop/gov.in-audit/reports/6c80c5c0-6a46-483e-900a-9a7f2fe759b6.report.json to R2
[2024-10-22T03:19:42.022Z] Error updating status for ca0ca7ed-840d-4ce8-95ad-6b9e5a4a0788: Failed to update status for ca0ca7ed-840d-4ce8-95ad-6b9e5a4a0788: TypeError: fetch failed
[2024-10-22T03:19:42.022Z] Running Lighthouse for https://www.smcsrinagar.in
Invalid dependency graph created, cycle detected
[2024-10-22T03:20:29.648Z] Uploading reports for https://www.smcsrinagar.in
[2024-10-22T03:20:29.655Z] Updated status for da216d16-6d0f-4392-a9ad-65fc1647a39d to in-progress
[2024-10-22T03:20:29.655Z] Running Lighthouse for https://mapservice.gov.in
[2024-10-22T03:20:46.560Z] Uploading reports for https://mapservice.gov.in
[2024-10-22T03:20:47.576Z] Successfully uploaded /home/reeva-empire-1/Desktop/gov.in-audit/reports/6c80c5c0-6a46-483e-900a-9a7f2fe759b6.report.html to R2
[2024-10-22T03:20:47.582Z] Successfully uploaded /home/reeva-empire-1/Desktop/gov.in-audit/reports/fcfe39e0-7b59-4a30-9f7f-3127fd631d24.report.json to R2
[2024-10-22T03:20:47.622Z] Successfully uploaded /home/reeva-empire-1/Desktop/gov.in-audit/reports/6025e973-529d-453c-b40d-77880fffd178.report.json to R2
[2024-10-22T03:20:47.629Z] Successfully uploaded /home/reeva-empire-1/Desktop/gov.in-audit/reports/da216d16-6d0f-4392-a9ad-65fc1647a39d.report.json to R2
[2024-10-22T03:20:47.775Z] Successfully uploaded /home/reeva-empire-1/Desktop/gov.in-audit/reports/ca0ca7ed-840d-4ce8-95ad-6b9e5a4a0788.report.json to R2
[2024-10-22T03:20:48.369Z] Updated status for 6c80c5c0-6a46-483e-900a-9a7f2fe759b6 to completed
[2024-10-22T03:20:48.369Z] Audit completed for https://tendersutl.gov.in in 195.18 seconds
[2024-10-22T03:20:48.369Z] Starting audit for https://bhopal.nic.in/en/dm-profiles
[2024-10-22T03:20:48.482Z] Successfully uploaded /home/reeva-empire-1/Desktop/gov.in-audit/reports/da216d16-6d0f-4392-a9ad-65fc1647a39d.report.html to R2
[2024-10-22T03:20:48.637Z] Successfully uploaded /home/reeva-empire-1/Desktop/gov.in-audit/reports/fcfe39e0-7b59-4a30-9f7f-3127fd631d24.report.html to R2
[2024-10-22T03:20:48.647Z] Successfully uploaded /home/reeva-empire-1/Desktop/gov.in-audit/reports/6025e973-529d-453c-b40d-77880fffd178.report.html to R2
[2024-10-22T03:20:48.786Z] Updated status for da216d16-6d0f-4392-a9ad-65fc1647a39d to completed
[2024-10-22T03:20:48.787Z] Audit completed for https://mapservice.gov.in in 18.83 seconds
[2024-10-22T03:20:48.787Z] Starting audit for https://chumoukedima.nic.in
[2024-10-22T03:20:48.818Z] Successfully uploaded /home/reeva-empire-1/Desktop/gov.in-audit/reports/ca0ca7ed-840d-4ce8-95ad-6b9e5a4a0788.report.html to R2
[2024-10-22T03:20:49.122Z] Updated status for ca0ca7ed-840d-4ce8-95ad-6b9e5a4a0788 to completed
[2024-10-22T03:20:49.122Z] Audit completed for https://www.smcsrinagar.in in 66.80 seconds
[2024-10-22T03:20:49.122Z] Starting audit for https://kekri.rajasthan.gov.in
[2024-10-22T03:20:49.582Z] Updated status for 1657e054-de6b-4efa-88fa-bfb41db5c0a4 to in-progress
[2024-10-22T03:20:49.582Z] Running Lighthouse for https://kekri.rajasthan.gov.in
[2024-10-22T03:21:23.642Z] Uploading reports for https://kekri.rajasthan.gov.in
[2024-10-22T03:21:23.648Z] Updated status for 852cf590-5807-4087-ace2-aec40bf3b12a to in-progress
[2024-10-22T03:21:23.648Z] Running Lighthouse for https://chumoukedima.nic.in
[2024-10-22T03:21:43.783Z] Uploading reports for https://chumoukedima.nic.in
[2024-10-22T03:21:43.787Z] Updated status for fd78a729-15d5-4907-8a8f-12926dad2692 to in-progress
[2024-10-22T03:21:43.787Z] Running Lighthouse for https://bhopal.nic.in/en/dm-profiles
Invalid dependency graph created, cycle detected
[2024-10-22T03:21:59.427Z] Uploading reports for https://bhopal.nic.in/en/dm-profiles
[2024-10-22T03:21:59.431Z] Updated status for fcfe39e0-7b59-4a30-9f7f-3127fd631d24 to completed
[2024-10-22T03:21:59.432Z] Audit completed for https://e-hrms.gujarat.gov.in in 81.42 seconds
[2024-10-22T03:21:59.432Z] Starting audit for https://moprngo.gov.in
[2024-10-22T03:21:59.433Z] Updated status for 6025e973-529d-453c-b40d-77880fffd178 to completed
[2024-10-22T03:21:59.433Z] Audit completed for https://balotra.rajasthan.gov.in in 115.72 seconds
[2024-10-22T03:21:59.433Z] Starting audit for https://www.odishaone.gov.in
[2024-10-22T03:21:59.826Z] Updated status for eda3c44e-25cc-48a1-8dc1-e67d2cfe0b3e to in-progress
[2024-10-22T03:21:59.827Z] Running Lighthouse for https://www.odishaone.gov.in
[2024-10-22T03:22:24.932Z] Uploading reports for https://www.odishaone.gov.in
[2024-10-22T03:22:24.937Z] Updated status for 4a769fb7-72d7-4398-a30d-d173d0279c0a to in-progress
[2024-10-22T03:22:24.937Z] Running Lighthouse for https://moprngo.gov.in
Runtime error encountered: Chrome prevented page load with an interstitial. Make sure you are testing the correct URL and that the server is properly responding to all requests.
[2024-10-22T03:22:56.737Z] Failed to audit https://moprngo.gov.in: Command failed: lighthouse https://moprngo.gov.in --chrome-flags="--headless --no-sandbox --disable-gpu" --output json --output html --output-path /home/reeva-empire-1/Desktop/gov.in-audit/reports/4a769fb7-72d7-4398-a30d-d173d0279c0a --quiet
[2024-10-22T03:22:56.738Z] Successfully uploaded /home/reeva-empire-1/Desktop/gov.in-audit/reports/852cf590-5807-4087-ace2-aec40bf3b12a.report.json to R2
[2024-10-22T03:22:57.394Z] Updated status for 4a769fb7-72d7-4398-a30d-d173d0279c0a to failed
[2024-10-22T03:22:57.394Z] Starting audit for https://gaestate.in
[2024-10-22T03:22:57.655Z] Successfully uploaded /home/reeva-empire-1/Desktop/gov.in-audit/reports/852cf590-5807-4087-ace2-aec40bf3b12a.report.html to R2
[2024-10-22T03:22:57.666Z] Successfully uploaded /home/reeva-empire-1/Desktop/gov.in-audit/reports/eda3c44e-25cc-48a1-8dc1-e67d2cfe0b3e.report.json to R2
[2024-10-22T03:22:57.796Z] Successfully uploaded /home/reeva-empire-1/Desktop/gov.in-audit/reports/fd78a729-15d5-4907-8a8f-12926dad2692.report.json to R2
[2024-10-22T03:22:57.802Z] Successfully uploaded /home/reeva-empire-1/Desktop/gov.in-audit/reports/1657e054-de6b-4efa-88fa-bfb41db5c0a4.report.json to R2
[2024-10-22T03:22:57.875Z] Updated status for f5968658-35ff-4cc4-a3ca-8e99fd3d1670 to in-progress
[2024-10-22T03:22:57.875Z] Running Lighthouse for https://gaestate.in
Runtime error encountered: The page did not paint any content. Please ensure you keep the browser window in the foreground during the load and try again. (NO_FCP)
[2024-10-22T03:25:15.595Z] Failed to audit https://gaestate.in: Command failed: lighthouse https://gaestate.in --chrome-flags="--headless --no-sandbox --disable-gpu" --output json --output html --output-path /home/reeva-empire-1/Desktop/gov.in-audit/reports/f5968658-35ff-4cc4-a3ca-8e99fd3d1670 --quiet
[2024-10-22T03:25:15.598Z] Updated status for 852cf590-5807-4087-ace2-aec40bf3b12a to completed
[2024-10-22T03:25:15.598Z] Audit completed for https://chumoukedima.nic.in in 94.01 seconds
[2024-10-22T03:25:15.598Z] Starting audit for https://mathura.nic.in
[2024-10-22T03:25:16.103Z] Updated status for dcccb1dc-5a0c-4566-9d86-a65f493dbd4e to in-progress
[2024-10-22T03:25:16.104Z] Running Lighthouse for https://mathura.nic.in
[2024-10-22T03:25:43.411Z] Uploading reports for https://mathura.nic.in
[2024-10-22T03:25:43.417Z] Successfully uploaded /home/reeva-empire-1/Desktop/gov.in-audit/reports/fd78a729-15d5-4907-8a8f-12926dad2692.report.html to R2
[2024-10-22T03:25:43.419Z] Updated status for f5968658-35ff-4cc4-a3ca-8e99fd3d1670 to failed
[2024-10-22T03:25:43.419Z] Starting audit for https://meebhoomi.ap.gov.in
[2024-10-22T03:25:43.757Z] Updated status for fd78a729-15d5-4907-8a8f-12926dad2692 to completed
[2024-10-22T03:25:43.757Z] Audit completed for https://bhopal.nic.in/en/dm-profiles in 239.63 seconds
[2024-10-22T03:25:43.757Z] Starting audit for https://upbhunaksha.gov.in
[2024-10-22T03:25:43.919Z] Updated status for dc72cf0b-5f86-4496-8b75-2a93c36405b0 to in-progress
[2024-10-22T03:25:43.920Z] Running Lighthouse for https://meebhoomi.ap.gov.in
[2024-10-22T03:26:02.569Z] Uploading reports for https://meebhoomi.ap.gov.in
[2024-10-22T03:26:02.574Z] Error uploading /home/reeva-empire-1/Desktop/gov.in-audit/reports/1657e054-de6b-4efa-88fa-bfb41db5c0a4.report.html to R2: read ECONNRESET
[2024-10-22T03:26:02.574Z] Attempt 1 failed, retrying...
[2024-10-22T03:26:02.575Z] Updated status for 27e1e9c7-60d0-4800-af2b-37a0b11d35d9 to in-progress
[2024-10-22T03:26:02.575Z] Running Lighthouse for https://upbhunaksha.gov.in
[2024-10-22T03:26:15.040Z] Uploading reports for https://upbhunaksha.gov.in
[2024-10-22T03:26:15.045Z] Successfully uploaded /home/reeva-empire-1/Desktop/gov.in-audit/reports/eda3c44e-25cc-48a1-8dc1-e67d2cfe0b3e.report.html to R2
[2024-10-22T03:26:15.344Z] Updated status for eda3c44e-25cc-48a1-8dc1-e67d2cfe0b3e to completed
[2024-10-22T03:26:15.344Z] Audit completed for https://www.odishaone.gov.in in 255.22 seconds
[2024-10-22T03:26:15.344Z] Starting audit for https://khadc.nic.in
[2024-10-22T03:26:15.762Z] Updated status for 3c86de2e-5da1-43b6-8062-f826ae72c0d0 to in-progress
[2024-10-22T03:26:15.762Z] Running Lighthouse for https://khadc.nic.in
[2024-10-22T03:26:29.436Z] Uploading reports for https://khadc.nic.in
[2024-10-22T03:26:29.443Z] Successfully uploaded /home/reeva-empire-1/Desktop/gov.in-audit/reports/1657e054-de6b-4efa-88fa-bfb41db5c0a4.report.html to R2
[2024-10-22T03:26:29.445Z] Successfully uploaded /home/reeva-empire-1/Desktop/gov.in-audit/reports/dcccb1dc-5a0c-4566-9d86-a65f493dbd4e.report.json to R2
[2024-10-22T03:26:29.453Z] Successfully uploaded /home/reeva-empire-1/Desktop/gov.in-audit/reports/27e1e9c7-60d0-4800-af2b-37a0b11d35d9.report.json to R2
[2024-10-22T03:26:29.459Z] Successfully uploaded /home/reeva-empire-1/Desktop/gov.in-audit/reports/dc72cf0b-5f86-4496-8b75-2a93c36405b0.report.json to R2
[2024-10-22T03:26:29.745Z] Updated status for 1657e054-de6b-4efa-88fa-bfb41db5c0a4 to completed
[2024-10-22T03:26:29.746Z] Audit completed for https://kekri.rajasthan.gov.in in 339.86 seconds
[2024-10-22T03:26:29.746Z] Starting audit for https://bpsm.bihar.gov.in
[2024-10-22T03:26:30.058Z] Updated status for d18995ee-fd37-4ea2-8552-088198df3817 to in-progress
[2024-10-22T03:26:30.058Z] Running Lighthouse for https://bpsm.bihar.gov.in
[2024-10-22T03:26:57.002Z] Uploading reports for https://bpsm.bihar.gov.in
[2024-10-22T03:26:57.010Z] Successfully uploaded /home/reeva-empire-1/Desktop/gov.in-audit/reports/dcccb1dc-5a0c-4566-9d86-a65f493dbd4e.report.html to R2
[2024-10-22T03:26:57.013Z] Successfully uploaded /home/reeva-empire-1/Desktop/gov.in-audit/reports/27e1e9c7-60d0-4800-af2b-37a0b11d35d9.report.html to R2
[2024-10-22T03:26:57.016Z] Successfully uploaded /home/reeva-empire-1/Desktop/gov.in-audit/reports/dc72cf0b-5f86-4496-8b75-2a93c36405b0.report.html to R2
[2024-10-22T03:26:57.019Z] Successfully uploaded /home/reeva-empire-1/Desktop/gov.in-audit/reports/3c86de2e-5da1-43b6-8062-f826ae72c0d0.report.json to R2
[2024-10-22T03:26:57.306Z] Updated status for dcccb1dc-5a0c-4566-9d86-a65f493dbd4e to completed
[2024-10-22T03:26:57.306Z] Audit completed for https://mathura.nic.in in 100.91 seconds
[2024-10-22T03:26:57.306Z] Starting audit for https://campus.mygov.in
[2024-10-22T03:26:57.311Z] Updated status for 27e1e9c7-60d0-4800-af2b-37a0b11d35d9 to completed
[2024-10-22T03:26:57.311Z] Audit completed for https://upbhunaksha.gov.in in 54.44 seconds
[2024-10-22T03:26:57.311Z] Starting audit for https://www.yashada.org
[2024-10-22T03:26:57.633Z] Updated status for 8465d713-2702-416c-9157-b32a4fe86c94 to in-progress
[2024-10-22T03:26:57.633Z] Running Lighthouse for https://www.yashada.org
Invalid dependency graph created, cycle detected
[2024-10-22T03:27:26.673Z] Uploading reports for https://www.yashada.org
[2024-10-22T03:27:26.678Z] Successfully uploaded /home/reeva-empire-1/Desktop/gov.in-audit/reports/d18995ee-fd37-4ea2-8552-088198df3817.report.json to R2
[2024-10-22T03:27:26.683Z] Updated status for c2790474-aab7-4310-8e4e-5604af755325 to in-progress
[2024-10-22T03:27:26.683Z] Running Lighthouse for https://campus.mygov.in
[2024-10-22T03:27:42.750Z] Uploading reports for https://campus.mygov.in
[2024-10-22T03:27:42.754Z] Updated status for dc72cf0b-5f86-4496-8b75-2a93c36405b0 to completed
[2024-10-22T03:27:42.754Z] Audit completed for https://meebhoomi.ap.gov.in in 73.10 seconds
[2024-10-22T03:27:42.754Z] Starting audit for https://imcindore.mp.gov.in
[2024-10-22T03:27:42.755Z] Successfully uploaded /home/reeva-empire-1/Desktop/gov.in-audit/reports/3c86de2e-5da1-43b6-8062-f826ae72c0d0.report.html to R2
[2024-10-22T03:27:43.079Z] Updated status for ec6d27e3-7e59-4193-9051-895a2dbac2cb to in-progress
[2024-10-22T03:27:43.079Z] Running Lighthouse for https://imcindore.mp.gov.in
[2024-10-22T03:29:00.761Z] Uploading reports for https://imcindore.mp.gov.in
[2024-10-22T03:29:00.771Z] Successfully uploaded /home/reeva-empire-1/Desktop/gov.in-audit/reports/8465d713-2702-416c-9157-b32a4fe86c94.report.json to R2
[2024-10-22T03:29:00.774Z] Updated status for 3c86de2e-5da1-43b6-8062-f826ae72c0d0 to completed
[2024-10-22T03:29:00.774Z] Audit completed for https://khadc.nic.in in 86.99 seconds
[2024-10-22T03:29:00.774Z] Starting audit for https://delhiassembly.delhi.gov.in
[2024-10-22T03:29:01.410Z] Successfully uploaded /home/reeva-empire-1/Desktop/gov.in-audit/reports/8465d713-2702-416c-9157-b32a4fe86c94.report.html to R2
[2024-10-22T03:29:01.744Z] Successfully uploaded /home/reeva-empire-1/Desktop/gov.in-audit/reports/c2790474-aab7-4310-8e4e-5604af755325.report.json to R2
[2024-10-22T03:29:01.765Z] Updated status for e65c60a8-c206-409a-a7ee-f2c0d03f608b to in-progress
[2024-10-22T03:29:01.765Z] Running Lighthouse for https://delhiassembly.delhi.gov.in
[2024-10-22T03:29:22.870Z] Uploading reports for https://delhiassembly.delhi.gov.in
[2024-10-22T03:29:22.874Z] Updated status for 8465d713-2702-416c-9157-b32a4fe86c94 to completed
[2024-10-22T03:29:22.874Z] Audit completed for https://www.yashada.org in 123.78 seconds
[2024-10-22T03:29:22.874Z] Starting audit for https://divcomkonkan.in
[2024-10-22T03:29:22.875Z] Successfully uploaded /home/reeva-empire-1/Desktop/gov.in-audit/reports/d18995ee-fd37-4ea2-8552-088198df3817.report.html to R2
[2024-10-22T03:29:22.879Z] Successfully uploaded /home/reeva-empire-1/Desktop/gov.in-audit/reports/ec6d27e3-7e59-4193-9051-895a2dbac2cb.report.json to R2
[2024-10-22T03:29:23.201Z] Updated status for f33c6bc1-da3b-4b04-9f3e-187524100a51 to in-progress
[2024-10-22T03:29:23.201Z] Running Lighthouse for https://divcomkonkan.in
Invalid dependency graph created, cycle detected
[2024-10-22T03:29:52.077Z] Uploading reports for https://divcomkonkan.in
[2024-10-22T03:29:52.086Z] Updated status for d18995ee-fd37-4ea2-8552-088198df3817 to completed
[2024-10-22T03:29:52.086Z] Audit completed for https://bpsm.bihar.gov.in in 172.82 seconds
[2024-10-22T03:29:52.086Z] Starting audit for https://evigilance.chd.gov.in
[2024-10-22T03:29:52.088Z] Successfully uploaded /home/reeva-empire-1/Desktop/gov.in-audit/reports/e65c60a8-c206-409a-a7ee-f2c0d03f608b.report.json to R2
[2024-10-22T03:29:52.093Z] Successfully uploaded /home/reeva-empire-1/Desktop/gov.in-audit/reports/c2790474-aab7-4310-8e4e-5604af755325.report.html to R2
[2024-10-22T03:29:52.381Z] Updated status for 3c962bc1-2db8-4144-bae7-c62f892ef11d to in-progress
[2024-10-22T03:29:52.381Z] Running Lighthouse for https://evigilance.chd.gov.in
[2024-10-22T03:30:10.527Z] Uploading reports for https://evigilance.chd.gov.in
[2024-10-22T03:30:10.534Z] Updated status for c2790474-aab7-4310-8e4e-5604af755325 to completed
[2024-10-22T03:30:10.534Z] Audit completed for https://campus.mygov.in in 145.41 seconds
[2024-10-22T03:30:10.534Z] Starting audit for https://haj.gujarat.gov.in
[2024-10-22T03:30:10.536Z] Successfully uploaded /home/reeva-empire-1/Desktop/gov.in-audit/reports/e65c60a8-c206-409a-a7ee-f2c0d03f608b.report.html to R2
[2024-10-22T03:30:10.823Z] Updated status for 2623cd72-396f-46b4-a3e5-7146dd7a811e to in-progress
[2024-10-22T03:30:10.823Z] Running Lighthouse for https://haj.gujarat.gov.in
[2024-10-22T03:30:32.657Z] Uploading reports for https://haj.gujarat.gov.in
[2024-10-22T03:30:32.664Z] Updated status for e65c60a8-c206-409a-a7ee-f2c0d03f608b to completed
[2024-10-22T03:30:32.664Z] Audit completed for https://delhiassembly.delhi.gov.in in 68.77 seconds
[2024-10-22T03:30:32.664Z] Starting audit for https://www.exwel.tn.gov.in
[2024-10-22T03:30:32.665Z] Error uploading /home/reeva-empire-1/Desktop/gov.in-audit/reports/ec6d27e3-7e59-4193-9051-895a2dbac2cb.report.html to R2: read ECONNRESET
[2024-10-22T03:30:32.665Z] Attempt 1 failed, retrying...
[2024-10-22T03:30:32.952Z] Updated status for 4fd9f278-5420-4020-9a6c-318dbbbe8760 to in-progress
[2024-10-22T03:30:32.952Z] Running Lighthouse for https://www.exwel.tn.gov.in
[2024-10-22T03:30:51.012Z] Uploading reports for https://www.exwel.tn.gov.in
[2024-10-22T03:30:51.023Z] Error uploading /home/reeva-empire-1/Desktop/gov.in-audit/reports/f33c6bc1-da3b-4b04-9f3e-187524100a51.report.json to R2: read ECONNRESET
[2024-10-22T03:30:51.023Z] Attempt 1 failed, retrying...
[2024-10-22T03:30:51.966Z] Successfully uploaded /home/reeva-empire-1/Desktop/gov.in-audit/reports/ec6d27e3-7e59-4193-9051-895a2dbac2cb.report.html to R2
[2024-10-22T03:30:52.030Z] Successfully uploaded /home/reeva-empire-1/Desktop/gov.in-audit/reports/4fd9f278-5420-4020-9a6c-318dbbbe8760.report.json to R2
[2024-10-22T03:30:52.267Z] Updated status for ec6d27e3-7e59-4193-9051-895a2dbac2cb to completed
[2024-10-22T03:30:52.267Z] Audit completed for https://imcindore.mp.gov.in in 188.89 seconds
[2024-10-22T03:30:52.267Z] Starting audit for https://ifcjmu.gov.in
[2024-10-22T03:30:52.713Z] Updated status for fad23681-c5a7-4118-b0c9-5d975fd95c42 to in-progress
[2024-10-22T03:30:52.713Z] Running Lighthouse for https://ifcjmu.gov.in
[2024-10-22T03:31:08.851Z] Uploading reports for https://ifcjmu.gov.in
[2024-10-22T03:31:08.856Z] Successfully uploaded /home/reeva-empire-1/Desktop/gov.in-audit/reports/f33c6bc1-da3b-4b04-9f3e-187524100a51.report.json to R2
[2024-10-22T03:31:08.860Z] Successfully uploaded /home/reeva-empire-1/Desktop/gov.in-audit/reports/3c962bc1-2db8-4144-bae7-c62f892ef11d.report.json to R2
[2024-10-22T03:31:08.863Z] Successfully uploaded /home/reeva-empire-1/Desktop/gov.in-audit/reports/4fd9f278-5420-4020-9a6c-318dbbbe8760.report.html to R2
[2024-10-22T03:31:08.865Z] Successfully uploaded /home/reeva-empire-1/Desktop/gov.in-audit/reports/2623cd72-396f-46b4-a3e5-7146dd7a811e.report.json to R2
[2024-10-22T03:31:09.250Z] Updated status for 4fd9f278-5420-4020-9a6c-318dbbbe8760 to completed
[2024-10-22T03:31:09.251Z] Audit completed for https://www.exwel.tn.gov.in in 35.91 seconds
[2024-10-22T03:31:09.251Z] Starting audit for https://www.mcynr.com
[2024-10-22T03:31:09.548Z] Updated status for 6fd34bac-a615-49f3-a374-e9b9af07811e to in-progress
[2024-10-22T03:31:09.549Z] Running Lighthouse for https://www.mcynr.com
[2024-10-22T03:31:34.614Z] Uploading reports for https://www.mcynr.com
[2024-10-22T03:31:34.618Z] Successfully uploaded /home/reeva-empire-1/Desktop/gov.in-audit/reports/fad23681-c5a7-4118-b0c9-5d975fd95c42.report.json to R2
[2024-10-22T03:31:34.622Z] Successfully uploaded /home/reeva-empire-1/Desktop/gov.in-audit/reports/f33c6bc1-da3b-4b04-9f3e-187524100a51.report.html to R2
[2024-10-22T03:31:34.623Z] Successfully uploaded /home/reeva-empire-1/Desktop/gov.in-audit/reports/3c962bc1-2db8-4144-bae7-c62f892ef11d.report.html to R2
[2024-10-22T03:31:34.624Z] Successfully uploaded /home/reeva-empire-1/Desktop/gov.in-audit/reports/2623cd72-396f-46b4-a3e5-7146dd7a811e.report.html to R2
[2024-10-22T03:31:34.937Z] Updated status for 3c962bc1-2db8-4144-bae7-c62f892ef11d to completed
[2024-10-22T03:31:34.937Z] Audit completed for https://evigilance.chd.gov.in in 102.24 seconds
[2024-10-22T03:31:34.937Z] Starting audit for https://nrcassam.nic.in
[2024-10-22T03:31:34.943Z] Updated status for f33c6bc1-da3b-4b04-9f3e-187524100a51 to completed
[2024-10-22T03:31:34.943Z] Audit completed for https://divcomkonkan.in in 131.42 seconds
[2024-10-22T03:31:34.943Z] Starting audit for https://hpsvacb.hp.gov.in
[2024-10-22T03:31:35.097Z] Updated status for 2623cd72-396f-46b4-a3e5-7146dd7a811e to completed
[2024-10-22T03:31:35.098Z] Audit completed for https://haj.gujarat.gov.in in 83.80 seconds
[2024-10-22T03:31:35.098Z] Starting audit for https://odishaassembly.nic.in
[2024-10-22T03:31:35.237Z] Updated status for c90f377a-5656-4805-ad3d-c0c385ba1b72 to in-progress
[2024-10-22T03:31:35.237Z] Running Lighthouse for https://hpsvacb.hp.gov.in
[2024-10-22T03:31:54.430Z] Uploading reports for https://hpsvacb.hp.gov.in
[2024-10-22T03:31:54.435Z] Successfully uploaded /home/reeva-empire-1/Desktop/gov.in-audit/reports/fad23681-c5a7-4118-b0c9-5d975fd95c42.report.html to R2
[2024-10-22T03:31:54.438Z] Updated status for 0482c76a-a385-4cfe-9d43-03a3c93b21e3 to in-progress
[2024-10-22T03:31:54.438Z] Running Lighthouse for https://odishaassembly.nic.in
[2024-10-22T03:32:57.801Z] Uploading reports for https://odishaassembly.nic.in
[2024-10-22T03:32:57.805Z] Updated status for b646c0ca-bba7-4503-9f8f-6fef4aa17925 to in-progress
[2024-10-22T03:32:57.805Z] Running Lighthouse for https://nrcassam.nic.in
[2024-10-22T03:33:09.804Z] Uploading reports for https://nrcassam.nic.in
[2024-10-22T03:33:09.808Z] Successfully uploaded /home/reeva-empire-1/Desktop/gov.in-audit/reports/6fd34bac-a615-49f3-a374-e9b9af07811e.report.json to R2
[2024-10-22T03:33:09.816Z] Updated status for fad23681-c5a7-4118-b0c9-5d975fd95c42 to completed
[2024-10-22T03:33:09.816Z] Audit completed for https://ifcjmu.gov.in in 61.72 seconds
[2024-10-22T03:33:09.816Z] Starting audit for https://kwa.kerala.gov.in
[2024-10-22T03:33:10.114Z] Updated status for 95c28bc1-0163-4847-910f-e8d651c27118 to in-progress
[2024-10-22T03:33:10.114Z] Running Lighthouse for https://kwa.kerala.gov.in
Invalid dependency graph created, cycle detected
[2024-10-22T03:33:47.534Z] Uploading reports for https://kwa.kerala.gov.in
[2024-10-22T03:33:47.539Z] Successfully uploaded /home/reeva-empire-1/Desktop/gov.in-audit/reports/0482c76a-a385-4cfe-9d43-03a3c93b21e3.report.json to R2
[2024-10-22T03:33:47.543Z] Successfully uploaded /home/reeva-empire-1/Desktop/gov.in-audit/reports/c90f377a-5656-4805-ad3d-c0c385ba1b72.report.json to R2
[2024-10-22T03:33:47.547Z] Successfully uploaded /home/reeva-empire-1/Desktop/gov.in-audit/reports/b646c0ca-bba7-4503-9f8f-6fef4aa17925.report.json to R2
[2024-10-22T03:33:48.414Z] Successfully uploaded /home/reeva-empire-1/Desktop/gov.in-audit/reports/c90f377a-5656-4805-ad3d-c0c385ba1b72.report.html to R2
[2024-10-22T03:33:48.467Z] Successfully uploaded /home/reeva-empire-1/Desktop/gov.in-audit/reports/0482c76a-a385-4cfe-9d43-03a3c93b21e3.report.html to R2
[2024-10-22T03:33:48.724Z] Updated status for c90f377a-5656-4805-ad3d-c0c385ba1b72 to completed
[2024-10-22T03:33:48.724Z] Audit completed for https://hpsvacb.hp.gov.in in 133.18 seconds
[2024-10-22T03:33:48.724Z] Starting audit for https://vigilancebureau.punjab.gov.in
[2024-10-22T03:33:48.763Z] Successfully uploaded /home/reeva-empire-1/Desktop/gov.in-audit/reports/95c28bc1-0163-4847-910f-e8d651c27118.report.json to R2
[2024-10-22T03:33:48.816Z] Successfully uploaded /home/reeva-empire-1/Desktop/gov.in-audit/reports/6fd34bac-a615-49f3-a374-e9b9af07811e.report.html to R2
[2024-10-22T03:33:48.822Z] Updated status for 0482c76a-a385-4cfe-9d43-03a3c93b21e3 to completed
[2024-10-22T03:33:48.822Z] Audit completed for https://odishaassembly.nic.in in 114.03 seconds
[2024-10-22T03:33:48.822Z] Starting audit for https://jami.tripura.gov.in
[2024-10-22T03:33:49.100Z] Updated status for 6fd34bac-a615-49f3-a374-e9b9af07811e to completed
[2024-10-22T03:33:49.100Z] Audit completed for https://www.mcynr.com in 159.27 seconds
[2024-10-22T03:33:49.101Z] Starting audit for https://mp.census.gov.in
[2024-10-22T03:33:49.155Z] Updated status for 8e3fbc65-0992-4208-883f-d45ec3f7da88 to in-progress
[2024-10-22T03:33:49.155Z] Running Lighthouse for https://vigilancebureau.punjab.gov.in
[2024-10-22T03:34:11.482Z] Uploading reports for https://vigilancebureau.punjab.gov.in
[2024-10-22T03:34:11.487Z] Updated status for e1778f73-a74b-4990-9a3d-d18d844c3184 to in-progress
[2024-10-22T03:34:11.487Z] Running Lighthouse for https://jami.tripura.gov.in
[2024-10-22T03:34:29.992Z] Uploading reports for https://jami.tripura.gov.in
[2024-10-22T03:34:29.996Z] Updated status for 920f2db6-edc4-44c7-a151-1b890f3e1464 to in-progress
[2024-10-22T03:34:29.996Z] Running Lighthouse for https://mp.census.gov.in
[2024-10-22T03:34:44.545Z] Uploading reports for https://mp.census.gov.in
[2024-10-22T03:34:44.547Z] Successfully uploaded /home/reeva-empire-1/Desktop/gov.in-audit/reports/b646c0ca-bba7-4503-9f8f-6fef4aa17925.report.html to R2
[2024-10-22T03:34:44.548Z] Successfully uploaded /home/reeva-empire-1/Desktop/gov.in-audit/reports/95c28bc1-0163-4847-910f-e8d651c27118.report.html to R2
[2024-10-22T03:34:44.854Z] Updated status for b646c0ca-bba7-4503-9f8f-6fef4aa17925 to completed
[2024-10-22T03:34:44.854Z] Audit completed for https://nrcassam.nic.in in 106.74 seconds
[2024-10-22T03:34:44.854Z] Starting audit for https://egazette.gov.in
[2024-10-22T03:34:44.858Z] Updated status for 95c28bc1-0163-4847-910f-e8d651c27118 to completed
[2024-10-22T03:34:44.858Z] Audit completed for https://kwa.kerala.gov.in in 94.43 seconds
[2024-10-22T03:34:44.858Z] Starting audit for https://mumbaipolice.maharashtra.gov.in
[2024-10-22T03:34:45.081Z] Successfully uploaded /home/reeva-empire-1/Desktop/gov.in-audit/reports/e1778f73-a74b-4990-9a3d-d18d844c3184.report.json to R2
[2024-10-22T03:34:45.156Z] Updated status for d64fd636-3656-4368-842b-b1b2798d65f7 to in-progress
[2024-10-22T03:34:45.156Z] Running Lighthouse for https://egazette.gov.in
Invalid dependency graph created, cycle detected
[2024-10-22T03:34:58.225Z] Uploading reports for https://egazette.gov.in
[2024-10-22T03:34:58.234Z] Updated status for 82fc8398-e503-4aa6-9988-00f7e1d57c7f to in-progress
[2024-10-22T03:34:58.234Z] Running Lighthouse for https://mumbaipolice.maharashtra.gov.in
[2024-10-22T03:35:13.384Z] Uploading reports for https://mumbaipolice.maharashtra.gov.in
[2024-10-22T03:35:13.388Z] Successfully uploaded /home/reeva-empire-1/Desktop/gov.in-audit/reports/920f2db6-edc4-44c7-a151-1b890f3e1464.report.json to R2
[2024-10-22T03:35:13.390Z] Successfully uploaded /home/reeva-empire-1/Desktop/gov.in-audit/reports/e1778f73-a74b-4990-9a3d-d18d844c3184.report.html to R2
[2024-10-22T03:35:13.392Z] Successfully uploaded /home/reeva-empire-1/Desktop/gov.in-audit/reports/8e3fbc65-0992-4208-883f-d45ec3f7da88.report.json to R2
[2024-10-22T03:35:14.079Z] Successfully uploaded /home/reeva-empire-1/Desktop/gov.in-audit/reports/920f2db6-edc4-44c7-a151-1b890f3e1464.report.html to R2
[2024-10-22T03:35:14.197Z] Successfully uploaded /home/reeva-empire-1/Desktop/gov.in-audit/reports/d64fd636-3656-4368-842b-b1b2798d65f7.report.json to R2
[2024-10-22T03:35:14.202Z] Updated status for e1778f73-a74b-4990-9a3d-d18d844c3184 to completed
[2024-10-22T03:35:14.203Z] Audit completed for https://jami.tripura.gov.in in 61.90 seconds
[2024-10-22T03:35:14.203Z] Starting audit for https://ecostat.tripura.gov.in
[2024-10-22T03:35:14.375Z] Updated status for 920f2db6-edc4-44c7-a151-1b890f3e1464 to completed
[2024-10-22T03:35:14.375Z] Audit completed for https://mp.census.gov.in in 44.08 seconds
[2024-10-22T03:35:14.375Z] Starting audit for https://analytics.gov.in
[2024-10-22T03:35:14.405Z] Successfully uploaded /home/reeva-empire-1/Desktop/gov.in-audit/reports/8e3fbc65-0992-4208-883f-d45ec3f7da88.report.html to R2
[2024-10-22T03:35:14.423Z] Successfully uploaded /home/reeva-empire-1/Desktop/gov.in-audit/reports/82fc8398-e503-4aa6-9988-00f7e1d57c7f.report.json to R2
[2024-10-22T03:35:14.672Z] Updated status for bf884ad5-b9f7-4266-805e-ed74f40286ad to in-progress
[2024-10-22T03:35:14.672Z] Running Lighthouse for https://analytics.gov.in
[2024-10-22T03:35:35.374Z] Uploading reports for https://analytics.gov.in
[2024-10-22T03:35:35.378Z] Updated status for 8e3fbc65-0992-4208-883f-d45ec3f7da88 to completed
[2024-10-22T03:35:35.378Z] Audit completed for https://vigilancebureau.punjab.gov.in in 85.25 seconds
[2024-10-22T03:35:35.378Z] Starting audit for https://kla.kar.nic.in
[2024-10-22T03:35:35.379Z] Successfully uploaded /home/reeva-empire-1/Desktop/gov.in-audit/reports/82fc8398-e503-4aa6-9988-00f7e1d57c7f.report.html to R2
[2024-10-22T03:35:35.381Z] Successfully uploaded /home/reeva-empire-1/Desktop/gov.in-audit/reports/d64fd636-3656-4368-842b-b1b2798d65f7.report.html to R2
[2024-10-22T03:35:35.383Z] Error updating status for 4aff191d-87a0-4f7c-a142-aaac55d578b5: Failed to update status for 4aff191d-87a0-4f7c-a142-aaac55d578b5: TypeError: fetch failed
[2024-10-22T03:35:35.383Z] Running Lighthouse for https://ecostat.tripura.gov.in
[2024-10-22T03:35:54.452Z] Uploading reports for https://ecostat.tripura.gov.in
[2024-10-22T03:35:54.456Z] Updated status for dbd9143d-b0f4-463a-b956-443098e76820 to in-progress
[2024-10-22T03:35:54.456Z] Running Lighthouse for https://kla.kar.nic.in
[2024-10-22T03:36:09.045Z] Uploading reports for https://kla.kar.nic.in
[2024-10-22T03:36:09.049Z] Error updating status for 82fc8398-e503-4aa6-9988-00f7e1d57c7f: Failed to update status for 82fc8398-e503-4aa6-9988-00f7e1d57c7f: TypeError: fetch failed
[2024-10-22T03:36:09.049Z] Audit completed for https://mumbaipolice.maharashtra.gov.in in 37.14 seconds
[2024-10-22T03:36:09.049Z] Starting audit for https://ncsconf.gov.in
[2024-10-22T03:36:09.050Z] Error updating status for d64fd636-3656-4368-842b-b1b2798d65f7: Failed to update status for d64fd636-3656-4368-842b-b1b2798d65f7: TypeError: fetch failed
[2024-10-22T03:36:09.050Z] Audit completed for https://egazette.gov.in in 50.22 seconds
[2024-10-22T03:36:09.050Z] Starting audit for https://apsac.ap.gov.in
[2024-10-22T03:36:09.373Z] Updated status for 6f0187cb-fc04-48d1-838d-9a6b74e7d4d4 to in-progress
[2024-10-22T03:36:09.373Z] Running Lighthouse for https://ncsconf.gov.in
[2024-10-22T03:36:26.906Z] Uploading reports for https://ncsconf.gov.in
[2024-10-22T03:36:26.913Z] Successfully uploaded /home/reeva-empire-1/Desktop/gov.in-audit/reports/dbd9143d-b0f4-463a-b956-443098e76820.report.json to R2
[2024-10-22T03:36:26.917Z] Successfully uploaded /home/reeva-empire-1/Desktop/gov.in-audit/reports/4aff191d-87a0-4f7c-a142-aaac55d578b5.report.json to R2
[2024-10-22T03:36:26.921Z] Successfully uploaded /home/reeva-empire-1/Desktop/gov.in-audit/reports/bf884ad5-b9f7-4266-805e-ed74f40286ad.report.json to R2
[2024-10-22T03:36:26.925Z] Updated status for 059fe9fa-9885-4dfa-bab1-0d917cfacd57 to in-progress
[2024-10-22T03:36:26.925Z] Running Lighthouse for https://apsac.ap.gov.in
[2024-10-22T03:36:51.397Z] Uploading reports for https://apsac.ap.gov.in
[2024-10-22T03:36:52.381Z] Successfully uploaded /home/reeva-empire-1/Desktop/gov.in-audit/reports/bf884ad5-b9f7-4266-805e-ed74f40286ad.report.html to R2
[2024-10-22T03:36:52.562Z] Successfully uploaded /home/reeva-empire-1/Desktop/gov.in-audit/reports/4aff191d-87a0-4f7c-a142-aaac55d578b5.report.html to R2
[2024-10-22T03:36:52.803Z] Updated status for bf884ad5-b9f7-4266-805e-ed74f40286ad to completed
[2024-10-22T03:36:52.803Z] Audit completed for https://analytics.gov.in in 97.71 seconds
[2024-10-22T03:36:52.803Z] Starting audit for https://nraa.gov.in
[2024-10-22T03:36:52.956Z] Updated status for 4aff191d-87a0-4f7c-a142-aaac55d578b5 to completed
[2024-10-22T03:36:52.956Z] Audit completed for https://ecostat.tripura.gov.in in 77.18 seconds
[2024-10-22T03:36:52.956Z] Starting audit for https://pkdapuri.nic.in
[2024-10-22T03:36:53.116Z] Updated status for b9e4ae9a-bfe3-4404-897d-2198661003d9 to in-progress
[2024-10-22T03:36:53.116Z] Running Lighthouse for https://nraa.gov.in
[2024-10-22T03:37:10.465Z] Uploading reports for https://nraa.gov.in
[2024-10-22T03:37:10.469Z] Updated status for 6beb1e3c-9e40-4da6-8d06-e98e46224828 to in-progress
[2024-10-22T03:37:10.469Z] Running Lighthouse for https://pkdapuri.nic.in
[2024-10-22T03:37:33.689Z] Uploading reports for https://pkdapuri.nic.in
[2024-10-22T03:37:33.698Z] Successfully uploaded /home/reeva-empire-1/Desktop/gov.in-audit/reports/6f0187cb-fc04-48d1-838d-9a6b74e7d4d4.report.json to R2
[2024-10-22T03:37:33.702Z] Successfully uploaded /home/reeva-empire-1/Desktop/gov.in-audit/reports/059fe9fa-9885-4dfa-bab1-0d917cfacd57.report.json to R2
[2024-10-22T03:37:34.570Z] Successfully uploaded /home/reeva-empire-1/Desktop/gov.in-audit/reports/6f0187cb-fc04-48d1-838d-9a6b74e7d4d4.report.html to R2
[2024-10-22T03:37:34.654Z] Successfully uploaded /home/reeva-empire-1/Desktop/gov.in-audit/reports/059fe9fa-9885-4dfa-bab1-0d917cfacd57.report.html to R2
[2024-10-22T03:37:34.675Z] Successfully uploaded /home/reeva-empire-1/Desktop/gov.in-audit/reports/b9e4ae9a-bfe3-4404-897d-2198661003d9.report.json to R2
[2024-10-22T03:37:34.848Z] Successfully uploaded /home/reeva-empire-1/Desktop/gov.in-audit/reports/6beb1e3c-9e40-4da6-8d06-e98e46224828.report.json to R2
[2024-10-22T03:37:34.877Z] Updated status for 6f0187cb-fc04-48d1-838d-9a6b74e7d4d4 to completed
[2024-10-22T03:37:34.877Z] Audit completed for https://ncsconf.gov.in in 85.20 seconds
[2024-10-22T03:37:34.877Z] Starting audit for https://konaseema.ap.gov.in
[2024-10-22T03:37:35.057Z] Updated status for 059fe9fa-9885-4dfa-bab1-0d917cfacd57 to completed
[2024-10-22T03:37:35.057Z] Audit completed for https://apsac.ap.gov.in in 67.73 seconds
[2024-10-22T03:37:35.057Z] Starting audit for https://rgmwb.gov.in
[2024-10-22T03:37:35.442Z] Successfully uploaded /home/reeva-empire-1/Desktop/gov.in-audit/reports/b9e4ae9a-bfe3-4404-897d-2198661003d9.report.html to R2
[2024-10-22T03:37:35.740Z] Updated status for b9e4ae9a-bfe3-4404-897d-2198661003d9 to completed
[2024-10-22T03:37:35.740Z] Audit completed for https://nraa.gov.in in 42.33 seconds
[2024-10-22T03:37:35.740Z] Starting audit for https://samagra.gov.in
[2024-10-22T03:37:35.822Z] Updated status for a3ca1ab5-59a7-4843-9254-a16d453d9b54 to in-progress
[2024-10-22T03:37:35.822Z] Running Lighthouse for https://rgmwb.gov.in
Invalid dependency graph created, cycle detected
[2024-10-22T03:38:09.664Z] Uploading reports for https://rgmwb.gov.in
[2024-10-22T03:38:09.669Z] Successfully uploaded /home/reeva-empire-1/Desktop/gov.in-audit/reports/6beb1e3c-9e40-4da6-8d06-e98e46224828.report.html to R2
[2024-10-22T03:38:09.672Z] Updated status for 8234e8bc-6ed9-4f59-8182-9777592935bd to in-progress
[2024-10-22T03:38:09.672Z] Running Lighthouse for https://konaseema.ap.gov.in
[2024-10-22T03:38:29.504Z] Uploading reports for https://konaseema.ap.gov.in
[2024-10-22T03:38:29.515Z] Updated status for 6beb1e3c-9e40-4da6-8d06-e98e46224828 to completed
[2024-10-22T03:38:29.515Z] Audit completed for https://pkdapuri.nic.in in 59.20 seconds
[2024-10-22T03:38:29.516Z] Starting audit for https://ssp.uk.gov.in
[2024-10-22T03:38:29.516Z] Error updating status for b11c0d6c-6e92-46d5-8a77-2e97154bbd8d: Failed to update status for b11c0d6c-6e92-46d5-8a77-2e97154bbd8d: TypeError: fetch failed
[2024-10-22T03:38:29.517Z] Running Lighthouse for https://samagra.gov.in
[2024-10-22T03:38:44.067Z] Uploading reports for https://samagra.gov.in
[2024-10-22T03:38:44.837Z] Successfully uploaded /home/reeva-empire-1/Desktop/gov.in-audit/reports/8234e8bc-6ed9-4f59-8182-9777592935bd.report.json to R2
[2024-10-22T03:38:44.951Z] Successfully uploaded /home/reeva-empire-1/Desktop/gov.in-audit/reports/dbd9143d-b0f4-463a-b956-443098e76820.report.html to R2
[2024-10-22T03:38:45.336Z] Updated status for 5c574b8f-2402-42f4-baaa-6eb1cd968f23 to in-progress
[2024-10-22T03:38:45.336Z] Running Lighthouse for https://ssp.uk.gov.in
[2024-10-22T03:39:02.176Z] Uploading reports for https://ssp.uk.gov.in
[2024-10-22T03:39:02.179Z] Successfully uploaded /home/reeva-empire-1/Desktop/gov.in-audit/reports/8234e8bc-6ed9-4f59-8182-9777592935bd.report.html to R2
[2024-10-22T03:39:02.181Z] Updated status for dbd9143d-b0f4-463a-b956-443098e76820 to completed
[2024-10-22T03:39:02.181Z] Audit completed for https://kla.kar.nic.in in 170.50 seconds
[2024-10-22T03:39:02.181Z] Starting audit for https://saathi.mygov.in
[2024-10-22T03:39:02.183Z] Successfully uploaded /home/reeva-empire-1/Desktop/gov.in-audit/reports/b11c0d6c-6e92-46d5-8a77-2e97154bbd8d.report.json to R2
[2024-10-22T03:39:02.188Z] Successfully uploaded /home/reeva-empire-1/Desktop/gov.in-audit/reports/a3ca1ab5-59a7-4843-9254-a16d453d9b54.report.json to R2
[2024-10-22T03:39:02.558Z] Updated status for f8cebb42-b5b5-4dd5-8629-0669dab9a9a6 to in-progress
[2024-10-22T03:39:02.558Z] Running Lighthouse for https://saathi.mygov.in
[2024-10-22T03:39:23.161Z] Uploading reports for https://saathi.mygov.in
[2024-10-22T03:39:23.165Z] Updated status for 8234e8bc-6ed9-4f59-8182-9777592935bd to completed
[2024-10-22T03:39:23.165Z] Audit completed for https://konaseema.ap.gov.in in 52.51 seconds
[2024-10-22T03:39:23.165Z] Starting audit for https://rashtrapatibhavan.gov.in
[2024-10-22T03:39:23.166Z] Successfully uploaded /home/reeva-empire-1/Desktop/gov.in-audit/reports/5c574b8f-2402-42f4-baaa-6eb1cd968f23.report.json to R2
[2024-10-22T03:39:23.170Z] Successfully uploaded /home/reeva-empire-1/Desktop/gov.in-audit/reports/a3ca1ab5-59a7-4843-9254-a16d453d9b54.report.html to R2
[2024-10-22T03:39:23.171Z] Successfully uploaded /home/reeva-empire-1/Desktop/gov.in-audit/reports/b11c0d6c-6e92-46d5-8a77-2e97154bbd8d.report.html to R2
[2024-10-22T03:39:23.490Z] Updated status for a3ca1ab5-59a7-4843-9254-a16d453d9b54 to completed
[2024-10-22T03:39:23.490Z] Audit completed for https://rgmwb.gov.in in 107.35 seconds
[2024-10-22T03:39:23.490Z] Starting audit for https://www.aphrdi.ap.gov.in
[2024-10-22T03:39:23.497Z] Updated status for 33457abd-11cf-4a0e-9f98-07c8eaa85e95 to in-progress
[2024-10-22T03:39:23.497Z] Running Lighthouse for https://rashtrapatibhavan.gov.in
[2024-10-22T03:39:48.224Z] Uploading reports for https://rashtrapatibhavan.gov.in
[2024-10-22T03:39:48.228Z] Updated status for c1a1810e-5669-41f3-a01c-586722af755d to in-progress
[2024-10-22T03:39:48.228Z] Running Lighthouse for https://www.aphrdi.ap.gov.in
