[2024-10-22 08:30:26] INFO: Starting R2 path update process
[2024-10-22 08:30:26] INFO: Fetching completed records from websites_report_tracking
[2024-10-22 08:30:28] INFO: HTTP Request: GET https://ucxzkghrxzlzotxebjpc.supabase.co/rest/v1/websites_report_tracking?select=id%2Cjson_path%2Chtml_path&status=eq.completed "HTTP/2 200 OK"
[2024-10-22 08:30:28] INFO: Found 875 completed records to update
[2024-10-22 08:30:28] WARNING: Could not find R2 objects for record 65e1a762-8c18-4468-8630-81119c15935b
[2024-10-22 08:30:29] WARNING: Could not find R2 objects for record b5c129de-7933-485c-b501-935cd519e644
[2024-10-22 08:30:29] WARNING: Could not find R2 objects for record e6265bab-6848-4df4-9392-7b74a69be466
[2024-10-22 08:30:30] WARNING: Could not find R2 objects for record 98ed850a-2cbe-406c-a1d9-eb823bb67113
[2024-10-22 08:30:30] WARNING: Could not find R2 objects for record 7d47bd98-5cbf-41e0-a30c-00025d2a001d
[2024-10-22 08:30:30] WARNING: Could not find R2 objects for record 8f497b57-dfaf-49f7-8d0b-58b609a11d8b
[2024-10-22 08:30:31] WARNING: Could not find R2 objects for record 7f43d009-5fc9-4ad9-adb4-bb0d474c4182
[2024-10-22 08:30:31] WARNING: Could not find R2 objects for record e4e01cbc-c44e-4f91-8b89-aceb49c1b9e2
[2024-10-22 08:30:32] WARNING: Could not find R2 objects for record 37160c8a-9c26-49d6-ab29-4902b7968b6b
[2024-10-22 08:30:32] WARNING: Could not find R2 objects for record a94829aa-64e4-4230-9539-7025185f9ee0
[2024-10-22 08:30:33] WARNING: Could not find R2 objects for record e98c4d8e-7371-4488-9b00-28150687a5b7
[2024-10-22 08:30:33] WARNING: Could not find R2 objects for record 5da67607-b3bf-4eea-bc7a-596171ba7e13
[2024-10-22 08:30:33] WARNING: Could not find R2 objects for record 92a98843-115e-4189-9837-dfe0c3ef85a9
[2024-10-22 08:30:34] WARNING: Could not find R2 objects for record 32ec8c0e-44cf-4d4b-96b9-79c023b4f676
[2024-10-22 08:30:34] WARNING: Could not find R2 objects for record 40146f97-6cc1-4fb4-895e-a5f048b8ece6
[2024-10-22 08:30:35] WARNING: Could not find R2 objects for record d0b4b247-732d-4079-afd4-2326c0ccf926
[2024-10-22 08:30:35] WARNING: Could not find R2 objects for record 92812313-145b-4a4a-9b3d-e9c6e7969e1a
[2024-10-22 08:30:36] WARNING: Could not find R2 objects for record 730cb7ef-1694-4634-9911-9cb3e287a319
[2024-10-22 08:30:36] WARNING: Could not find R2 objects for record ca6ff98d-df1b-4317-97a9-728809a5cd66
[2024-10-22 08:30:36] WARNING: Could not find R2 objects for record c88bb239-d144-40a3-a811-0b85b69e37a1
[2024-10-22 08:30:37] WARNING: Could not find R2 objects for record c9c033fb-ebe3-4676-83a5-e9260aad3b2c
[2024-10-22 08:30:37] WARNING: Could not find R2 objects for record 068d7ea7-b979-40d4-99bc-d91e4ea6a109
[2024-10-22 08:30:38] WARNING: Could not find R2 objects for record f3033feb-b6d5-45b7-88ca-e674afb2a79a
[2024-10-22 08:30:38] WARNING: Could not find R2 objects for record 0450c7a6-78d0-42de-9fc9-34ad6e88105b
[2024-10-22 08:30:39] WARNING: Could not find R2 objects for record a1c1f325-683e-4ff5-9f23-4c367f19ec6e
[2024-10-22 08:30:39] WARNING: Could not find R2 objects for record 5d92a3cd-16f4-4a24-8dcd-3b0248b21092
[2024-10-22 08:30:39] WARNING: Could not find R2 objects for record 81fb6248-5edb-43c4-9070-17dbe16725e8
[2024-10-22 08:30:40] WARNING: Could not find R2 objects for record 1327e5de-c683-4505-b2ee-c55ee1697347
[2024-10-22 08:30:40] WARNING: Could not find R2 objects for record e0425abd-0ed0-421f-9356-dabab5f8f369
[2024-10-22 08:30:41] WARNING: Could not find R2 objects for record ffeaf1a4-9129-4889-a3c6-58e35866a816
[2024-10-22 08:30:41] WARNING: Could not find R2 objects for record 5291e4c6-3ef4-4e74-86a0-128c57252c74
[2024-10-22 08:30:42] WARNING: Could not find R2 objects for record 2f44d66f-7b0f-481d-9a28-e3bdc1860979
[2024-10-22 08:30:42] WARNING: Could not find R2 objects for record ec7c3c67-1f2f-405d-8479-c27b9fb67c35
[2024-10-22 08:30:42] WARNING: Could not find R2 objects for record 8cd99bce-b4d4-474e-b421-5e3618aca6f6
[2024-10-22 08:30:43] WARNING: Could not find R2 objects for record d6aa7434-45e3-44ae-8504-af4b4afe0550
[2024-10-22 08:30:43] WARNING: Could not find R2 objects for record b4fb912a-688b-4d47-adcd-68d151bcb8a9
[2024-10-22 08:30:44] WARNING: Could not find R2 objects for record 1c9b71d5-1372-4cac-8bdc-e42a05643344
[2024-10-22 08:30:44] WARNING: Could not find R2 objects for record 6568ae66-5c85-415c-ac13-a37f7a594dab
[2024-10-22 08:30:45] WARNING: Could not find R2 objects for record 3086d496-3a73-40f0-b55c-9a94f1843934
[2024-10-22 08:30:45] WARNING: Could not find R2 objects for record d46df4a7-9f2e-404c-b149-ed898186466b
[2024-10-22 08:30:45] WARNING: Could not find R2 objects for record 171d63a2-798d-48eb-b985-323a093739f9
[2024-10-22 08:30:46] WARNING: Could not find R2 objects for record dfa65b2a-53a6-4cee-899e-e6c338c645d7
[2024-10-22 08:30:46] WARNING: Could not find R2 objects for record a0661efe-61e4-4c27-bc39-0a2096dd4256
[2024-10-22 08:30:47] WARNING: Could not find R2 objects for record 150821a1-782c-4c7d-b9bb-4ad09a723b0e
[2024-10-22 08:30:47] WARNING: Could not find R2 objects for record 4823cff1-2b7b-47cd-acd0-002273f4c449
[2024-10-22 08:30:48] WARNING: Could not find R2 objects for record ddcb035a-e024-44c6-abbf-d54e36aeaa20
[2024-10-22 08:30:48] WARNING: Could not find R2 objects for record c4c11fd8-20a2-4cc7-9e0b-f2cfa6d01bba
[2024-10-22 08:30:48] WARNING: Could not find R2 objects for record 12d790d3-2ed1-4a21-9513-3848dc7f9447
[2024-10-22 08:30:49] WARNING: Could not find R2 objects for record e308207a-ac4c-4772-8cc1-c144ab3ab4eb
[2024-10-22 08:30:49] WARNING: Could not find R2 objects for record 08702a9a-9516-4f86-97f9-53b4113fcdfa
[2024-10-22 08:30:50] WARNING: Could not find R2 objects for record b32d52de-64d2-479c-aa7a-8811984cad28
[2024-10-22 08:30:50] WARNING: Could not find R2 objects for record 73735d76-f1c5-41b0-b4e0-52ed6cb8da1e
[2024-10-22 08:31:51] INFO: Starting R2 path update process
[2024-10-22 08:31:51] INFO: Fetching completed records from websites_report_tracking
[2024-10-22 08:31:52] INFO: HTTP Request: GET https://ucxzkghrxzlzotxebjpc.supabase.co/rest/v1/websites_report_tracking?select=id%2Cjson_path%2Chtml_path&status=eq.completed "HTTP/2 200 OK"
[2024-10-22 08:31:52] INFO: Found 878 completed records to update
[2024-10-22 08:31:53] WARNING: Could not find R2 objects for record 65e1a762-8c18-4468-8630-81119c15935b
[2024-10-22 08:31:53] WARNING: Could not find R2 objects for record b5c129de-7933-485c-b501-935cd519e644
[2024-10-22 08:31:54] WARNING: Could not find R2 objects for record e6265bab-6848-4df4-9392-7b74a69be466
[2024-10-22 08:31:54] WARNING: Could not find R2 objects for record 98ed850a-2cbe-406c-a1d9-eb823bb67113
[2024-10-22 08:31:54] WARNING: Could not find R2 objects for record 7d47bd98-5cbf-41e0-a30c-00025d2a001d
[2024-10-22 08:31:55] WARNING: Could not find R2 objects for record 8f497b57-dfaf-49f7-8d0b-58b609a11d8b
[2024-10-22 08:31:55] WARNING: Could not find R2 objects for record 7f43d009-5fc9-4ad9-adb4-bb0d474c4182
[2024-10-22 08:31:56] WARNING: Could not find R2 objects for record e4e01cbc-c44e-4f91-8b89-aceb49c1b9e2
[2024-10-22 08:31:56] WARNING: Could not find R2 objects for record 37160c8a-9c26-49d6-ab29-4902b7968b6b
[2024-10-22 08:31:57] WARNING: Could not find R2 objects for record a94829aa-64e4-4230-9539-7025185f9ee0
[2024-10-22 08:31:57] WARNING: Could not find R2 objects for record e98c4d8e-7371-4488-9b00-28150687a5b7
[2024-10-22 08:31:58] WARNING: Could not find R2 objects for record 5da67607-b3bf-4eea-bc7a-596171ba7e13
[2024-10-22 08:31:58] WARNING: Could not find R2 objects for record 92a98843-115e-4189-9837-dfe0c3ef85a9
[2024-10-22 08:31:58] WARNING: Could not find R2 objects for record 32ec8c0e-44cf-4d4b-96b9-79c023b4f676
[2024-10-22 08:31:59] WARNING: Could not find R2 objects for record 40146f97-6cc1-4fb4-895e-a5f048b8ece6
[2024-10-22 08:31:59] WARNING: Could not find R2 objects for record d0b4b247-732d-4079-afd4-2326c0ccf926
[2024-10-22 08:32:00] WARNING: Could not find R2 objects for record 92812313-145b-4a4a-9b3d-e9c6e7969e1a
[2024-10-22 08:32:00] WARNING: Could not find R2 objects for record 730cb7ef-1694-4634-9911-9cb3e287a319
[2024-10-22 08:32:01] WARNING: Could not find R2 objects for record ca6ff98d-df1b-4317-97a9-728809a5cd66
[2024-10-22 08:32:01] WARNING: Could not find R2 objects for record c88bb239-d144-40a3-a811-0b85b69e37a1
[2024-10-22 08:34:38] INFO: Starting R2 path update process
[2024-10-22 08:34:38] INFO: Fetching completed records from websites_report_tracking
[2024-10-22 08:34:41] INFO: HTTP Request: GET https://ucxzkghrxzlzotxebjpc.supabase.co/rest/v1/websites_report_tracking?select=id%2Cjson_path%2Chtml_path&status=eq.completed "HTTP/2 200 OK"
[2024-10-22 08:34:41] INFO: Found 889 completed records to update
[2024-10-22 08:34:41] INFO: Found 0 objects with prefix 'lighthouse-reports/json/'
[2024-10-22 08:34:41] INFO: Found 0 objects with prefix 'lighthouse-reports/html/'
[2024-10-22 08:34:41] WARNING: Could not find R2 objects for record 65e1a762-8c18-4468-8630-81119c15935b
[2024-10-22 08:34:41] WARNING: Could not find R2 objects for record b5c129de-7933-485c-b501-935cd519e644
[2024-10-22 08:34:41] WARNING: Could not find R2 objects for record e6265bab-6848-4df4-9392-7b74a69be466
[2024-10-22 08:34:41] WARNING: Could not find R2 objects for record 98ed850a-2cbe-406c-a1d9-eb823bb67113
[2024-10-22 08:34:41] WARNING: Could not find R2 objects for record 7d47bd98-5cbf-41e0-a30c-00025d2a001d
[2024-10-22 08:34:41] WARNING: Could not find R2 objects for record 8f497b57-dfaf-49f7-8d0b-58b609a11d8b
[2024-10-22 08:34:41] WARNING: Could not find R2 objects for record 7f43d009-5fc9-4ad9-adb4-bb0d474c4182
[2024-10-22 08:34:41] WARNING: Could not find R2 objects for record e4e01cbc-c44e-4f91-8b89-aceb49c1b9e2
[2024-10-22 08:34:41] WARNING: Could not find R2 objects for record 37160c8a-9c26-49d6-ab29-4902b7968b6b
[2024-10-22 08:34:41] WARNING: Could not find R2 objects for record a94829aa-64e4-4230-9539-7025185f9ee0
[2024-10-22 08:34:41] WARNING: Could not find R2 objects for record e98c4d8e-7371-4488-9b00-28150687a5b7
[2024-10-22 08:34:41] WARNING: Could not find R2 objects for record 5da67607-b3bf-4eea-bc7a-596171ba7e13
[2024-10-22 08:34:41] WARNING: Could not find R2 objects for record 92a98843-115e-4189-9837-dfe0c3ef85a9
[2024-10-22 08:34:41] WARNING: Could not find R2 objects for record 32ec8c0e-44cf-4d4b-96b9-79c023b4f676
[2024-10-22 08:34:41] WARNING: Could not find R2 objects for record 40146f97-6cc1-4fb4-895e-a5f048b8ece6
[2024-10-22 08:34:41] WARNING: Could not find R2 objects for record d0b4b247-732d-4079-afd4-2326c0ccf926
[2024-10-22 08:34:41] WARNING: Could not find R2 objects for record 92812313-145b-4a4a-9b3d-e9c6e7969e1a
[2024-10-22 08:34:41] WARNING: Could not find R2 objects for record 730cb7ef-1694-4634-9911-9cb3e287a319
[2024-10-22 08:34:41] WARNING: Could not find R2 objects for record ca6ff98d-df1b-4317-97a9-728809a5cd66
[2024-10-22 08:34:41] WARNING: Could not find R2 objects for record c88bb239-d144-40a3-a811-0b85b69e37a1
[2024-10-22 08:34:41] WARNING: Could not find R2 objects for record c9c033fb-ebe3-4676-83a5-e9260aad3b2c
[2024-10-22 08:34:41] WARNING: Could not find R2 objects for record 068d7ea7-b979-40d4-99bc-d91e4ea6a109
[2024-10-22 08:34:41] WARNING: Could not find R2 objects for record f3033feb-b6d5-45b7-88ca-e674afb2a79a
[2024-10-22 08:34:41] WARNING: Could not find R2 objects for record 0450c7a6-78d0-42de-9fc9-34ad6e88105b
[2024-10-22 08:34:41] WARNING: Could not find R2 objects for record a1c1f325-683e-4ff5-9f23-4c367f19ec6e
[2024-10-22 08:34:41] WARNING: Could not find R2 objects for record 5d92a3cd-16f4-4a24-8dcd-3b0248b21092
[2024-10-22 08:34:41] WARNING: Could not find R2 objects for record 81fb6248-5edb-43c4-9070-17dbe16725e8
[2024-10-22 08:34:41] WARNING: Could not find R2 objects for record 1327e5de-c683-4505-b2ee-c55ee1697347
[2024-10-22 08:34:41] WARNING: Could not find R2 objects for record e0425abd-0ed0-421f-9356-dabab5f8f369
[2024-10-22 08:34:41] WARNING: Could not find R2 objects for record ffeaf1a4-9129-4889-a3c6-58e35866a816
[2024-10-22 08:34:41] WARNING: Could not find R2 objects for record 5291e4c6-3ef4-4e74-86a0-128c57252c74
[2024-10-22 08:34:41] WARNING: Could not find R2 objects for record 2f44d66f-7b0f-481d-9a28-e3bdc1860979
[2024-10-22 08:34:41] WARNING: Could not find R2 objects for record ec7c3c67-1f2f-405d-8479-c27b9fb67c35
[2024-10-22 08:34:41] WARNING: Could not find R2 objects for record 8cd99bce-b4d4-474e-b421-5e3618aca6f6
[2024-10-22 08:34:41] WARNING: Could not find R2 objects for record d6aa7434-45e3-44ae-8504-af4b4afe0550
[2024-10-22 08:34:41] WARNING: Could not find R2 objects for record b4fb912a-688b-4d47-adcd-68d151bcb8a9
[2024-10-22 08:34:41] WARNING: Could not find R2 objects for record 1c9b71d5-1372-4cac-8bdc-e42a05643344
[2024-10-22 08:34:41] WARNING: Could not find R2 objects for record 6568ae66-5c85-415c-ac13-a37f7a594dab
[2024-10-22 08:34:41] WARNING: Could not find R2 objects for record 3086d496-3a73-40f0-b55c-9a94f1843934
[2024-10-22 08:34:41] WARNING: Could not find R2 objects for record d46df4a7-9f2e-404c-b149-ed898186466b
[2024-10-22 08:34:41] WARNING: Could not find R2 objects for record 171d63a2-798d-48eb-b985-323a093739f9
[2024-10-22 08:34:41] WARNING: Could not find R2 objects for record dfa65b2a-53a6-4cee-899e-e6c338c645d7
[2024-10-22 08:34:41] WARNING: Could not find R2 objects for record a0661efe-61e4-4c27-bc39-0a2096dd4256
[2024-10-22 08:34:41] WARNING: Could not find R2 objects for record 150821a1-782c-4c7d-b9bb-4ad09a723b0e
[2024-10-22 08:34:41] WARNING: Could not find R2 objects for record 4823cff1-2b7b-47cd-acd0-002273f4c449
[2024-10-22 08:34:41] WARNING: Could not find R2 objects for record ddcb035a-e024-44c6-abbf-d54e36aeaa20
[2024-10-22 08:34:41] WARNING: Could not find R2 objects for record c4c11fd8-20a2-4cc7-9e0b-f2cfa6d01bba
[2024-10-22 08:34:41] WARNING: Could not find R2 objects for record 12d790d3-2ed1-4a21-9513-3848dc7f9447
[2024-10-22 08:34:41] WARNING: Could not find R2 objects for record e308207a-ac4c-4772-8cc1-c144ab3ab4eb
[2024-10-22 08:34:41] WARNING: Could not find R2 objects for record 08702a9a-9516-4f86-97f9-53b4113fcdfa
[2024-10-22 08:34:41] WARNING: Could not find R2 objects for record b32d52de-64d2-479c-aa7a-8811984cad28
[2024-10-22 08:34:41] WARNING: Could not find R2 objects for record 73735d76-f1c5-41b0-b4e0-52ed6cb8da1e
[2024-10-22 08:34:41] WARNING: Could not find R2 objects for record f7dea476-4650-4ce7-8c64-e48680b9fa42
[2024-10-22 08:34:41] WARNING: Could not find R2 objects for record b5980bed-5c2e-4915-aa3e-cd95a5d188bd
[2024-10-22 08:34:41] WARNING: Could not find R2 objects for record e84893f4-a92c-4df6-9221-a9d0d4a775b2
[2024-10-22 08:34:41] WARNING: Could not find R2 objects for record 42aa5263-18ab-4c6c-aa8d-e38f6d2ab94e
[2024-10-22 08:34:41] WARNING: Could not find R2 objects for record ef95a77d-6efc-4816-8190-ab994675727e
[2024-10-22 08:34:41] WARNING: Could not find R2 objects for record bffaeba2-de60-4581-9b34-7f2bb7a69ab1
[2024-10-22 08:34:41] WARNING: Could not find R2 objects for record 0688cfac-9c50-49bc-87d9-ce848002adcc
[2024-10-22 08:34:41] WARNING: Could not find R2 objects for record 4357241a-5319-4c05-b3a4-ea8827044ab0
[2024-10-22 08:34:41] WARNING: Could not find R2 objects for record 0ec6b3e9-a76b-4eeb-90d9-3fa22d906b37
[2024-10-22 08:34:41] WARNING: Could not find R2 objects for record 770358c3-dae3-41fd-a6ec-579ee658e4da
[2024-10-22 08:34:41] WARNING: Could not find R2 objects for record d5b54329-00de-4bcd-ae23-bb878441314f
[2024-10-22 08:34:41] WARNING: Could not find R2 objects for record 7f72e624-9c0f-4231-89ac-70e062e33d54
[2024-10-22 08:34:41] WARNING: Could not find R2 objects for record 8c03afbf-b9ed-433d-b1c3-b1b9dc0f388a
[2024-10-22 08:34:41] WARNING: Could not find R2 objects for record f1ddfbf1-9e35-42ae-a5ef-0c88331ffdcc
[2024-10-22 08:34:41] WARNING: Could not find R2 objects for record 0640fa8a-bba3-48a0-934c-d1fcc08fbc52
[2024-10-22 08:34:41] WARNING: Could not find R2 objects for record 4c487afd-2c39-489d-911b-89225eb80cc0
[2024-10-22 08:34:41] WARNING: Could not find R2 objects for record d3cf9a6b-0704-4a8c-ae68-c72052c4a8ff
[2024-10-22 08:34:41] WARNING: Could not find R2 objects for record e99d39a3-c2e7-4b12-a630-1f17bbf988bc
[2024-10-22 08:34:41] WARNING: Could not find R2 objects for record 8e62ecb5-bbf1-4fe9-8efc-c24ef705c0b5
[2024-10-22 08:34:41] WARNING: Could not find R2 objects for record d0f6ce6f-3a98-499d-8074-5aa83be4cf9c
[2024-10-22 08:34:41] WARNING: Could not find R2 objects for record cc262cdf-9699-477f-a923-dffc74ba64dd
[2024-10-22 08:34:41] WARNING: Could not find R2 objects for record 31629d01-f40d-495e-a51a-38bbfd40b111
[2024-10-22 08:34:41] WARNING: Could not find R2 objects for record 5aadadb3-1fbb-4f3b-ad38-3c4c3f940ba8
[2024-10-22 08:34:41] WARNING: Could not find R2 objects for record 02187e59-595e-4d4c-b416-3292525009b9
[2024-10-22 08:34:41] WARNING: Could not find R2 objects for record 2e0f075a-f7e7-4ef9-9f5f-dda81d32fd19
[2024-10-22 08:34:41] WARNING: Could not find R2 objects for record 57216dbc-74f3-498b-9113-016bb92d23fc
[2024-10-22 08:34:41] WARNING: Could not find R2 objects for record 1913e8a0-8007-4461-a751-e6ab92e7e628
[2024-10-22 08:34:41] WARNING: Could not find R2 objects for record 65a2c1c3-9de3-48ac-933f-ddf6cb76e616
[2024-10-22 08:34:41] WARNING: Could not find R2 objects for record 534cd619-cc35-4f5a-ac79-41d536072c07
[2024-10-22 08:34:41] WARNING: Could not find R2 objects for record 0994e8ab-3386-4114-903e-a4c42da4419d
[2024-10-22 08:34:41] WARNING: Could not find R2 objects for record 62e6403d-432c-437d-ac82-20ef1cc035d7
[2024-10-22 08:34:41] WARNING: Could not find R2 objects for record f0535b82-8dff-4e93-ba20-255e60df39be
[2024-10-22 08:34:41] WARNING: Could not find R2 objects for record a5175462-0d1e-40c4-9388-06b7defdb508
[2024-10-22 08:34:41] WARNING: Could not find R2 objects for record 1ee67ac9-b9d1-4d10-9ac3-e4d8a0733db3
[2024-10-22 08:34:41] WARNING: Could not find R2 objects for record ae568654-f0c1-4b39-9605-e1b65505078f
[2024-10-22 08:34:41] WARNING: Could not find R2 objects for record 0d181bcc-6f90-4cbe-9fff-8db559aeb00b
[2024-10-22 08:34:41] WARNING: Could not find R2 objects for record 029750fa-3e71-45ca-bc1c-cf1b7cbe9d42
[2024-10-22 08:34:41] WARNING: Could not find R2 objects for record 558e3db3-690c-4cf0-ba96-2a56c1142941
[2024-10-22 08:34:41] WARNING: Could not find R2 objects for record 2be0f1fa-1703-44f0-813d-7ab9d9da3f81
[2024-10-22 08:34:41] WARNING: Could not find R2 objects for record ecc85888-7aa2-4972-bb69-9043c1b78113
[2024-10-22 08:34:41] WARNING: Could not find R2 objects for record 22c8edad-c9e1-461f-9bb2-3b3494f247e5
[2024-10-22 08:34:41] WARNING: Could not find R2 objects for record 10945714-09c0-4c8a-bc16-40b5d5581787
[2024-10-22 08:34:41] WARNING: Could not find R2 objects for record 5d169892-3e8a-4c8a-88bc-8d298da4435d
[2024-10-22 08:34:41] WARNING: Could not find R2 objects for record b015592f-e254-4b97-8789-a84e3df17d6f
[2024-10-22 08:34:41] WARNING: Could not find R2 objects for record 51e60895-54b9-4004-90a7-831a514aa231
[2024-10-22 08:34:41] WARNING: Could not find R2 objects for record fdb37202-151a-43da-986a-fabf47e7c4b3
[2024-10-22 08:34:41] WARNING: Could not find R2 objects for record cdd75de4-dd54-491d-a078-fbaab16acd6f
[2024-10-22 08:34:41] WARNING: Could not find R2 objects for record 261e6b19-c226-4f83-9c85-4bde76b9ea80
[2024-10-22 08:34:41] WARNING: Could not find R2 objects for record 6dcf373c-273b-4696-9f15-fb56747b09d3
[2024-10-22 08:34:41] WARNING: Could not find R2 objects for record 0a7e87e5-9ed9-49b9-b977-4a69f17bef36
[2024-10-22 08:34:41] WARNING: Could not find R2 objects for record 74347628-7c3f-43c1-a6ea-6d46f6ee40b2
[2024-10-22 08:34:41] WARNING: Could not find R2 objects for record 421c293d-a0e4-4fcb-b63b-648bc4261aa9
[2024-10-22 08:34:41] WARNING: Could not find R2 objects for record 52b7595a-8b70-4d4c-b2b9-3682bad38ba6
[2024-10-22 08:34:41] WARNING: Could not find R2 objects for record 6a25fabd-5dc6-4823-9c62-9ce2c462cec6
[2024-10-22 08:34:41] WARNING: Could not find R2 objects for record 75c5a1c1-0eb5-4445-b189-27c1e3866914
[2024-10-22 08:34:41] WARNING: Could not find R2 objects for record 62cfb462-51f2-4240-9cbb-a917e3557f9d
[2024-10-22 08:34:41] WARNING: Could not find R2 objects for record 4ef64124-cb95-418f-a959-003aa79345e0
[2024-10-22 08:34:41] WARNING: Could not find R2 objects for record 60a3749e-23ec-4a4c-bbf6-2252b6de1205
[2024-10-22 08:34:41] WARNING: Could not find R2 objects for record 6e7bd448-4c6c-43d8-b3db-3d5245e19540
[2024-10-22 08:34:41] WARNING: Could not find R2 objects for record 7598da22-0af0-493f-922e-a8345000bec9
[2024-10-22 08:34:41] WARNING: Could not find R2 objects for record b6f6d5bf-f22e-4131-9101-74229d625d35
[2024-10-22 08:34:41] WARNING: Could not find R2 objects for record 3da58414-0ef9-4704-8809-b16e92dea7c5
[2024-10-22 08:34:41] WARNING: Could not find R2 objects for record 2b5d6b3d-e06c-44da-9bcc-58286c8ed2cb
[2024-10-22 08:34:41] WARNING: Could not find R2 objects for record 1e84bb96-a2c8-4e68-9025-ae4bf86b0e64
[2024-10-22 08:34:41] WARNING: Could not find R2 objects for record f6e99b5e-6a3e-426e-8eb4-a8775bd58588
[2024-10-22 08:34:41] WARNING: Could not find R2 objects for record 8e706449-514f-4051-aee4-31c0e64b2b32
[2024-10-22 08:34:41] WARNING: Could not find R2 objects for record e41a102e-2be8-4540-b4d8-43303bcc03b1
[2024-10-22 08:34:41] WARNING: Could not find R2 objects for record 0cf1249c-d0bb-4256-b9c3-3df8ed5de88c
[2024-10-22 08:34:41] WARNING: Could not find R2 objects for record f2aa1561-7507-4937-a954-979985c05db8
[2024-10-22 08:34:41] WARNING: Could not find R2 objects for record 5e828a32-3708-46c3-a2c4-0664d2a7149e
[2024-10-22 08:34:41] WARNING: Could not find R2 objects for record b591642a-916b-431e-935a-4ce9030913b4
[2024-10-22 08:34:41] WARNING: Could not find R2 objects for record 3b241238-1ad1-4ddd-adbc-17ff79a890ab
[2024-10-22 08:34:41] WARNING: Could not find R2 objects for record 758a2f9d-23b3-4804-87e4-aebd5ae3a30a
[2024-10-22 08:34:41] WARNING: Could not find R2 objects for record a47ac181-9af8-4d07-ae51-35cb28a03e56
[2024-10-22 08:34:41] WARNING: Could not find R2 objects for record 047e8505-e770-4032-840e-ba47021120a7
[2024-10-22 08:34:41] WARNING: Could not find R2 objects for record 93346919-57c3-43e3-b68a-b3b0865ee8f2
[2024-10-22 08:34:41] WARNING: Could not find R2 objects for record 1f534b3e-615d-477b-b16d-a501133122e1
[2024-10-22 08:34:41] WARNING: Could not find R2 objects for record 3431d479-d472-4bc5-9f99-9b2470e83e05
[2024-10-22 08:34:41] WARNING: Could not find R2 objects for record 189551ab-a72d-4e58-bd7b-53a4d5fddbe1
[2024-10-22 08:34:41] WARNING: Could not find R2 objects for record c73d0730-52dc-4fa0-b736-ada1ccdfd287
[2024-10-22 08:34:41] WARNING: Could not find R2 objects for record 4b1b76ec-b474-4318-acd5-f96e773ccbe5
[2024-10-22 08:34:41] WARNING: Could not find R2 objects for record 4d34113f-565c-428e-9346-92680e4b1cd5
[2024-10-22 08:34:41] WARNING: Could not find R2 objects for record 40e35d90-c8e2-4045-8c0b-8dde210e0dae
[2024-10-22 08:34:41] WARNING: Could not find R2 objects for record 856f4f2a-47e3-4abe-8aa6-fc8d2b104f0b
[2024-10-22 08:34:41] WARNING: Could not find R2 objects for record 57df9954-0907-401c-88cb-bdaec55901fe
[2024-10-22 08:34:41] WARNING: Could not find R2 objects for record b321bb09-f27e-4fac-ae3c-1e9a66dc9157
[2024-10-22 08:34:41] WARNING: Could not find R2 objects for record 320cb768-5832-4660-950d-1c376e01f7c6
[2024-10-22 08:34:41] WARNING: Could not find R2 objects for record 3e800981-b010-43ce-a65e-d02e9a84f3d7
[2024-10-22 08:34:41] WARNING: Could not find R2 objects for record 43fe6195-0a09-4b72-8496-cc612ed9b00a
[2024-10-22 08:34:41] WARNING: Could not find R2 objects for record d6381f5a-4f2a-4c4b-907d-fd69b45eb513
[2024-10-22 08:34:41] WARNING: Could not find R2 objects for record 5dd5ede6-73a7-412c-ace7-ee8648f91e87
[2024-10-22 08:34:41] WARNING: Could not find R2 objects for record d9988050-0cae-4923-b00e-e177b21583d8
[2024-10-22 08:34:41] WARNING: Could not find R2 objects for record ec72298e-b665-4128-8ff3-e8450e08707f
[2024-10-22 08:34:41] WARNING: Could not find R2 objects for record 9ef21e22-9057-4625-a05d-62120f3717c9
[2024-10-22 08:34:41] WARNING: Could not find R2 objects for record 1a8cbe38-909e-4bf7-b327-d7449456a8b8
[2024-10-22 08:34:41] WARNING: Could not find R2 objects for record 3ceae824-58e0-4948-acfb-184e59df8f59
[2024-10-22 08:34:41] WARNING: Could not find R2 objects for record d2c7b34a-7d12-4d52-9cee-cee127b0e600
[2024-10-22 08:34:41] WARNING: Could not find R2 objects for record ca497b7c-f03d-4ac5-845e-44864d8d25ab
[2024-10-22 08:34:41] WARNING: Could not find R2 objects for record d4c3139d-8817-4495-973b-a08fd9da0191
[2024-10-22 08:34:41] WARNING: Could not find R2 objects for record 8d83bfff-cd5a-4f8c-b0a3-aa26a49d5f24
[2024-10-22 08:34:41] WARNING: Could not find R2 objects for record f64e32ef-9da3-484f-8217-0fff01afd3ea
[2024-10-22 08:34:41] WARNING: Could not find R2 objects for record 272454d9-e88c-489a-8a20-710bdd50d8ea
[2024-10-22 08:34:41] WARNING: Could not find R2 objects for record 64415c2a-2aaa-44c0-a7b1-6946496eef73
[2024-10-22 08:34:41] WARNING: Could not find R2 objects for record c09624ba-e712-4914-98de-fccff4fb35c1
[2024-10-22 08:34:41] WARNING: Could not find R2 objects for record f07b91e1-5f37-44bc-b490-8d5d73e28849
[2024-10-22 08:34:41] WARNING: Could not find R2 objects for record e51a711e-b4b7-4adc-ada0-17aa890b2c0c
[2024-10-22 08:34:41] WARNING: Could not find R2 objects for record 81aae40a-572b-4f4d-8802-e6ba5c808988
[2024-10-22 08:34:41] WARNING: Could not find R2 objects for record c4e4f1b6-cab7-44de-9f9c-ebfa239e747c
[2024-10-22 08:34:41] WARNING: Could not find R2 objects for record 3f036167-e02d-4ecc-bc32-6e757976bc57
[2024-10-22 08:34:41] WARNING: Could not find R2 objects for record df8acb94-8713-4a21-85f5-d458a08ecf6a
[2024-10-22 08:34:41] WARNING: Could not find R2 objects for record 6547c35a-de72-4b3c-9750-d217ec9ab8b1
[2024-10-22 08:34:41] WARNING: Could not find R2 objects for record f0568511-d246-4150-a8b0-49fde7708e56
[2024-10-22 08:34:41] WARNING: Could not find R2 objects for record 3f5a26db-91b6-476b-9a91-6007e126e72a
[2024-10-22 08:34:41] WARNING: Could not find R2 objects for record d97961fa-d3bd-45ce-905d-f688d2103c46
[2024-10-22 08:34:41] WARNING: Could not find R2 objects for record c97a5889-cf97-43f1-a93e-8669bb1e58e3
[2024-10-22 08:34:41] WARNING: Could not find R2 objects for record 974c20b8-f0cd-4d14-a926-a0392d2b1d4d
[2024-10-22 08:34:41] WARNING: Could not find R2 objects for record 8e95e639-154d-42b7-bce3-909fbb922383
[2024-10-22 08:34:41] WARNING: Could not find R2 objects for record b46e4ff5-fdf0-42ed-bf38-12d6d15c8fb2
[2024-10-22 08:34:41] WARNING: Could not find R2 objects for record 72ebf8a6-a1a6-4d00-ba36-3bf78b1ad013
[2024-10-22 08:34:41] WARNING: Could not find R2 objects for record 4f10689f-f5ad-47ce-9dec-994aa29896b0
[2024-10-22 08:34:41] WARNING: Could not find R2 objects for record 2c4424ff-8ecb-4e9a-92bc-69cfeba2e7f9
[2024-10-22 08:34:41] WARNING: Could not find R2 objects for record b45ccd93-8b08-4013-a89f-39c3c0b0f0de
[2024-10-22 08:34:41] WARNING: Could not find R2 objects for record af88e824-a3f9-4a9e-b787-541253d2851e
[2024-10-22 08:34:41] WARNING: Could not find R2 objects for record b0f052a6-1308-4188-ae14-40909c49b1e9
[2024-10-22 08:34:41] WARNING: Could not find R2 objects for record 4e0db236-83a7-4673-8353-82d4bbccee48
[2024-10-22 08:34:41] WARNING: Could not find R2 objects for record 1dad6869-4803-40b9-ad54-075f0be892ff
[2024-10-22 08:34:41] WARNING: Could not find R2 objects for record f4d26ba4-6f07-48e6-9b76-1539b9e12f40
[2024-10-22 08:34:41] WARNING: Could not find R2 objects for record 015c729f-6d0b-45bf-b02d-cfe62145c8e5
[2024-10-22 08:34:41] WARNING: Could not find R2 objects for record 91eea065-bdde-49a3-b382-494f1a06933f
[2024-10-22 08:34:41] WARNING: Could not find R2 objects for record 82bd6c83-637c-4943-86b8-7a7d99d9cef9
[2024-10-22 08:34:41] WARNING: Could not find R2 objects for record f8d846f8-8e94-4052-9460-f535a63d1f36
[2024-10-22 08:34:41] WARNING: Could not find R2 objects for record 6270f37a-56dc-47c8-82c8-4b9396fb6f9e
[2024-10-22 08:34:41] WARNING: Could not find R2 objects for record 3a626289-43e9-4d8a-a210-0ab3d03f988c
[2024-10-22 08:34:41] WARNING: Could not find R2 objects for record 9bc0f910-d295-4ea7-8612-80b69bdf6937
[2024-10-22 08:34:41] WARNING: Could not find R2 objects for record 2828a928-222c-4d5e-baf1-5acca4f67cac
[2024-10-22 08:34:41] WARNING: Could not find R2 objects for record eb3db2a9-87ca-417c-a1c6-391af7ba8ae9
[2024-10-22 08:34:41] WARNING: Could not find R2 objects for record a7d14ded-eab7-4b10-99cb-381cfa2cd36d
[2024-10-22 08:34:41] WARNING: Could not find R2 objects for record 635583cc-a349-44df-a8f8-2c1158d34304
[2024-10-22 08:34:41] WARNING: Could not find R2 objects for record c4652657-883e-46a8-8c35-89c938997d91
[2024-10-22 08:34:41] WARNING: Could not find R2 objects for record 127c173e-e88e-4427-942d-13f8c12764ad
[2024-10-22 08:34:41] WARNING: Could not find R2 objects for record abebffdd-0315-4393-aab9-1831a0feea83
[2024-10-22 08:34:41] WARNING: Could not find R2 objects for record f8396a0b-f748-4e38-807a-2fde09aec0e2
[2024-10-22 08:34:41] WARNING: Could not find R2 objects for record f5725fcd-9504-4358-9902-cbbb018dee29
[2024-10-22 08:34:41] WARNING: Could not find R2 objects for record cb5cfc09-2c06-4e1f-95a3-ec6914d1b1e8
[2024-10-22 08:34:41] WARNING: Could not find R2 objects for record ddccbbaa-19a9-416b-bfc9-7dc831183070
[2024-10-22 08:34:41] WARNING: Could not find R2 objects for record c1e311dd-fdcf-4f09-9576-46da074fb312
[2024-10-22 08:34:41] WARNING: Could not find R2 objects for record 58f82410-b581-40da-8b8d-4db2c152a795
[2024-10-22 08:34:41] WARNING: Could not find R2 objects for record d6d45eb9-4139-4d51-a615-bdd8ca1174f2
[2024-10-22 08:34:41] WARNING: Could not find R2 objects for record eb06d103-753e-48f9-993a-80127e0320ba
[2024-10-22 08:34:41] WARNING: Could not find R2 objects for record a7869fc1-2aaa-4538-9462-c54bafb48c1a
[2024-10-22 08:34:41] WARNING: Could not find R2 objects for record 1c6dd8a8-185c-45ea-9ed7-d3bf6c546086
[2024-10-22 08:34:41] WARNING: Could not find R2 objects for record 15ab9dfb-98f4-466c-8790-41b3d41ea859
[2024-10-22 08:34:41] WARNING: Could not find R2 objects for record 76513875-9df7-4e17-ac58-48c73a9b14cb
[2024-10-22 08:34:41] WARNING: Could not find R2 objects for record 1052110c-1ed1-4d4e-9e4f-35d1b9a24ec8
[2024-10-22 08:34:41] WARNING: Could not find R2 objects for record 67234955-b97b-4ef7-a0c8-a566940005d6
[2024-10-22 08:34:41] WARNING: Could not find R2 objects for record db040d79-1f07-498a-aa35-974d1d885248
[2024-10-22 08:34:41] WARNING: Could not find R2 objects for record c28d9c58-ab51-426e-8d91-e6929ef39b61
[2024-10-22 08:34:41] WARNING: Could not find R2 objects for record c5c27e67-3f96-4f37-9712-9cf4688ccb28
[2024-10-22 08:34:41] WARNING: Could not find R2 objects for record 41db902b-c85e-475e-af26-9cc41523dbd9
[2024-10-22 08:34:41] WARNING: Could not find R2 objects for record f8a295ca-fedb-46d3-9185-d0d01b4dba17
[2024-10-22 08:34:41] WARNING: Could not find R2 objects for record 4c0ad049-b174-43da-a525-c3688c967f61
[2024-10-22 08:34:41] WARNING: Could not find R2 objects for record c58665c8-4701-4e35-8a3c-bf8be9e9e360
[2024-10-22 08:34:41] WARNING: Could not find R2 objects for record 9169f4bd-91a6-4d82-9c4f-61dea66eacd5
[2024-10-22 08:34:41] WARNING: Could not find R2 objects for record 90db5583-30a4-4f04-9212-eb508127ebe0
[2024-10-22 08:34:41] WARNING: Could not find R2 objects for record b4b1b5fa-36e4-49d7-b2bc-cf240680c818
[2024-10-22 08:34:41] WARNING: Could not find R2 objects for record d675345e-56ef-4bf9-b9ec-298e07efa4fa
[2024-10-22 08:34:41] WARNING: Could not find R2 objects for record e177a345-17c7-4e89-9ac1-f80c9e29d5d2
[2024-10-22 08:34:41] WARNING: Could not find R2 objects for record 00a7e7fe-f19e-4cbb-a41f-c1cd029d5603
[2024-10-22 08:34:41] WARNING: Could not find R2 objects for record 3f90f1c9-91cd-4748-ab09-5359a6cf85d2
[2024-10-22 08:34:41] WARNING: Could not find R2 objects for record 0fea4160-7157-4983-aa25-50939f3dce37
[2024-10-22 08:34:41] WARNING: Could not find R2 objects for record a6b659a3-60b4-42f8-89e5-f883f57bb735
[2024-10-22 08:34:41] WARNING: Could not find R2 objects for record 5981073b-fc59-4cf3-81ea-c7f606521cae
[2024-10-22 08:34:41] WARNING: Could not find R2 objects for record 012198c4-7964-43bb-bdcf-274000034744
[2024-10-22 08:34:41] WARNING: Could not find R2 objects for record d310ebf9-88c1-4205-ba15-0c8e680b535e
[2024-10-22 08:34:41] WARNING: Could not find R2 objects for record d903ce3f-0aa3-48c0-8d7d-513486bdb4a6
[2024-10-22 08:34:41] WARNING: Could not find R2 objects for record 027dc812-13b2-48a9-a505-f3f868c50b4b
[2024-10-22 08:34:41] WARNING: Could not find R2 objects for record 0378c4bd-22ff-4191-8c81-eda79255db72
[2024-10-22 08:34:41] WARNING: Could not find R2 objects for record b663d385-7831-4189-8cb0-cfd06d3abec0
[2024-10-22 08:34:41] WARNING: Could not find R2 objects for record b18de5d7-0294-4fba-9f69-66790b25b323
[2024-10-22 08:34:41] WARNING: Could not find R2 objects for record a7a61ff8-9d8e-4b59-8bea-2e0cd496b618
[2024-10-22 08:34:41] WARNING: Could not find R2 objects for record fc18ae8b-d189-4cbd-89c2-37354d43d898
[2024-10-22 08:34:41] WARNING: Could not find R2 objects for record 8140bef6-15a0-4105-a343-dcb2978f2bae
[2024-10-22 08:34:41] WARNING: Could not find R2 objects for record b7c8ab34-2924-4228-96c3-6220610f003c
[2024-10-22 08:34:41] WARNING: Could not find R2 objects for record 4bd47d6b-8651-4bc3-8d32-e7714fa13296
[2024-10-22 08:34:41] WARNING: Could not find R2 objects for record ce14b112-2e1c-4056-9902-773e11bb6bd6
[2024-10-22 08:34:41] WARNING: Could not find R2 objects for record fa7851fd-633c-4146-a40e-8841ebe1c3ab
[2024-10-22 08:34:41] WARNING: Could not find R2 objects for record f6d77aaa-5e9e-4e30-ba6e-c96b94f43aa4
[2024-10-22 08:34:41] WARNING: Could not find R2 objects for record d7811037-50f7-4e15-9f8d-eefee23d4d74
[2024-10-22 08:34:41] WARNING: Could not find R2 objects for record 20d87cb4-1af3-402d-a7e9-62f20a0da839
[2024-10-22 08:34:41] WARNING: Could not find R2 objects for record 2c8b3494-5059-4d27-8110-e8d0b05347e3
[2024-10-22 08:34:41] WARNING: Could not find R2 objects for record 6a3a69cd-09f4-42bd-a3be-5fc9e6053b5b
[2024-10-22 08:34:41] WARNING: Could not find R2 objects for record 0570661a-d758-4a9a-8e0b-bf48b6d7e093
[2024-10-22 08:34:41] WARNING: Could not find R2 objects for record 1f2839b7-ee5e-4bc5-94a6-eb75a3a91956
[2024-10-22 08:34:41] WARNING: Could not find R2 objects for record 5976a514-899e-499c-ac45-c4f1873eed21
[2024-10-22 08:34:41] WARNING: Could not find R2 objects for record d27d504b-c870-49bb-b708-017c438692f0
[2024-10-22 08:34:41] WARNING: Could not find R2 objects for record b22941d0-79d6-44c1-b423-0a5683e07f24
[2024-10-22 08:34:41] WARNING: Could not find R2 objects for record d8f6b8e9-6f28-4482-8351-7caa377c544d
[2024-10-22 08:34:41] WARNING: Could not find R2 objects for record 1fb3d379-c427-49d2-a371-a05cb9568649
[2024-10-22 08:34:41] WARNING: Could not find R2 objects for record e82d4305-a9f4-4c16-93eb-8488805a901b
[2024-10-22 08:34:41] WARNING: Could not find R2 objects for record 36b11ea0-0ec0-4b5c-a833-2012d1bd7a4a
[2024-10-22 08:34:41] WARNING: Could not find R2 objects for record 11e2e42c-53af-4145-aeb4-bc84cf199a26
[2024-10-22 08:34:41] WARNING: Could not find R2 objects for record 98e61d89-2349-4a58-973a-418dcc709ba3
[2024-10-22 08:34:41] WARNING: Could not find R2 objects for record eef40122-ba07-47b3-a3d7-136fe6d51286
[2024-10-22 08:34:41] WARNING: Could not find R2 objects for record 66e0cc52-24f4-4a45-ab6d-2d8af9e86671
[2024-10-22 08:34:41] WARNING: Could not find R2 objects for record d7937643-7633-4c4e-bc21-d92f8c5e69c3
[2024-10-22 08:34:41] WARNING: Could not find R2 objects for record f300e1c2-8886-44b4-b373-0d8b51be5347
[2024-10-22 08:34:41] WARNING: Could not find R2 objects for record b0799f78-662b-4091-8dfd-4e02d0e3ffe0
[2024-10-22 08:34:41] WARNING: Could not find R2 objects for record adc25fa9-811d-454e-9eea-8d35098ef1f4
[2024-10-22 08:34:41] WARNING: Could not find R2 objects for record f86d76f5-5576-414f-97f6-1e0dabc8a324
[2024-10-22 08:34:41] WARNING: Could not find R2 objects for record cef24190-6102-4a50-a7f8-b2ad2ddb10e3
[2024-10-22 08:34:41] WARNING: Could not find R2 objects for record 320244c0-806d-4e94-9139-7ea81f06a160
[2024-10-22 08:34:41] WARNING: Could not find R2 objects for record 8e84d7b1-85bc-44d5-8dc5-05f41e2163d7
[2024-10-22 08:34:41] WARNING: Could not find R2 objects for record fd324564-fe58-4a01-9ad2-dceab08071db
[2024-10-22 08:34:41] WARNING: Could not find R2 objects for record 3037b86e-02fb-4a8e-8d44-a6f013a03750
[2024-10-22 08:34:41] WARNING: Could not find R2 objects for record 8e6ebd88-48c2-4741-bcc7-d77034467376
[2024-10-22 08:34:41] WARNING: Could not find R2 objects for record d022fea2-20c5-4f68-bb67-d66191c8dac9
[2024-10-22 08:34:41] WARNING: Could not find R2 objects for record 2ab632db-e97f-4c51-a66d-fd43356850d4
[2024-10-22 08:34:41] WARNING: Could not find R2 objects for record 6bf20dab-792b-4a80-b27d-05a5ae8c71a3
[2024-10-22 08:34:41] WARNING: Could not find R2 objects for record 94a85942-5517-4704-8343-01b34c9e7add
[2024-10-22 08:34:41] WARNING: Could not find R2 objects for record 23908cef-346d-4cf0-99ac-0cdba6e8f1eb
[2024-10-22 08:34:41] WARNING: Could not find R2 objects for record 91aa0e28-ff15-478f-9774-f40f4d7b4aff
[2024-10-22 08:34:41] WARNING: Could not find R2 objects for record 6b7a5979-74be-4aca-82eb-2c311bb7a189
[2024-10-22 08:34:41] WARNING: Could not find R2 objects for record 84f79697-5274-482c-992d-3f7500551e23
[2024-10-22 08:34:41] WARNING: Could not find R2 objects for record a032650c-2619-475d-bdc7-f4448ba5f758
[2024-10-22 08:34:41] WARNING: Could not find R2 objects for record d8db8f72-529b-45bc-a8dc-72ef9f3241d8
[2024-10-22 08:34:41] WARNING: Could not find R2 objects for record d736a73a-6842-4af2-96ab-cdd88a0c8627
[2024-10-22 08:34:41] WARNING: Could not find R2 objects for record eb8031b3-6d6c-4553-8508-d6fe421de332
[2024-10-22 08:34:41] WARNING: Could not find R2 objects for record 42fd77ff-e1c0-432b-a32e-4c03da6ea18b
[2024-10-22 08:34:41] WARNING: Could not find R2 objects for record a1d5aaa8-9c6e-4e97-9e12-9812635f8cab
[2024-10-22 08:34:41] WARNING: Could not find R2 objects for record cc8317ce-16d1-4484-a17f-e76105e2b6c6
[2024-10-22 08:34:41] WARNING: Could not find R2 objects for record 556c0103-3484-471b-8807-5e8f06ece61a
[2024-10-22 08:34:41] WARNING: Could not find R2 objects for record 04f1a9bb-1745-4e51-b350-a6ea7e68620a
[2024-10-22 08:34:41] WARNING: Could not find R2 objects for record bc8fcbbb-75f3-4840-bdd0-cf6470dbfabe
[2024-10-22 08:34:41] WARNING: Could not find R2 objects for record 469b82e9-b55a-44ac-bb27-74a0c4f8cc05
[2024-10-22 08:34:41] WARNING: Could not find R2 objects for record 9eb23457-ed7f-4527-9bb7-4478d72a181e
[2024-10-22 08:34:41] WARNING: Could not find R2 objects for record 87e2fd0c-1235-425d-abe5-6adb4a9252f3
[2024-10-22 08:34:41] WARNING: Could not find R2 objects for record 8fc916e5-594a-4378-a8f4-862b26c173be
[2024-10-22 08:34:41] WARNING: Could not find R2 objects for record 71ea148d-4b42-4ec3-a903-fbafaf35d229
[2024-10-22 08:34:41] WARNING: Could not find R2 objects for record 75358368-bbbf-4597-871c-963f4fe97d6a
[2024-10-22 08:34:41] WARNING: Could not find R2 objects for record 07a5a126-688a-48ba-8a8c-3406491e8044
[2024-10-22 08:34:41] WARNING: Could not find R2 objects for record 9920fad0-7320-4a28-aaa8-4f160a0ae85b
[2024-10-22 08:34:41] WARNING: Could not find R2 objects for record 89317b35-eca1-4072-a950-b45eb789cdb1
[2024-10-22 08:34:41] WARNING: Could not find R2 objects for record 4a59d374-941e-418c-b01c-9daf933fb221
[2024-10-22 08:34:41] WARNING: Could not find R2 objects for record b4f9df16-b87f-43b6-b174-ddf08dc803fd
[2024-10-22 08:34:41] WARNING: Could not find R2 objects for record f73a337f-adac-46a6-ae68-c4719cd9d4f3
[2024-10-22 08:34:41] WARNING: Could not find R2 objects for record 51041adb-1686-411a-a3a6-f80e7e1551b8
[2024-10-22 08:34:41] WARNING: Could not find R2 objects for record 29cebc66-1848-4e41-a737-b0f0558855c7
[2024-10-22 08:34:41] WARNING: Could not find R2 objects for record 7a46c26f-fcf3-4398-ad0f-cdd15842cbf0
[2024-10-22 08:34:41] WARNING: Could not find R2 objects for record c6f70107-14d4-41ed-9c79-263dc7cd3d06
[2024-10-22 08:34:41] WARNING: Could not find R2 objects for record 06b8b040-e0af-4a3a-98b1-7df1983438e9
[2024-10-22 08:34:41] WARNING: Could not find R2 objects for record 8829e275-afe8-43b9-8c4c-60bda773fcfe
[2024-10-22 08:34:41] WARNING: Could not find R2 objects for record 38fe87b2-2507-42ab-bcfe-9a87670139d8
[2024-10-22 08:34:41] WARNING: Could not find R2 objects for record 4ccc0484-c9a2-4aeb-9b5d-b0577aa82304
[2024-10-22 08:34:41] WARNING: Could not find R2 objects for record 592f9b3c-ccbd-463d-9d61-f13eedbe6774
[2024-10-22 08:34:41] WARNING: Could not find R2 objects for record 6b368ea9-172d-489f-9e81-f99f6401566e
[2024-10-22 08:34:41] WARNING: Could not find R2 objects for record 88526391-a40f-44cb-8148-40a357fd611c
[2024-10-22 08:34:41] WARNING: Could not find R2 objects for record d4debcab-51b7-4154-b176-f3e01bc99952
[2024-10-22 08:34:41] WARNING: Could not find R2 objects for record 3d8866b5-3dd1-4450-861c-372027c64e7a
[2024-10-22 08:34:41] WARNING: Could not find R2 objects for record 46693224-0bf6-4344-90e0-73341291815e
[2024-10-22 08:34:41] WARNING: Could not find R2 objects for record a742a8a3-1359-474f-b050-2b06eb6e05ae
[2024-10-22 08:34:41] WARNING: Could not find R2 objects for record 1d43fed6-5190-423d-a09a-6cb738c3bab8
[2024-10-22 08:34:41] WARNING: Could not find R2 objects for record a11dfe10-3f34-4067-ae8c-82bf51256bb3
[2024-10-22 08:34:41] WARNING: Could not find R2 objects for record 7a058227-6829-4a86-b78b-4bfd338814e5
[2024-10-22 08:34:41] WARNING: Could not find R2 objects for record fb116b61-201e-4a9a-bbb2-3a3600eb5a49
[2024-10-22 08:34:41] WARNING: Could not find R2 objects for record 8cc8e5f7-eff8-4296-ae88-da65a94a8303
[2024-10-22 08:34:41] WARNING: Could not find R2 objects for record ee1c17e2-f3a7-47de-873e-e24e7f8262d7
[2024-10-22 08:34:41] WARNING: Could not find R2 objects for record da8d3462-d1c4-477f-8ed5-7eed2a251824
[2024-10-22 08:34:41] WARNING: Could not find R2 objects for record 3d6f2f33-4525-4e97-8a00-e6e8b784f3f4
[2024-10-22 08:34:41] WARNING: Could not find R2 objects for record ea62a762-c451-495f-86a5-90baf71dd477
[2024-10-22 08:34:41] WARNING: Could not find R2 objects for record 23f41947-8127-4a53-b8c9-4daf074b32a8
[2024-10-22 08:34:41] WARNING: Could not find R2 objects for record 9feda66e-2492-4cab-b9ff-be11928b0fb1
[2024-10-22 08:34:41] WARNING: Could not find R2 objects for record 3efa081c-ca62-457d-ac5d-1fbf060ec5ea
[2024-10-22 08:34:41] WARNING: Could not find R2 objects for record a390d597-d732-4b28-af96-e7499689d2a4
[2024-10-22 08:34:41] WARNING: Could not find R2 objects for record 1253f947-4e84-4ceb-9a10-8ab6984c7b21
[2024-10-22 08:34:41] WARNING: Could not find R2 objects for record f3647119-f6df-4201-baca-93331cd036ee
[2024-10-22 08:34:41] WARNING: Could not find R2 objects for record 215878a8-6731-45e4-bee3-0c1afd494147
[2024-10-22 08:34:41] WARNING: Could not find R2 objects for record 300f3654-a7fb-4a30-af88-528832f2900f
[2024-10-22 08:34:41] WARNING: Could not find R2 objects for record caac3821-32aa-4dd3-8318-e5b59e97ea8a
[2024-10-22 08:34:41] WARNING: Could not find R2 objects for record 99e5c94f-64cf-4a6e-b813-60a27693ee73
[2024-10-22 08:34:41] WARNING: Could not find R2 objects for record e5e19d08-a6b2-4db6-a296-812111ad6e3e
[2024-10-22 08:34:41] WARNING: Could not find R2 objects for record 7b91ef58-9c35-4ff8-b19d-69e356a08777
[2024-10-22 08:34:41] WARNING: Could not find R2 objects for record b9816341-2b14-4be1-8c1a-a0500e1f5999
[2024-10-22 08:34:41] WARNING: Could not find R2 objects for record 07fd92df-0d23-44ed-bccd-820169a2af80
[2024-10-22 08:34:41] WARNING: Could not find R2 objects for record f807f680-0f78-42c3-9d16-d20ff051e769
[2024-10-22 08:34:41] WARNING: Could not find R2 objects for record 70755d55-3be9-4930-92c2-f0ab652a9386
[2024-10-22 08:34:41] WARNING: Could not find R2 objects for record b43b6b48-eb80-4850-a322-b8d6ccb110b1
[2024-10-22 08:34:41] WARNING: Could not find R2 objects for record ad6e2ea3-f96f-4c31-9bc2-901faaa81c66
[2024-10-22 08:34:41] WARNING: Could not find R2 objects for record d996a997-cd06-4636-8557-6dc46098a6cc
[2024-10-22 08:34:41] WARNING: Could not find R2 objects for record a14cd163-fca9-435e-8a61-d401fbf2b8db
[2024-10-22 08:34:41] WARNING: Could not find R2 objects for record e9723160-7b53-4465-8d58-941d547cf4e6
[2024-10-22 08:34:41] WARNING: Could not find R2 objects for record e83b9231-b720-49d3-9682-9fb93dcb05b1
[2024-10-22 08:34:41] WARNING: Could not find R2 objects for record df3dde16-aac9-4373-8784-d5ce585fa639
[2024-10-22 08:34:41] WARNING: Could not find R2 objects for record 8f9229b4-86b9-44a8-a8af-4a4a1b9425eb
[2024-10-22 08:34:41] WARNING: Could not find R2 objects for record 8e7425a3-c5ca-41ca-be4e-aa7b5f08a8c6
[2024-10-22 08:34:41] WARNING: Could not find R2 objects for record b1224387-a3e9-43e7-b6df-1203bb97fd6e
[2024-10-22 08:34:41] WARNING: Could not find R2 objects for record b08cfc52-40d8-426a-a9c8-b93131c96653
[2024-10-22 08:34:41] WARNING: Could not find R2 objects for record c0e375c6-efc6-4932-bc01-7e1dd496c37e
[2024-10-22 08:34:41] WARNING: Could not find R2 objects for record acbf802f-b7c9-4dc9-a18f-1f131fc0f7f5
[2024-10-22 08:34:41] WARNING: Could not find R2 objects for record ed13c543-e9e0-47c1-8e1c-0cb4d5f5c2e6
[2024-10-22 08:34:41] WARNING: Could not find R2 objects for record 3a547aea-ec2a-4904-9da8-20d53828aed0
[2024-10-22 08:34:41] WARNING: Could not find R2 objects for record b1a86e16-8f2b-4172-beab-028f34ae082e
[2024-10-22 08:34:41] WARNING: Could not find R2 objects for record d59eb5a4-e371-4078-91da-2271b3737134
[2024-10-22 08:34:41] WARNING: Could not find R2 objects for record 83a4092e-a3a4-41df-b7a4-0902a5cc7019
[2024-10-22 08:34:41] WARNING: Could not find R2 objects for record fd463027-e655-4300-b1ce-d8cf471eb6be
[2024-10-22 08:34:41] WARNING: Could not find R2 objects for record 076c89cf-de7b-4c30-91ce-5713f6c594b4
[2024-10-22 08:34:41] WARNING: Could not find R2 objects for record 827fc8c2-023e-4691-881a-494b46128b48
[2024-10-22 08:34:41] WARNING: Could not find R2 objects for record 98a56a6d-8a65-431c-94cd-0fd56d40a630
[2024-10-22 08:34:41] WARNING: Could not find R2 objects for record baaa4915-5933-4efd-80f4-1016e35d1936
[2024-10-22 08:34:41] WARNING: Could not find R2 objects for record 01355b6f-3f2a-4d5e-af8d-2dea4f53dff5
[2024-10-22 08:34:41] WARNING: Could not find R2 objects for record 1214382d-f1ef-4696-9556-8c4a53aa23e8
[2024-10-22 08:34:41] WARNING: Could not find R2 objects for record eb020824-8cba-4cdb-b6d5-f606b5ccb249
[2024-10-22 08:34:41] WARNING: Could not find R2 objects for record 133f205e-fb80-426f-97ed-4e11db4e5319
[2024-10-22 08:34:41] WARNING: Could not find R2 objects for record bb74e720-67e0-42ab-ad47-36bc9d8605d5
[2024-10-22 08:34:41] WARNING: Could not find R2 objects for record 81061621-5f81-4bfa-86ff-58ea1b13c399
[2024-10-22 08:34:41] WARNING: Could not find R2 objects for record 55a35276-747e-4058-aa2e-d7c49a60194d
[2024-10-22 08:34:41] WARNING: Could not find R2 objects for record 64b4443e-c103-4b0d-af00-9b8bc29233c8
[2024-10-22 08:34:41] WARNING: Could not find R2 objects for record 78079e1e-6861-4787-bbdb-b45b9838cd68
[2024-10-22 08:34:41] WARNING: Could not find R2 objects for record 331ddb20-7858-439c-8b43-d43aee01f124
[2024-10-22 08:34:41] WARNING: Could not find R2 objects for record a83d78d9-2ef3-4233-9926-ac55bdb70b9d
[2024-10-22 08:34:41] WARNING: Could not find R2 objects for record bbb49247-9ce7-4e15-b91b-8a39b57987c5
[2024-10-22 08:34:41] WARNING: Could not find R2 objects for record ac095cc9-da2d-4f35-9267-ab46ead8d481
[2024-10-22 08:34:41] WARNING: Could not find R2 objects for record 373e1a0e-a055-4388-8c76-012f210c8460
[2024-10-22 08:34:41] WARNING: Could not find R2 objects for record b4aac8bd-9e74-4364-842c-b61a385c5777
[2024-10-22 08:34:41] WARNING: Could not find R2 objects for record 3ef30f50-4196-4b69-894a-4dc3aba4faae
[2024-10-22 08:34:41] WARNING: Could not find R2 objects for record 0bafaed3-70cd-4652-b1d6-fe45b95e1b6d
[2024-10-22 08:34:41] WARNING: Could not find R2 objects for record 97eddae3-6b60-4a02-9d69-6b5bba53ea57
[2024-10-22 08:34:41] WARNING: Could not find R2 objects for record 181b4aaa-b788-4676-9b7a-6fbe6cae80f1
[2024-10-22 08:34:41] WARNING: Could not find R2 objects for record b1e1f459-9720-4e00-a14a-c572dfaff215
[2024-10-22 08:34:41] WARNING: Could not find R2 objects for record a301460f-6266-4100-a742-224be037bf1b
[2024-10-22 08:34:41] WARNING: Could not find R2 objects for record c4979559-868b-4270-858c-d4b08b06e5c4
[2024-10-22 08:34:41] WARNING: Could not find R2 objects for record 8ede89fa-11c5-42b7-9967-cdcc4362293b
[2024-10-22 08:34:41] WARNING: Could not find R2 objects for record 0907079a-523b-41f8-8249-dfa5e1eb711c
[2024-10-22 08:34:41] WARNING: Could not find R2 objects for record 85ac1c71-dd44-413e-bc41-f893b0a1dd29
[2024-10-22 08:34:41] WARNING: Could not find R2 objects for record 24a6adc0-0bc0-4bb4-a599-c5427afafd84
[2024-10-22 08:34:41] WARNING: Could not find R2 objects for record 560cfa55-c5ea-42ea-a8a8-325fe3d6ece7
[2024-10-22 08:34:41] WARNING: Could not find R2 objects for record 6a15823e-aaa8-4e74-9e05-0b83c3a911e5
[2024-10-22 08:34:41] WARNING: Could not find R2 objects for record 85951b9a-6f0a-489e-84f4-6f203633ea68
[2024-10-22 08:34:41] WARNING: Could not find R2 objects for record d3ce3d54-96f7-4b26-be23-33d03ab70fe8
[2024-10-22 08:34:41] WARNING: Could not find R2 objects for record 4925faa5-600d-4e4b-b2e3-6d7f51cef36e
[2024-10-22 08:34:41] WARNING: Could not find R2 objects for record fda55416-79bb-467b-b164-245b3c596735
[2024-10-22 08:34:41] WARNING: Could not find R2 objects for record be06a6f2-ebff-4c1b-a389-630f3486e0b9
[2024-10-22 08:34:41] WARNING: Could not find R2 objects for record 869f343e-a3d0-4437-b5b3-9606f78758f7
[2024-10-22 08:34:41] WARNING: Could not find R2 objects for record 7fb793c0-9ab5-40c5-ac32-d35d33d01e43
[2024-10-22 08:34:41] WARNING: Could not find R2 objects for record 3383f906-1f37-4b20-b26f-a16f0c8712d3
[2024-10-22 08:34:41] WARNING: Could not find R2 objects for record faa5923c-8451-49e2-a655-4dbdb2086e7d
[2024-10-22 08:34:41] WARNING: Could not find R2 objects for record 2fb902ed-a2bb-41cd-9b52-e8ef048e5483
[2024-10-22 08:34:41] WARNING: Could not find R2 objects for record 34d74fec-459c-4ed4-8fae-fbd6b6f24fdd
[2024-10-22 08:34:41] WARNING: Could not find R2 objects for record 1ebc2616-a746-45a5-be23-e50c71ab0eaf
[2024-10-22 08:34:41] WARNING: Could not find R2 objects for record 862a1a85-586b-472e-b7ba-1eef08101c3a
[2024-10-22 08:34:41] WARNING: Could not find R2 objects for record 7a6db437-0ca2-48ee-9398-dbb8116bb31d
[2024-10-22 08:34:41] WARNING: Could not find R2 objects for record 4aeb66ce-7907-4d7d-b700-4a81932b56bc
[2024-10-22 08:34:41] WARNING: Could not find R2 objects for record 1a4245d9-5b7b-4580-a835-fca2720b911c
[2024-10-22 08:34:41] WARNING: Could not find R2 objects for record 8902aa47-f870-4155-be31-607db60ca404
[2024-10-22 08:34:41] WARNING: Could not find R2 objects for record 0ba037e9-1345-4161-b97a-a341867872db
[2024-10-22 08:34:41] WARNING: Could not find R2 objects for record 078e9686-87ea-478c-91df-cafebff9fa5a
[2024-10-22 08:34:41] WARNING: Could not find R2 objects for record e65bb886-0a67-4d84-847b-98bcd55a1452
[2024-10-22 08:34:41] WARNING: Could not find R2 objects for record f5e08c2b-10a8-4754-9383-401cb2c87cb7
[2024-10-22 08:34:41] WARNING: Could not find R2 objects for record 69b9f969-436b-4123-be70-812846b9bf63
[2024-10-22 08:34:41] WARNING: Could not find R2 objects for record 60a902d6-0210-4e46-bba1-82dcc6f130a7
[2024-10-22 08:34:41] WARNING: Could not find R2 objects for record 9c836129-389f-4712-a397-534c5f33dc12
[2024-10-22 08:34:41] WARNING: Could not find R2 objects for record 56d24290-a091-4283-94ac-9dc985d6f511
[2024-10-22 08:34:41] WARNING: Could not find R2 objects for record ca1e402b-fc33-4f21-9dc7-97dfe39f17c6
[2024-10-22 08:34:41] WARNING: Could not find R2 objects for record b035ba67-0df6-40d4-9aae-9eb5caef4ccb
[2024-10-22 08:34:41] WARNING: Could not find R2 objects for record 74ae35c9-72e1-46d4-b929-07e4c135f6c8
[2024-10-22 08:34:41] WARNING: Could not find R2 objects for record d4d72d36-ee6e-4914-8786-28e2e81abb4e
[2024-10-22 08:34:41] WARNING: Could not find R2 objects for record b8e1d9bf-0521-442c-b067-1dee2f933f7d
[2024-10-22 08:34:41] WARNING: Could not find R2 objects for record f5633f77-e450-4bde-8525-5bd81af02d16
[2024-10-22 08:34:41] WARNING: Could not find R2 objects for record fc520edd-df12-41a9-a3c0-1a5a553ec220
[2024-10-22 08:34:41] WARNING: Could not find R2 objects for record f01c6173-8eec-40ba-9034-6f38f9c09745
[2024-10-22 08:34:41] WARNING: Could not find R2 objects for record b361743f-860e-4b88-98f3-e3b998df6b89
[2024-10-22 08:34:41] WARNING: Could not find R2 objects for record 27069723-bf0f-4752-ad60-6c751150c00e
[2024-10-22 08:34:41] WARNING: Could not find R2 objects for record 45df3c11-b750-41a2-9111-9d3ec2797377
[2024-10-22 08:34:41] WARNING: Could not find R2 objects for record d2fe2d2b-ccfa-4ddf-81a0-faed6b27f9aa
[2024-10-22 08:34:41] WARNING: Could not find R2 objects for record 57038afc-6a24-4e13-9d35-dcb9b8fd4a13
[2024-10-22 08:34:41] WARNING: Could not find R2 objects for record da36518d-54a4-4914-bb7f-7a18ad079d58
[2024-10-22 08:34:41] WARNING: Could not find R2 objects for record 093b9092-2082-4b72-baad-0fa61e86facf
[2024-10-22 08:34:41] WARNING: Could not find R2 objects for record 27496084-3c67-4bca-948d-25632112797e
[2024-10-22 08:34:41] WARNING: Could not find R2 objects for record 4e675730-468d-4f33-8b30-fd78545b00bd
[2024-10-22 08:34:41] WARNING: Could not find R2 objects for record 9ca4386d-cd3b-4e7b-881e-578ea28751de
[2024-10-22 08:34:41] WARNING: Could not find R2 objects for record 6f4f17ae-b459-4764-949a-61facd36b2c4
[2024-10-22 08:34:41] WARNING: Could not find R2 objects for record 63a46b9f-3782-45d2-86b7-648939968134
[2024-10-22 08:34:41] WARNING: Could not find R2 objects for record 95eef523-6e7a-4d9d-8486-0cb232617629
[2024-10-22 08:34:41] WARNING: Could not find R2 objects for record 6878d430-ebaf-4060-bbbd-f6f88bcae2ee
[2024-10-22 08:34:41] WARNING: Could not find R2 objects for record f3a1f70e-4bc6-4dc9-a913-273a02059c99
[2024-10-22 08:34:41] WARNING: Could not find R2 objects for record 573c6da3-b551-455b-b102-4df905c0479e
[2024-10-22 08:34:41] WARNING: Could not find R2 objects for record ca2a5937-b070-4ee4-b7a0-f48c4ee9cf62
[2024-10-22 08:34:41] WARNING: Could not find R2 objects for record c4a40373-cbfb-444f-a3fa-cd397f13d868
[2024-10-22 08:34:41] WARNING: Could not find R2 objects for record 28fc25c1-3d9b-4c6d-aa5f-ae0a10eaea94
[2024-10-22 08:34:41] WARNING: Could not find R2 objects for record 54729057-9396-4812-bbf9-279a6fcd46ff
[2024-10-22 08:34:41] WARNING: Could not find R2 objects for record d2304a98-d2da-4b5b-b079-d3a8a0fbde2c
[2024-10-22 08:34:41] WARNING: Could not find R2 objects for record 93c95365-42f8-4b7e-9183-457f4187d481
[2024-10-22 08:34:41] WARNING: Could not find R2 objects for record d617ba72-5d16-49c3-9eb2-4fcdf73cf9f0
[2024-10-22 08:34:41] WARNING: Could not find R2 objects for record 1b9d5fc6-229d-4f43-8f60-9da00c2da386
[2024-10-22 08:34:41] WARNING: Could not find R2 objects for record e26447d2-62e0-4511-86f5-df44d1780f5a
[2024-10-22 08:34:41] WARNING: Could not find R2 objects for record 31d2622c-f0fb-4fb2-a0a6-6bd5a58d6d8b
[2024-10-22 08:34:41] WARNING: Could not find R2 objects for record 0a405372-1e1d-490a-8e44-88762b7a715c
[2024-10-22 08:34:41] WARNING: Could not find R2 objects for record 9969bdd8-0b2f-45c5-9f3e-623f9d67598c
[2024-10-22 08:34:41] WARNING: Could not find R2 objects for record c66bb8b3-026a-40ba-9cf4-5c8b3ff0479a
[2024-10-22 08:34:41] WARNING: Could not find R2 objects for record 37ad00fb-f337-41f5-978e-402a04e133fd
[2024-10-22 08:34:41] WARNING: Could not find R2 objects for record cd4f7b98-2232-4cdf-b591-1cb0dae7b241
[2024-10-22 08:34:41] WARNING: Could not find R2 objects for record 997b987b-26bd-4f21-a30b-5e2777779167
[2024-10-22 08:34:41] WARNING: Could not find R2 objects for record 923b7c9e-adf4-4c29-834f-1291787c6f5d
[2024-10-22 08:34:41] WARNING: Could not find R2 objects for record 54d1887c-24d5-4625-9877-61d58a80a606
[2024-10-22 08:34:41] WARNING: Could not find R2 objects for record 2bccb38d-b74c-4502-8919-3a0049ced7a8
[2024-10-22 08:34:41] WARNING: Could not find R2 objects for record 025755f8-2b45-4edb-8267-e2c224b33833
[2024-10-22 08:34:41] WARNING: Could not find R2 objects for record d6657b75-28b6-4452-81d9-20f32aecb781
[2024-10-22 08:34:41] WARNING: Could not find R2 objects for record 4f9e2d17-c59b-44b3-9767-35919a0ab6e9
[2024-10-22 08:34:41] WARNING: Could not find R2 objects for record 16c6c090-2d60-4bce-aff7-a03279834c23
[2024-10-22 08:34:41] WARNING: Could not find R2 objects for record 1d394fd0-94de-4ce2-a01e-262a0657ed25
[2024-10-22 08:34:41] WARNING: Could not find R2 objects for record 2ab150e2-a157-4780-a7f8-bd150192ae58
[2024-10-22 08:34:41] WARNING: Could not find R2 objects for record 53719d03-9b57-4e97-abc5-10177ffe6e89
[2024-10-22 08:34:41] WARNING: Could not find R2 objects for record 08b0556b-95e4-4e52-8ea2-d9711de2d0c9
[2024-10-22 08:34:41] WARNING: Could not find R2 objects for record 2fcedd27-6f1d-40fd-bf4a-491cf202a600
[2024-10-22 08:34:41] WARNING: Could not find R2 objects for record d17e70a7-a8ef-4243-b3dc-18250845552a
[2024-10-22 08:34:41] WARNING: Could not find R2 objects for record 70e0207c-f7b2-4080-a217-d523cd30f915
[2024-10-22 08:34:41] WARNING: Could not find R2 objects for record 58ae6f8a-ad30-4f2d-b6b2-1b535e1d6004
[2024-10-22 08:34:41] WARNING: Could not find R2 objects for record ed828eae-df2a-4b85-82da-5d7624dfdb95
[2024-10-22 08:34:41] WARNING: Could not find R2 objects for record 209d6155-8f70-4c02-9a4d-e4dd8070aec6
[2024-10-22 08:34:41] WARNING: Could not find R2 objects for record 7d5bd09e-9c0d-4131-be6f-9102d2b65959
[2024-10-22 08:34:41] WARNING: Could not find R2 objects for record a264375f-9f16-4033-bd94-8479f5197c58
[2024-10-22 08:34:41] WARNING: Could not find R2 objects for record 37d2baa8-7884-41d0-966a-437f9195f31a
[2024-10-22 08:34:41] WARNING: Could not find R2 objects for record f520e887-6424-4835-a93d-6b13a9a108b2
[2024-10-22 08:34:41] WARNING: Could not find R2 objects for record 0c8982c3-6c27-421e-9584-7b92624451bf
[2024-10-22 08:34:41] WARNING: Could not find R2 objects for record 9b8b4c3d-482f-427b-b53a-7c6f39713b37
[2024-10-22 08:34:41] WARNING: Could not find R2 objects for record 5e7341a0-0652-4f39-938d-250801c223d7
[2024-10-22 08:34:41] WARNING: Could not find R2 objects for record 3de3ed35-8095-4454-9a01-191e8dc789f0
[2024-10-22 08:34:41] WARNING: Could not find R2 objects for record bc45cae0-17ef-41a5-b084-da2dce38371a
[2024-10-22 08:34:41] WARNING: Could not find R2 objects for record 69db0a9f-cf5d-4523-be66-f22f1bfd6dba
[2024-10-22 08:34:41] WARNING: Could not find R2 objects for record 54b23d43-adf4-4f79-b5a5-3929cb7ac615
[2024-10-22 08:34:41] WARNING: Could not find R2 objects for record f94b701a-aee2-45ea-9095-71fd1de66c8f
[2024-10-22 08:34:41] WARNING: Could not find R2 objects for record 0847aed3-6e7f-45f0-9b62-4db4c7f60dca
[2024-10-22 08:34:41] WARNING: Could not find R2 objects for record bd417a6f-ba9e-42b9-834f-f554752bec63
[2024-10-22 08:34:41] WARNING: Could not find R2 objects for record 8f406cc4-e3ac-455e-854c-a72ae70d7d6e
[2024-10-22 08:34:41] WARNING: Could not find R2 objects for record 875f3bf1-5cc0-4511-ab19-a35821b605c9
[2024-10-22 08:34:41] WARNING: Could not find R2 objects for record 51f2c2c0-b734-4cdd-a2b4-574487b6618b
[2024-10-22 08:34:41] WARNING: Could not find R2 objects for record 8eacfc37-0ee1-409d-ac6b-0668fbe595de
[2024-10-22 08:34:41] WARNING: Could not find R2 objects for record 240f7dba-564c-4748-b9e8-4a65e5169e79
[2024-10-22 08:34:41] WARNING: Could not find R2 objects for record acb36d5f-1553-4efc-8052-ca9986981014
[2024-10-22 08:34:41] WARNING: Could not find R2 objects for record 0fc7ae33-e701-43d0-a658-e68a40afd1ff
[2024-10-22 08:34:41] WARNING: Could not find R2 objects for record 549375c6-d3a4-4cdf-bba5-9287e77bf615
[2024-10-22 08:34:41] WARNING: Could not find R2 objects for record fde2ae9c-173e-4bdc-bd3c-e47fb54c88ac
[2024-10-22 08:34:41] WARNING: Could not find R2 objects for record 38eb1170-b528-452f-8217-5afa52e2efb8
[2024-10-22 08:34:41] WARNING: Could not find R2 objects for record 9bd46ff2-9db8-49f4-8d1a-a0c1dbf127fb
[2024-10-22 08:34:41] WARNING: Could not find R2 objects for record f6eb93b6-f3f7-4aaf-8b65-c1e6088bd16b
[2024-10-22 08:34:41] WARNING: Could not find R2 objects for record b3b8d8b0-36df-4ec5-9b7e-82a61e155adb
[2024-10-22 08:34:41] WARNING: Could not find R2 objects for record ccd48d14-ad42-4cae-9cf8-9c92844ab1c4
[2024-10-22 08:34:41] WARNING: Could not find R2 objects for record 1f5cecfb-5509-4666-85ec-1c430bf2756c
[2024-10-22 08:34:41] WARNING: Could not find R2 objects for record 000983db-95fe-489c-b1d7-38f8d2d3d793
[2024-10-22 08:34:41] WARNING: Could not find R2 objects for record afa87360-ee26-434e-b8c0-166e1b1b2dec
[2024-10-22 08:34:41] WARNING: Could not find R2 objects for record a77b72fd-95f3-413a-ab95-baf831284bfc
[2024-10-22 08:34:41] WARNING: Could not find R2 objects for record 3ee8caac-fe9f-47a1-8136-dfb336ec8c75
[2024-10-22 08:34:41] WARNING: Could not find R2 objects for record c447e8b1-9da6-4391-8bc5-7ba8bb7c717f
[2024-10-22 08:34:41] WARNING: Could not find R2 objects for record 1742b913-aa32-4da1-b5e9-1bec3ca6ccb8
[2024-10-22 08:34:41] WARNING: Could not find R2 objects for record 52552b25-4487-4076-acbe-d77fc6803b53
[2024-10-22 08:34:41] WARNING: Could not find R2 objects for record d19d0ce6-8e48-40b9-a603-809997e94b67
[2024-10-22 08:34:41] WARNING: Could not find R2 objects for record 5e16414a-9788-4995-9fed-e6d7bd852a39
[2024-10-22 08:34:41] WARNING: Could not find R2 objects for record 509b751f-1620-4285-ad97-6a6259b068c1
[2024-10-22 08:34:41] WARNING: Could not find R2 objects for record 1504428a-821b-417c-811b-07d38ad974d7
[2024-10-22 08:34:41] WARNING: Could not find R2 objects for record d544ba5a-f346-46f3-9251-b3fc3558e693
[2024-10-22 08:34:41] WARNING: Could not find R2 objects for record 34c8f319-bf2b-4938-ac44-216007d1a3f5
[2024-10-22 08:34:41] WARNING: Could not find R2 objects for record 491d086e-3f7b-41cd-99b6-91e80b1a81f8
[2024-10-22 08:34:41] WARNING: Could not find R2 objects for record b48b11de-7f8f-41ed-a12b-0cb7138e0e95
[2024-10-22 08:34:41] WARNING: Could not find R2 objects for record 452fd6b6-fc6b-4f53-b49e-a1c89fdb20f4
[2024-10-22 08:34:41] WARNING: Could not find R2 objects for record 1c04f009-69e5-4b71-9e73-bd6d0dcf7397
[2024-10-22 08:34:41] WARNING: Could not find R2 objects for record 1770d403-a25c-4b67-89de-68907e154b93
[2024-10-22 08:34:41] WARNING: Could not find R2 objects for record 58878d42-aa5d-4f2b-ac57-8c63a6363e1c
[2024-10-22 08:34:41] WARNING: Could not find R2 objects for record b34ed501-a906-493a-be08-f56b4bdc9956
[2024-10-22 08:34:41] WARNING: Could not find R2 objects for record fe0579db-8721-4e25-8ad7-1b90892962e8
[2024-10-22 08:34:41] WARNING: Could not find R2 objects for record 3b8adabd-3b2a-4d51-8737-53a2914d0308
[2024-10-22 08:34:41] WARNING: Could not find R2 objects for record 3f018cab-6600-4bdf-81fe-91aabb6ceea0
[2024-10-22 08:34:41] WARNING: Could not find R2 objects for record 89c6d75d-21e3-46cd-9adb-5674f5b2a75b
[2024-10-22 08:34:41] WARNING: Could not find R2 objects for record 36375ad6-c005-43d7-9610-c9d4e4d8c235
[2024-10-22 08:34:41] WARNING: Could not find R2 objects for record a5a085ba-e71f-454b-9941-5c1bc2e857f4
[2024-10-22 08:34:41] WARNING: Could not find R2 objects for record 89e071fd-6bf0-4f4e-879a-fd9334744eda
[2024-10-22 08:34:41] WARNING: Could not find R2 objects for record 734e5724-ed48-4ab9-a0ae-c476ef75fd99
[2024-10-22 08:34:41] WARNING: Could not find R2 objects for record 1687374e-0159-4399-a6ad-84b554c1bc8c
[2024-10-22 08:34:41] WARNING: Could not find R2 objects for record 6571d5d7-23a1-4dde-9a6d-0837f3218bd3
[2024-10-22 08:34:41] WARNING: Could not find R2 objects for record 9f65eafc-b4b5-4731-a8f8-98cbb9fc2c23
[2024-10-22 08:34:41] WARNING: Could not find R2 objects for record b448b002-061e-4b93-8389-f5af4ad2cc69
[2024-10-22 08:34:41] WARNING: Could not find R2 objects for record 9e8c226c-d37e-46de-bd8a-2503b707003c
[2024-10-22 08:34:41] WARNING: Could not find R2 objects for record e06dac63-ddfe-4095-81d3-916b1f5688e6
[2024-10-22 08:34:41] WARNING: Could not find R2 objects for record 330f52cf-4f2f-44b5-ad2d-dbd0374e84b5
[2024-10-22 08:34:41] WARNING: Could not find R2 objects for record faa86660-c2a5-4ab8-9682-eea431502da1
[2024-10-22 08:34:41] WARNING: Could not find R2 objects for record a2b1e3cd-91de-417b-a5ae-848a73fbb0b3
[2024-10-22 08:34:41] WARNING: Could not find R2 objects for record fbc862ca-9d81-4499-9baa-c34d6f8f502b
[2024-10-22 08:34:41] WARNING: Could not find R2 objects for record aa0a7741-1f10-4ad4-a5b4-ecbfdf02301f
[2024-10-22 08:34:41] WARNING: Could not find R2 objects for record 34c282e4-77d6-4273-ae5a-b4d55b2b66a7
[2024-10-22 08:34:41] WARNING: Could not find R2 objects for record 551ae4c3-4bab-439e-a65b-236e09926836
[2024-10-22 08:34:41] WARNING: Could not find R2 objects for record 7d5809a5-14e9-4920-9777-c2197a479b58
[2024-10-22 08:34:41] WARNING: Could not find R2 objects for record 7e764a85-231e-4e6e-8a5d-903ca92dd4db
[2024-10-22 08:34:41] WARNING: Could not find R2 objects for record 181e857a-81a2-45ee-af82-a22be2ebd637
[2024-10-22 08:34:41] WARNING: Could not find R2 objects for record 54162228-e7c1-4d85-9993-30ce89ba7c70
[2024-10-22 08:34:41] WARNING: Could not find R2 objects for record 0b27cdf2-6397-42ae-9622-3ce0148f38af
[2024-10-22 08:34:41] WARNING: Could not find R2 objects for record 3e47194f-9186-4bb8-8b23-1a7e14f8dd79
[2024-10-22 08:34:41] WARNING: Could not find R2 objects for record b178818b-03a1-4939-b3db-0c0dfbf08524
[2024-10-22 08:34:41] WARNING: Could not find R2 objects for record afd21b3c-7f1a-4f96-8fc4-bea0ba0bc3a3
[2024-10-22 08:34:41] WARNING: Could not find R2 objects for record b3b6a425-86d0-4a43-b699-2e994e1a437b
[2024-10-22 08:34:41] WARNING: Could not find R2 objects for record d8afa92f-dec4-40c5-a154-ccb9e1c582f8
[2024-10-22 08:34:41] WARNING: Could not find R2 objects for record f1951bd0-5a14-47da-9f0a-b5375152a319
[2024-10-22 08:34:41] WARNING: Could not find R2 objects for record 8816aa96-42b6-4b32-926c-d80e94bf1467
[2024-10-22 08:34:41] WARNING: Could not find R2 objects for record b86051a3-644e-464e-9ce6-4d421cac1d3d
[2024-10-22 08:34:41] WARNING: Could not find R2 objects for record 1e5166df-20d9-45e7-b296-bb36c1d69eb7
[2024-10-22 08:34:41] WARNING: Could not find R2 objects for record 02f4fc4a-d1d7-46e2-a182-d9f4683ce42d
[2024-10-22 08:34:41] WARNING: Could not find R2 objects for record b9f832de-fa3f-4a39-a6fc-94cf8d7e298a
[2024-10-22 08:34:41] WARNING: Could not find R2 objects for record 732ed88d-82c0-4012-9bcc-80d794c60ceb
[2024-10-22 08:34:41] WARNING: Could not find R2 objects for record 5a57b332-e0cb-4e3f-890c-4d7e71a62047
[2024-10-22 08:34:41] WARNING: Could not find R2 objects for record 8814f5ee-b327-4d82-bf80-05429bdd41d8
[2024-10-22 08:34:41] WARNING: Could not find R2 objects for record d4e0e394-31ad-4ce0-9c2e-8c8a023184c5
[2024-10-22 08:34:41] WARNING: Could not find R2 objects for record cec58042-7b4c-4f26-949b-c558d717a223
[2024-10-22 08:34:41] WARNING: Could not find R2 objects for record 9900c5b0-acc6-4521-bd7c-df6ceafd7056
[2024-10-22 08:34:41] WARNING: Could not find R2 objects for record 264d13e3-5af7-425a-ac39-1de088db19a7
[2024-10-22 08:34:41] WARNING: Could not find R2 objects for record 7503df8e-953b-4211-8dbc-08852c91710b
[2024-10-22 08:34:41] WARNING: Could not find R2 objects for record 7f5eb5d6-7138-49d8-b16c-deb3c82ed2c8
[2024-10-22 08:34:41] WARNING: Could not find R2 objects for record 0c039c97-441b-412c-b102-a6fae0648efe
[2024-10-22 08:34:41] WARNING: Could not find R2 objects for record bb7e7805-4037-4e2c-a51b-4885f9e2d39b
[2024-10-22 08:34:41] WARNING: Could not find R2 objects for record 14a7f9e9-602b-40c1-8549-66315e6c21f1
[2024-10-22 08:34:41] WARNING: Could not find R2 objects for record a1acc053-f039-45f3-a2f2-70862be54f34
[2024-10-22 08:34:41] WARNING: Could not find R2 objects for record 6b610e9d-99c9-4acf-aa17-9f74e1ab767a
[2024-10-22 08:34:41] WARNING: Could not find R2 objects for record 80b56a53-6085-441b-af98-dde38dc08428
[2024-10-22 08:34:41] WARNING: Could not find R2 objects for record 45330e71-12e3-424a-ac02-2d83df810cb1
[2024-10-22 08:34:41] WARNING: Could not find R2 objects for record 855d504d-3ad9-4878-8508-a9a7e4cbfc48
[2024-10-22 08:34:41] WARNING: Could not find R2 objects for record 8aa8b273-2b70-41a5-b925-f805ad7479aa
[2024-10-22 08:34:41] WARNING: Could not find R2 objects for record 4564c99b-bb4b-44f2-ba38-f41f66b59df2
[2024-10-22 08:34:41] WARNING: Could not find R2 objects for record fe54cb3e-50e1-4c3e-bd14-f9e40d009e6a
[2024-10-22 08:34:41] WARNING: Could not find R2 objects for record 37418c25-2f37-4601-9040-b8b539125e04
[2024-10-22 08:34:41] WARNING: Could not find R2 objects for record f5c7132c-fb15-4029-9164-91bd5a6b9fd5
[2024-10-22 08:34:41] WARNING: Could not find R2 objects for record ad2d0e8f-841d-40a5-b91c-8ffb6ad0feae
[2024-10-22 08:34:41] WARNING: Could not find R2 objects for record ab011f2d-29aa-451b-aa19-cf38b870e5bf
[2024-10-22 08:34:41] WARNING: Could not find R2 objects for record 7a0d2077-ccde-4d58-90c8-eaf726a1262e
[2024-10-22 08:34:41] WARNING: Could not find R2 objects for record 768e7634-6b09-45dd-8766-e7fbd62035a7
[2024-10-22 08:34:41] WARNING: Could not find R2 objects for record ed2a92b9-57a8-4d28-979f-d7b6daa27dae
[2024-10-22 08:34:41] WARNING: Could not find R2 objects for record f81e46c8-4d62-4f89-9a59-dd644dd01961
[2024-10-22 08:34:41] WARNING: Could not find R2 objects for record d08bbe6b-b150-42d8-852c-43ec9fce4703
[2024-10-22 08:34:41] WARNING: Could not find R2 objects for record bdc8fabd-b159-41f1-831e-1addd52cbac4
[2024-10-22 08:34:41] WARNING: Could not find R2 objects for record df8adeb4-b447-46fe-bc8f-5a130fd0949e
[2024-10-22 08:34:41] WARNING: Could not find R2 objects for record 00b345ef-9f9e-470c-a90e-bae5117eece5
[2024-10-22 08:34:41] WARNING: Could not find R2 objects for record db96f0ef-1675-41fd-922b-1d0f7583f035
[2024-10-22 08:34:41] WARNING: Could not find R2 objects for record a158d7b9-bec3-47a4-8232-380b6d24ac9d
[2024-10-22 08:34:41] WARNING: Could not find R2 objects for record c88f46cb-bfd8-42d6-b9d9-415571a63df2
[2024-10-22 08:34:41] WARNING: Could not find R2 objects for record 6806de64-7313-4121-a325-67a49c7eeae3
[2024-10-22 08:34:41] WARNING: Could not find R2 objects for record 37d22cb2-954d-4d00-9461-4d25305c52b5
[2024-10-22 08:34:41] WARNING: Could not find R2 objects for record 0aebff2e-1e39-4ccb-96db-c103c9c9bc6b
[2024-10-22 08:34:41] WARNING: Could not find R2 objects for record 91a40f91-65bc-465e-8588-f4f69bac1460
[2024-10-22 08:34:41] WARNING: Could not find R2 objects for record 02ef6f1e-ce55-4f3e-a5c4-49daa5c36e1f
[2024-10-22 08:34:41] WARNING: Could not find R2 objects for record 1b8cb706-595f-4407-af75-d6016c165383
[2024-10-22 08:34:41] WARNING: Could not find R2 objects for record 4dfc3a0b-b571-420c-b1e9-367aa4d2f29f
[2024-10-22 08:34:41] WARNING: Could not find R2 objects for record ad93d9df-42c8-418d-8232-71af3ada5ae5
[2024-10-22 08:34:41] WARNING: Could not find R2 objects for record dfd6a017-3242-4ce6-902a-17e5dd221d13
[2024-10-22 08:34:41] WARNING: Could not find R2 objects for record 9461958f-50ca-4ceb-a070-5a0849f6d3c8
[2024-10-22 08:34:41] WARNING: Could not find R2 objects for record ae5798f3-3813-43e5-b32b-d8e70749b793
[2024-10-22 08:34:41] WARNING: Could not find R2 objects for record bd135d07-79e6-49a2-a2a2-d9dd9f1bfcf0
[2024-10-22 08:34:41] WARNING: Could not find R2 objects for record a7d75378-b61f-4547-88aa-3fe339419e59
[2024-10-22 08:34:41] WARNING: Could not find R2 objects for record 1aa50f97-bc54-4be3-9f93-33de8b55747d
[2024-10-22 08:34:41] WARNING: Could not find R2 objects for record a769135c-ebf8-4951-a023-5ee7077f2bf4
[2024-10-22 08:34:41] WARNING: Could not find R2 objects for record 009b8983-5a82-4315-b44f-63191a19af4c
[2024-10-22 08:34:41] WARNING: Could not find R2 objects for record a213d8d2-1723-43eb-b115-a871d779725f
[2024-10-22 08:34:41] WARNING: Could not find R2 objects for record b8d24c1f-8cce-477e-bfc2-ab06e1958181
[2024-10-22 08:34:41] WARNING: Could not find R2 objects for record 31f53944-8f10-4626-b5db-9b451e2fc5d4
[2024-10-22 08:34:41] WARNING: Could not find R2 objects for record 0597575b-edc1-455d-b5eb-600b954619f2
[2024-10-22 08:34:41] WARNING: Could not find R2 objects for record 1f7e5416-d6a1-4842-88b0-8e03a5210e71
[2024-10-22 08:34:41] WARNING: Could not find R2 objects for record c5bcf1f4-1eeb-4f1c-804c-a0663bff9617
[2024-10-22 08:34:41] WARNING: Could not find R2 objects for record 53d697f6-b6f9-450b-8db2-3dbeea3e8f17
[2024-10-22 08:34:41] WARNING: Could not find R2 objects for record 900f18d2-a44c-4e35-bc31-d986b568eb5d
[2024-10-22 08:34:41] WARNING: Could not find R2 objects for record 34162725-616b-47b8-9cb8-3641db3f9c67
[2024-10-22 08:34:41] WARNING: Could not find R2 objects for record 1394b690-06fd-4abd-8673-d855c07ebbb7
[2024-10-22 08:34:41] WARNING: Could not find R2 objects for record f99a2775-8863-4f88-8430-9a2695298dae
[2024-10-22 08:34:41] WARNING: Could not find R2 objects for record 969cec7b-a2aa-4767-85a7-716f0e4643c1
[2024-10-22 08:34:41] WARNING: Could not find R2 objects for record f2c6b271-0d28-4da4-97e2-ff0bcc109be2
[2024-10-22 08:34:41] WARNING: Could not find R2 objects for record e689ff29-6653-4c59-9cfb-43e0736919ca
[2024-10-22 08:34:41] WARNING: Could not find R2 objects for record b42d2ae4-4d96-40ee-97ee-06c09feb5daa
[2024-10-22 08:34:41] WARNING: Could not find R2 objects for record eebe4919-ba34-4b1e-adc0-1d6e49726014
[2024-10-22 08:34:41] WARNING: Could not find R2 objects for record c1104703-276e-4115-bd09-635f7b70117e
[2024-10-22 08:34:41] WARNING: Could not find R2 objects for record 3c2be8ee-64bf-48b5-8dba-dc352157dadc
[2024-10-22 08:34:41] WARNING: Could not find R2 objects for record a5f33710-974d-4581-a6d9-13296d563e62
[2024-10-22 08:34:41] WARNING: Could not find R2 objects for record 7ef97f12-cba3-4164-b7c1-01bdda2d7866
[2024-10-22 08:34:41] WARNING: Could not find R2 objects for record 7337b8a8-bfb2-4710-94a2-0210f8246ea9
[2024-10-22 08:34:41] WARNING: Could not find R2 objects for record ad8db5c8-7735-412d-a863-3207cf7f9b41
[2024-10-22 08:34:41] WARNING: Could not find R2 objects for record 9e1de08c-fb8c-4bf7-bca8-a83ac87f2164
[2024-10-22 08:34:41] WARNING: Could not find R2 objects for record 0dc3653f-3df4-4411-bd1f-fe2957ed3c44
[2024-10-22 08:34:41] WARNING: Could not find R2 objects for record e0124900-67f1-4f3f-8f5b-6748cbe4e5f6
[2024-10-22 08:34:41] WARNING: Could not find R2 objects for record f8927659-c663-43bb-80be-0a757d393316
[2024-10-22 08:34:41] WARNING: Could not find R2 objects for record 3bc69e87-7a08-4c29-a149-2fa0d467f710
[2024-10-22 08:34:41] WARNING: Could not find R2 objects for record 4b6e71f7-0a8f-440b-8e80-0f8b2662f877
[2024-10-22 08:34:41] WARNING: Could not find R2 objects for record 283b1cbd-5861-4a61-a0ee-d49f265186f9
[2024-10-22 08:34:41] WARNING: Could not find R2 objects for record 1b2b7a4f-07b7-444d-b92c-662cde0a73de
[2024-10-22 08:34:41] WARNING: Could not find R2 objects for record 37c4336f-6709-4d96-96a5-f09f4aeb465f
[2024-10-22 08:34:41] WARNING: Could not find R2 objects for record cc2060eb-2b4d-42e0-8f91-85aae4805e41
[2024-10-22 08:34:41] WARNING: Could not find R2 objects for record 7d073b17-22cb-4c45-8c5e-9df831933a5e
[2024-10-22 08:34:41] WARNING: Could not find R2 objects for record c9fb87a4-7dfa-4374-b066-c74439e37415
[2024-10-22 08:34:41] WARNING: Could not find R2 objects for record 301ec5c2-1292-4ebd-aa27-6810ab37dbbe
[2024-10-22 08:34:41] WARNING: Could not find R2 objects for record f40af366-15e4-4c53-a5d3-469d5fa5b218
[2024-10-22 08:34:41] WARNING: Could not find R2 objects for record 05ce142f-ea0f-4c51-be29-30f6ac13fd16
[2024-10-22 08:34:41] WARNING: Could not find R2 objects for record 4de32a0b-d2e9-400b-8dd3-261b7b197484
[2024-10-22 08:34:41] WARNING: Could not find R2 objects for record ccb89ecc-a463-4bcd-99c7-383b407bfeca
[2024-10-22 08:34:41] WARNING: Could not find R2 objects for record 538f54f3-8d24-4699-8860-31fd45f024a0
[2024-10-22 08:34:41] WARNING: Could not find R2 objects for record 58175b68-8682-4ee4-adc0-825e415e6ef5
[2024-10-22 08:34:41] WARNING: Could not find R2 objects for record f9684d2c-d3c5-455f-949a-d93596447075
[2024-10-22 08:34:41] WARNING: Could not find R2 objects for record f715268e-1616-4f91-97f7-2a02928416e0
[2024-10-22 08:34:41] WARNING: Could not find R2 objects for record 1f41f931-6d1f-4808-8b17-f49f0b4d3015
[2024-10-22 08:34:41] WARNING: Could not find R2 objects for record 9e299ea2-2045-4c18-9102-44e685b99503
[2024-10-22 08:34:41] WARNING: Could not find R2 objects for record 19719c2d-31cf-4d19-b067-8012a64ae865
[2024-10-22 08:34:41] WARNING: Could not find R2 objects for record 6553732c-f967-4de5-ae54-26ba4f37e32b
[2024-10-22 08:34:41] WARNING: Could not find R2 objects for record c431ad11-51e4-4aa5-b001-4a456a247bce
[2024-10-22 08:34:41] WARNING: Could not find R2 objects for record 26bd8e1e-9671-48ab-85bf-d95b2b61234a
[2024-10-22 08:34:41] WARNING: Could not find R2 objects for record 5c117f46-66eb-44df-9703-ee85d4a32c64
[2024-10-22 08:34:41] WARNING: Could not find R2 objects for record 0bdba25d-7c1c-44f6-850e-266eb9440634
[2024-10-22 08:34:41] WARNING: Could not find R2 objects for record c2bafb00-fffa-4206-a9dd-6e7fec272dc8
[2024-10-22 08:34:41] WARNING: Could not find R2 objects for record 6b87dbef-e215-4880-b627-1191a38ef390
[2024-10-22 08:34:41] WARNING: Could not find R2 objects for record 2e9a1cca-39b4-492c-847b-50cc57e5f997
[2024-10-22 08:34:41] WARNING: Could not find R2 objects for record 58bbf933-72a9-474a-94ac-971556aee360
[2024-10-22 08:34:41] WARNING: Could not find R2 objects for record 95fbb8c7-520c-4785-93b5-d0122d7e86c0
[2024-10-22 08:34:41] WARNING: Could not find R2 objects for record 1e167aa9-d798-4c61-90ba-285430072041
[2024-10-22 08:34:41] WARNING: Could not find R2 objects for record db1bda65-cbb6-435d-aa62-9f1b0aba75b0
[2024-10-22 08:34:41] WARNING: Could not find R2 objects for record 771b13e6-f95f-493d-acee-d97ef5920bcb
[2024-10-22 08:34:41] WARNING: Could not find R2 objects for record 4155f43e-a88f-44df-acaa-7d53a2e5e174
[2024-10-22 08:34:41] WARNING: Could not find R2 objects for record b6fc824b-9450-402b-aac6-3f0764629f3a
[2024-10-22 08:34:41] WARNING: Could not find R2 objects for record d7bfe2ec-3086-4b54-9e52-c8aa38304d5b
[2024-10-22 08:34:41] WARNING: Could not find R2 objects for record de97b8dc-9eb9-4ab2-90b5-c729a5354dae
[2024-10-22 08:34:41] WARNING: Could not find R2 objects for record 661c55d5-7f5f-4c73-ac01-da249cbb00ff
[2024-10-22 08:34:41] WARNING: Could not find R2 objects for record 5641ee00-e3b8-4220-a105-98314c51d163
[2024-10-22 08:34:41] WARNING: Could not find R2 objects for record 513ba802-53d8-48f7-9acf-55f35fc193eb
[2024-10-22 08:34:41] WARNING: Could not find R2 objects for record f922e46d-3328-4b68-b710-788c565dbc07
[2024-10-22 08:34:41] WARNING: Could not find R2 objects for record 7590202d-9fc8-4e5d-b9d0-aab2dc8cafff
[2024-10-22 08:34:41] WARNING: Could not find R2 objects for record c97abfe9-5b38-46e3-a7d6-59114386d681
[2024-10-22 08:34:41] WARNING: Could not find R2 objects for record c9897a8d-d0a8-4b53-9537-e718efe91f73
[2024-10-22 08:34:41] WARNING: Could not find R2 objects for record 249e69a8-d52a-48bc-97f3-b626d91cccfb
[2024-10-22 08:34:41] WARNING: Could not find R2 objects for record e8d37be9-6a81-4c5f-8d0e-3d119d0e52d6
[2024-10-22 08:34:41] WARNING: Could not find R2 objects for record 993ba862-071f-4a0a-bef6-82a9785ee571
[2024-10-22 08:34:41] WARNING: Could not find R2 objects for record de5a7035-2901-424b-957b-38e690f348b4
[2024-10-22 08:34:41] WARNING: Could not find R2 objects for record b07ed795-a498-4034-a138-864f9e31d88e
[2024-10-22 08:34:41] WARNING: Could not find R2 objects for record 1fce72ce-3123-4aa1-887d-61e3d4322b9b
[2024-10-22 08:34:41] WARNING: Could not find R2 objects for record c121ce25-163e-4c94-ae6e-09c5e6772331
[2024-10-22 08:34:41] WARNING: Could not find R2 objects for record 970adb8f-adb7-4a75-be71-1dd3811d91b7
[2024-10-22 08:34:41] WARNING: Could not find R2 objects for record a2ada1ab-5a08-4a01-bb59-54f4f192e1ad
[2024-10-22 08:34:41] WARNING: Could not find R2 objects for record 97a6ec78-31eb-4055-9649-9c7cc4c2d69c
[2024-10-22 08:34:41] WARNING: Could not find R2 objects for record 371be9ca-0aa5-4a17-98c0-b6daaeba4a58
[2024-10-22 08:34:41] WARNING: Could not find R2 objects for record 1962f306-e140-40c2-8c3b-5b4b84fc394a
[2024-10-22 08:34:41] WARNING: Could not find R2 objects for record 92fa5b01-e68d-4014-9699-1efe41367f3d
[2024-10-22 08:34:41] WARNING: Could not find R2 objects for record f9fa5e78-a0c1-4e77-a08f-56834b6925cf
[2024-10-22 08:34:41] WARNING: Could not find R2 objects for record 04e484f3-4476-4e27-af12-669ee9205572
[2024-10-22 08:34:41] WARNING: Could not find R2 objects for record 98956fe7-fdd4-4bdf-acd8-96417bfa2ed6
[2024-10-22 08:34:41] WARNING: Could not find R2 objects for record ebb2d547-01a1-4e9a-af69-a0adfead7ee7
[2024-10-22 08:34:41] WARNING: Could not find R2 objects for record 731faad9-f288-48cb-84af-82e1205b7271
[2024-10-22 08:34:41] WARNING: Could not find R2 objects for record 070ab9a8-d6fa-45db-95a8-11ea5daaca53
[2024-10-22 08:34:41] WARNING: Could not find R2 objects for record 93052149-0323-45c7-806f-db5b0fb57274
[2024-10-22 08:34:41] WARNING: Could not find R2 objects for record 00790af8-419d-4018-9c76-52cc3e5c092e
[2024-10-22 08:34:41] WARNING: Could not find R2 objects for record 29b7a33b-fa6d-4263-ad42-e814d87a7f6e
[2024-10-22 08:34:41] WARNING: Could not find R2 objects for record 4a0fd972-04d0-48b4-86b1-70490d924550
[2024-10-22 08:34:41] WARNING: Could not find R2 objects for record 53afcf6b-aec1-40ec-ba02-dfbbfae6036d
[2024-10-22 08:34:41] WARNING: Could not find R2 objects for record 027ac2a0-8c7b-4877-a489-4c14a612926a
[2024-10-22 08:34:41] WARNING: Could not find R2 objects for record ee426948-415d-48d5-90d2-52b3cdfa82e6
[2024-10-22 08:34:41] WARNING: Could not find R2 objects for record 14735d2f-be48-453d-8c63-c7fc77da5c2c
[2024-10-22 08:34:41] WARNING: Could not find R2 objects for record a8a2a666-1c57-455f-abff-a980eec5964b
[2024-10-22 08:34:41] WARNING: Could not find R2 objects for record 6905cb3b-1da4-490b-80d6-f25319c92d40
[2024-10-22 08:34:41] WARNING: Could not find R2 objects for record ebe2fd56-790f-48eb-88bb-07bfda4edb11
[2024-10-22 08:34:41] WARNING: Could not find R2 objects for record afe789c0-b3dc-4e4e-8cef-dc80e03721a1
[2024-10-22 08:34:41] WARNING: Could not find R2 objects for record b4166719-77c5-4e6d-8b50-001c33187793
[2024-10-22 08:34:41] WARNING: Could not find R2 objects for record 1ac7aa01-0f55-4f78-a09f-9c30c407f0bd
[2024-10-22 08:34:41] WARNING: Could not find R2 objects for record d8d55d77-83fb-4ea8-97c7-e1578a72e09a
[2024-10-22 08:34:41] WARNING: Could not find R2 objects for record 0e97e6a6-f304-4bc9-b824-5f3cdfb50c78
[2024-10-22 08:34:41] WARNING: Could not find R2 objects for record 5668766e-ad06-4f89-b3f9-1d28b2209194
[2024-10-22 08:34:41] WARNING: Could not find R2 objects for record 5d6ec3f9-4c10-4dd5-b29a-28851e56fdab
[2024-10-22 08:34:41] WARNING: Could not find R2 objects for record 0968aa53-a608-4927-8394-e4f585b16466
[2024-10-22 08:34:41] WARNING: Could not find R2 objects for record e0c84f91-653b-4cf0-a4e8-f1522fa68584
[2024-10-22 08:34:41] WARNING: Could not find R2 objects for record bc330625-f066-44dc-bf1e-77c6d7109d80
[2024-10-22 08:34:41] WARNING: Could not find R2 objects for record 88ec3d77-0d46-476f-94b9-5cca6a439300
[2024-10-22 08:34:41] WARNING: Could not find R2 objects for record 2d824746-5cdc-47f4-be0b-fd164f3cde70
[2024-10-22 08:34:41] WARNING: Could not find R2 objects for record 03299dd3-e62a-4efd-b8f9-1b3be92df05b
[2024-10-22 08:34:41] WARNING: Could not find R2 objects for record 27b2d82d-a396-4268-b29c-4a7b0ca02c73
[2024-10-22 08:34:41] WARNING: Could not find R2 objects for record 3ea69453-70c0-474d-a8f1-9c39a55d09ef
[2024-10-22 08:34:41] WARNING: Could not find R2 objects for record 316baa35-2cdc-44a4-894b-d7ed88032fb3
[2024-10-22 08:34:41] WARNING: Could not find R2 objects for record 30b289ed-6571-478d-9912-eb9400286328
[2024-10-22 08:34:41] WARNING: Could not find R2 objects for record e0d32be8-c380-46ad-b0f9-f5a70a32a4c2
[2024-10-22 08:34:41] WARNING: Could not find R2 objects for record c2d8c480-760b-4529-b74e-86c87f922397
[2024-10-22 08:34:41] WARNING: Could not find R2 objects for record d9629906-8871-4f9f-988e-581fb7380968
[2024-10-22 08:34:41] WARNING: Could not find R2 objects for record 0379b274-fad3-4b46-b341-b03ff2fbc37d
[2024-10-22 08:34:41] WARNING: Could not find R2 objects for record aa505696-8ce8-4f4e-bc5f-01f4e0967a32
[2024-10-22 08:34:41] WARNING: Could not find R2 objects for record f7090f3c-8bb7-4b4c-8c96-4ac8686d9e82
[2024-10-22 08:34:41] WARNING: Could not find R2 objects for record 5dd763fe-0d24-49ea-8d9b-960bd8e574df
[2024-10-22 08:34:41] WARNING: Could not find R2 objects for record 225d9766-b975-4c54-a4d1-f5b02de64917
[2024-10-22 08:34:41] WARNING: Could not find R2 objects for record d9a0936e-f5cc-475c-b51a-0aa41faa04f2
[2024-10-22 08:34:41] WARNING: Could not find R2 objects for record f8e3b5de-3d5a-4700-b92c-de5bf651ccbf
[2024-10-22 08:34:41] WARNING: Could not find R2 objects for record f79877b9-c82a-47fb-bdf5-cdd87ec13895
[2024-10-22 08:34:41] WARNING: Could not find R2 objects for record 61c38102-3466-46c6-9160-081add026f34
[2024-10-22 08:34:41] WARNING: Could not find R2 objects for record d585c6f6-2c32-4c06-a861-e850e0fb2d6b
[2024-10-22 08:34:41] WARNING: Could not find R2 objects for record c654c3b0-4269-45a6-9e11-5411a45ed740
[2024-10-22 08:34:41] WARNING: Could not find R2 objects for record 80dc26ce-8387-4abe-91a7-560bc266e565
[2024-10-22 08:34:41] WARNING: Could not find R2 objects for record 70f69c71-1b63-428d-8388-5e63cca8f426
[2024-10-22 08:34:41] WARNING: Could not find R2 objects for record a4813650-baa3-44e7-a831-0fe60a16dc83
[2024-10-22 08:34:41] WARNING: Could not find R2 objects for record 1e5a2067-33cd-434b-b49b-574eac2e59a8
[2024-10-22 08:34:41] WARNING: Could not find R2 objects for record d5e17719-3210-4824-8992-60262b15db7a
[2024-10-22 08:34:41] WARNING: Could not find R2 objects for record 5fd2879a-338e-4d33-b729-55ec73d38aa6
[2024-10-22 08:34:41] WARNING: Could not find R2 objects for record f261f932-8035-41bf-a89d-deb4df81bda3
[2024-10-22 08:34:41] WARNING: Could not find R2 objects for record d59cd65d-81b1-494b-99e3-c9aa3b9955f9
[2024-10-22 08:34:41] WARNING: Could not find R2 objects for record 03499aae-9942-413b-a7e3-b488b288f3f4
[2024-10-22 08:34:41] WARNING: Could not find R2 objects for record 6382c2bc-bd49-41bc-8a18-5369da681105
[2024-10-22 08:34:41] WARNING: Could not find R2 objects for record 227dad47-efa3-4b27-91eb-c915718e2011
[2024-10-22 08:34:41] WARNING: Could not find R2 objects for record a6711030-0770-4214-8b92-21bb073f1e01
[2024-10-22 08:34:41] WARNING: Could not find R2 objects for record a0b66c03-99ea-42bb-b7d5-545bf944dc9b
[2024-10-22 08:34:41] WARNING: Could not find R2 objects for record cd233c03-c641-4b11-99fa-fcf8e5781e57
[2024-10-22 08:34:41] WARNING: Could not find R2 objects for record 7b39fe30-790e-4e88-8bff-0a765804f23f
[2024-10-22 08:34:41] WARNING: Could not find R2 objects for record 5d34af6c-0c31-4c6c-b05c-5457267f0c2d
[2024-10-22 08:34:41] WARNING: Could not find R2 objects for record 39a39c4a-c0bd-4df0-9111-943561285a44
[2024-10-22 08:34:41] WARNING: Could not find R2 objects for record 5640506f-b5ab-4d9e-a7d9-f1a3e3ceba3f
[2024-10-22 08:34:41] WARNING: Could not find R2 objects for record ab085c7b-e81c-487a-8a10-5b3e99032164
[2024-10-22 08:34:41] WARNING: Could not find R2 objects for record f7effd54-05e8-4232-bf6f-81a328fda9e6
[2024-10-22 08:34:41] WARNING: Could not find R2 objects for record 0f8aaa1e-c859-4d4b-b542-a6ef851a6907
[2024-10-22 08:34:41] WARNING: Could not find R2 objects for record a6aebc16-aba5-48c1-9708-d67c298deb7a
[2024-10-22 08:34:41] WARNING: Could not find R2 objects for record 64b34018-ccb3-4221-8b8a-6d3395f1b869
[2024-10-22 08:34:41] WARNING: Could not find R2 objects for record 780e2893-f4bb-47f9-b3fd-1bc7f7c1a335
[2024-10-22 08:34:41] WARNING: Could not find R2 objects for record 81017ac6-3502-4abb-9800-28b1893d89fd
[2024-10-22 08:34:41] WARNING: Could not find R2 objects for record 9e4a3958-ead4-480c-a6f7-ad259cb41865
[2024-10-22 08:34:41] WARNING: Could not find R2 objects for record deda9169-3f23-4a5e-bf67-e3a03fef134f
[2024-10-22 08:34:41] WARNING: Could not find R2 objects for record dfbfe6d3-3979-421f-ae0d-b12e9f9b561c
[2024-10-22 08:34:41] WARNING: Could not find R2 objects for record d8f72953-833a-41a5-8b5f-a5da7cc41975
[2024-10-22 08:34:41] WARNING: Could not find R2 objects for record 19b2153e-58e3-4e12-afe7-c0fc5482d7bd
[2024-10-22 08:34:41] WARNING: Could not find R2 objects for record 6f8a5424-bf54-4052-b813-de17bd90be4c
[2024-10-22 08:34:41] WARNING: Could not find R2 objects for record d8d1a509-8833-4103-bc84-731a818235f9
[2024-10-22 08:34:41] WARNING: Could not find R2 objects for record 3b8812f0-f888-4df6-8de3-be0be90e3040
[2024-10-22 08:34:41] WARNING: Could not find R2 objects for record 02197f10-e422-4af7-a683-e07c97d8e165
[2024-10-22 08:34:41] WARNING: Could not find R2 objects for record 57b639ab-be23-4bd1-8d18-1c8c581e3726
[2024-10-22 08:34:41] WARNING: Could not find R2 objects for record 49d1c883-a6d7-4cbd-8a60-0737e46992d5
[2024-10-22 08:34:41] WARNING: Could not find R2 objects for record 57bcd9ad-5757-4f04-91e8-de53715a395f
[2024-10-22 08:34:41] WARNING: Could not find R2 objects for record 45d54f59-7779-4c80-ac46-439261f93a8f
[2024-10-22 08:34:41] WARNING: Could not find R2 objects for record b51bc128-442f-4ca5-8cc1-5d1649fcf8f1
[2024-10-22 08:34:41] WARNING: Could not find R2 objects for record 0c584dff-dccc-43ed-b0d7-059af5ffcb94
[2024-10-22 08:34:41] WARNING: Could not find R2 objects for record 81fcdffc-4412-469e-beee-3a49cb39ca6b
[2024-10-22 08:34:41] WARNING: Could not find R2 objects for record 58a52458-c007-4db7-9682-31ccae2ed00e
[2024-10-22 08:34:41] WARNING: Could not find R2 objects for record f234c6bd-3b29-462f-abe6-115d31976d8e
[2024-10-22 08:34:41] WARNING: Could not find R2 objects for record 0b59f51a-5f2a-4df2-919d-412a7d1877cc
[2024-10-22 08:34:41] WARNING: Could not find R2 objects for record 0343d9f4-0038-4ec2-9a8e-5df39e3ef577
[2024-10-22 08:34:41] WARNING: Could not find R2 objects for record 23b59c96-6613-401d-86b9-166107932f02
[2024-10-22 08:34:41] WARNING: Could not find R2 objects for record dc3dd409-f245-4323-95ae-c965ab2cba7c
[2024-10-22 08:34:41] WARNING: Could not find R2 objects for record 9361b510-ac14-44f6-b1a1-c7101bf1607a
[2024-10-22 08:34:41] WARNING: Could not find R2 objects for record 7816310a-8119-4720-8ae3-178a9a98ecf4
[2024-10-22 08:34:41] WARNING: Could not find R2 objects for record 7a63cbde-d3d9-4835-aadb-e2e996decd35
[2024-10-22 08:34:41] WARNING: Could not find R2 objects for record 27e1d1b8-549e-4235-bb89-9a1c1903c60a
[2024-10-22 08:34:41] WARNING: Could not find R2 objects for record 425c013a-e158-4642-9f59-3dacd411574a
[2024-10-22 08:34:41] WARNING: Could not find R2 objects for record b6ce9c5e-4f36-4a7d-ba45-027cb99338f7
[2024-10-22 08:34:41] WARNING: Could not find R2 objects for record 11516d27-15f9-443e-9d0b-9b0ce2ead157
[2024-10-22 08:34:41] WARNING: Could not find R2 objects for record b2cf9191-a1a3-4eea-bd63-f3d5e82d9c01
[2024-10-22 08:34:41] WARNING: Could not find R2 objects for record 852bb53d-ebdf-49ee-8e72-24312952ce7d
[2024-10-22 08:34:41] WARNING: Could not find R2 objects for record dcbe20ba-14f2-4bc1-a330-bb8e985287e7
[2024-10-22 08:34:41] WARNING: Could not find R2 objects for record cee7e2cf-2971-4bc8-b488-d6ff37de4515
[2024-10-22 08:34:41] WARNING: Could not find R2 objects for record 89458194-148a-42c9-b5b5-9571dd8147ae
[2024-10-22 08:34:41] WARNING: Could not find R2 objects for record 664b2559-f543-4fd5-b40d-f7c81b4126be
[2024-10-22 08:34:41] WARNING: Could not find R2 objects for record b46e3ee3-d23f-4be4-a691-f55ea647fa4d
[2024-10-22 08:34:41] WARNING: Could not find R2 objects for record 3e7a4b05-2e4b-4213-af10-5cd507708b62
[2024-10-22 08:34:41] WARNING: Could not find R2 objects for record 6156e7f2-d150-41a1-987d-fe3547882e57
[2024-10-22 08:34:41] WARNING: Could not find R2 objects for record 79d5ecac-44b3-4967-b81d-69e1dad4165e
[2024-10-22 08:34:41] WARNING: Could not find R2 objects for record 6f2e3621-73a4-4c6b-8223-4fb6764522f4
[2024-10-22 08:34:41] WARNING: Could not find R2 objects for record 2c75536d-1ca5-41c4-9621-b17b27cd431c
[2024-10-22 08:34:41] WARNING: Could not find R2 objects for record 77419035-63ff-4b0b-a936-7fc4e2804464
[2024-10-22 08:34:41] WARNING: Could not find R2 objects for record 2a1831a3-3dcc-4829-8fbe-c49bc6200f4d
[2024-10-22 08:34:41] WARNING: Could not find R2 objects for record aa458098-532d-4ead-8f9a-eb8fe987bc21
[2024-10-22 08:34:41] WARNING: Could not find R2 objects for record 195b0e8a-2280-4325-ac02-02676367b326
[2024-10-22 08:34:41] WARNING: Could not find R2 objects for record 32bcc949-4a30-4b0e-b519-76beef5f500c
[2024-10-22 08:34:41] WARNING: Could not find R2 objects for record dfdcffc5-a7cd-4d3d-aa49-95553ebf0a1b
[2024-10-22 08:34:41] WARNING: Could not find R2 objects for record a8fd6869-bf81-4aee-8dbe-86b1fbc98c03
[2024-10-22 08:34:41] WARNING: Could not find R2 objects for record 522a76f8-0620-48fa-9e5c-77a7e87a128c
[2024-10-22 08:34:41] WARNING: Could not find R2 objects for record ae896a84-15fa-49a5-8ae3-1b41139f2f4e
[2024-10-22 08:34:41] WARNING: Could not find R2 objects for record 7cf2dc85-d407-485a-a7ff-144859b23ac2
[2024-10-22 08:34:41] WARNING: Could not find R2 objects for record 8f64d249-0e70-40fd-b993-1f9a21bf9dc8
[2024-10-22 08:34:41] WARNING: Could not find R2 objects for record 3abb52bb-99a1-42a1-b0ca-efd44e75fb4f
[2024-10-22 08:34:41] WARNING: Could not find R2 objects for record 9e36c00c-5a32-4324-964a-4a5054c67d45
[2024-10-22 08:34:41] WARNING: Could not find R2 objects for record 3587cdb0-4ec1-444c-b159-557f8902b188
[2024-10-22 08:34:41] WARNING: Could not find R2 objects for record dc6f1929-83d5-4089-8e14-7b87289b2876
[2024-10-22 08:34:41] WARNING: Could not find R2 objects for record 62f01bba-a8e4-4f7a-9f64-588d912eaf17
[2024-10-22 08:34:41] WARNING: Could not find R2 objects for record 9b98d478-b83a-42a5-adbc-c6e7234c6dfe
[2024-10-22 08:34:41] WARNING: Could not find R2 objects for record f9c7f0f5-adcd-4fff-aba9-3b6add458864
[2024-10-22 08:34:41] WARNING: Could not find R2 objects for record 154eb212-24d6-4353-a183-7e66d3f69752
[2024-10-22 08:34:41] WARNING: Could not find R2 objects for record 4be99f65-d42a-4720-8652-cc9e6ec67f94
[2024-10-22 08:34:41] WARNING: Could not find R2 objects for record 5bd06024-460a-41f0-8b92-b2ebf0ef2944
[2024-10-22 08:34:41] WARNING: Could not find R2 objects for record d63b096a-1ec2-4df1-a458-d74333689412
[2024-10-22 08:34:41] WARNING: Could not find R2 objects for record 46ede277-41f8-47a0-954c-bbf3d9a8b8f0
[2024-10-22 08:34:41] WARNING: Could not find R2 objects for record 34634991-fc9c-4397-a1f4-8a0b2ae28139
[2024-10-22 08:34:41] WARNING: Could not find R2 objects for record 6d937a10-ef3c-4e15-a4dc-fcff005215d8
[2024-10-22 08:34:41] WARNING: Could not find R2 objects for record c4535ec3-0018-4d9d-a93d-1a6623c2462b
[2024-10-22 08:34:41] WARNING: Could not find R2 objects for record d6bc185d-63d2-46a3-9e0b-07769a1ce952
[2024-10-22 08:34:41] WARNING: Could not find R2 objects for record 1d007fde-f3d5-4a71-a535-0139344d5b8e
[2024-10-22 08:34:41] WARNING: Could not find R2 objects for record 38cbc25e-5cad-4545-940e-c3449f065edd
[2024-10-22 08:34:41] WARNING: Could not find R2 objects for record d9d36027-4eea-4bdc-99de-ed4c50b9789b
[2024-10-22 08:34:41] WARNING: Could not find R2 objects for record 7dc989a0-d234-4b1c-9db2-851d50404bae
[2024-10-22 08:34:41] WARNING: Could not find R2 objects for record 4e485856-f776-400f-8be8-bbe6d01cc3ad
[2024-10-22 08:34:41] WARNING: Could not find R2 objects for record de6af8d3-383b-46e3-bf49-65ed4321f081
[2024-10-22 08:34:41] WARNING: Could not find R2 objects for record 60018a3a-5aea-49e9-8439-a2a3073734dd
[2024-10-22 08:34:41] WARNING: Could not find R2 objects for record 5a24abbb-2677-4530-8041-0b3601383988
[2024-10-22 08:34:41] WARNING: Could not find R2 objects for record bc60a5d7-7513-4d79-b848-28f3c8490dfe
[2024-10-22 08:34:41] WARNING: Could not find R2 objects for record 7fd65a5e-ecb1-48bc-83d0-c0079b27196e
[2024-10-22 08:34:41] WARNING: Could not find R2 objects for record dec93de0-1023-4e94-88c5-f9a8e32e9d16
[2024-10-22 08:34:41] WARNING: Could not find R2 objects for record d1e28d82-9b7b-43a8-b860-379db2160e9c
[2024-10-22 08:34:41] WARNING: Could not find R2 objects for record e0d48741-2581-49bb-be73-850ca5c5cc67
[2024-10-22 08:34:41] WARNING: Could not find R2 objects for record acd65f7b-3db3-445f-9d17-341f5ab006f4
[2024-10-22 08:34:41] WARNING: Could not find R2 objects for record cdf60e74-ea1d-477c-b8d8-35fb4a0698bf
[2024-10-22 08:34:41] WARNING: Could not find R2 objects for record cd77479b-b898-482d-be1f-f2a3e30085fb
[2024-10-22 08:34:41] WARNING: Could not find R2 objects for record 52076b56-d7f8-46aa-965d-46475bd0ef00
[2024-10-22 08:34:41] WARNING: Could not find R2 objects for record 7e0bcd46-ea09-4015-9a83-6e0d18500d71
[2024-10-22 08:34:41] WARNING: Could not find R2 objects for record 9a58b9d0-cfc1-467c-af10-bbaec882b277
[2024-10-22 08:34:41] WARNING: Could not find R2 objects for record 24d0ce57-1361-4907-a775-92dd526e32ec
[2024-10-22 08:34:41] WARNING: Could not find R2 objects for record 7d7c845f-79ab-4c9f-88fd-0e821dc4f4c2
[2024-10-22 08:34:41] WARNING: Could not find R2 objects for record ef4aa8d9-31cd-4e68-9108-e248df135973
[2024-10-22 08:34:41] WARNING: Could not find R2 objects for record a4fb2450-f005-4a2a-9329-4dd303aece99
[2024-10-22 08:34:41] WARNING: Could not find R2 objects for record 6c0e774e-a841-43f0-879b-235f2a860239
[2024-10-22 08:34:41] WARNING: Could not find R2 objects for record 0411a13d-9b90-4403-a17d-fa0bf6452d22
[2024-10-22 08:34:41] WARNING: Could not find R2 objects for record b1a6f755-7b45-4ecb-a780-6a2aa1b9b375
[2024-10-22 08:34:41] WARNING: Could not find R2 objects for record 79fc15c3-2870-4359-8c5c-5f77d0762299
[2024-10-22 08:34:41] WARNING: Could not find R2 objects for record 53314900-e4e1-4025-8b14-0366a6a4e6a1
[2024-10-22 08:34:41] WARNING: Could not find R2 objects for record 6d8c2597-846b-4960-b372-4bbe376ceb98
[2024-10-22 08:34:41] WARNING: Could not find R2 objects for record 8d9cc0f5-5444-491f-9fee-2442b72dacf2
[2024-10-22 08:34:41] WARNING: Could not find R2 objects for record 83ba5d4b-661c-4f6c-aac2-985804c7d542
[2024-10-22 08:34:41] WARNING: Could not find R2 objects for record af3dfe95-d2fa-445a-8b3c-1c59620b9bf4
[2024-10-22 08:34:41] WARNING: Could not find R2 objects for record a0a56560-d4ee-42dc-a38b-e4dcc9a516a6
[2024-10-22 08:34:41] WARNING: Could not find R2 objects for record 0813205e-9715-4140-898c-068ff530be71
[2024-10-22 08:34:41] WARNING: Could not find R2 objects for record 4ff5c7b6-8445-4f89-a364-9b3dd315d237
[2024-10-22 08:34:41] WARNING: Could not find R2 objects for record f1439029-8982-4147-a00d-0c13c13b702a
[2024-10-22 08:34:41] WARNING: Could not find R2 objects for record b6252cd7-a9b8-4004-9ddd-a08d1304c26c
[2024-10-22 08:34:41] WARNING: Could not find R2 objects for record bbadad68-e0ae-4c9d-8fdc-58dcb855e3a1
[2024-10-22 08:34:41] WARNING: Could not find R2 objects for record 02b631dd-eaae-458f-8249-464e047b85df
[2024-10-22 08:34:41] WARNING: Could not find R2 objects for record 15c31436-23ce-4589-a284-3f942b757dd0
[2024-10-22 08:34:41] WARNING: Could not find R2 objects for record 28a78150-88e3-4ad3-a020-4f96abb8d49c
[2024-10-22 08:34:41] WARNING: Could not find R2 objects for record ff57f33c-4703-4351-a4e9-a23156031854
[2024-10-22 08:34:41] WARNING: Could not find R2 objects for record 7a9dc570-0b41-4935-a807-15278a0754af
[2024-10-22 08:34:41] WARNING: Could not find R2 objects for record 8762a886-5640-4048-81a2-4c4c1f2dd156
[2024-10-22 08:34:41] WARNING: Could not find R2 objects for record 0d27d6fd-75bc-4c28-9bfa-51ee67ae88ba
[2024-10-22 08:34:41] WARNING: Could not find R2 objects for record dcfcc0d8-c20b-41fc-bc04-dcac0e23a058
[2024-10-22 08:34:41] WARNING: Could not find R2 objects for record d6d886b7-e191-4f5f-9546-ecd7f217fd05
[2024-10-22 08:34:41] WARNING: Could not find R2 objects for record 0a2099ca-2f07-4a06-ac7c-1f77d74a2bff
[2024-10-22 08:34:41] WARNING: Could not find R2 objects for record bba5922a-6aff-4868-a8e1-05896a49074e
[2024-10-22 08:34:41] WARNING: Could not find R2 objects for record 92933bf8-40d6-4107-abb4-502ef6de2b9a
[2024-10-22 08:34:41] WARNING: Could not find R2 objects for record 4a31e980-ded0-4ebb-b911-6b3b1b332c3f
[2024-10-22 08:34:41] WARNING: Could not find R2 objects for record 904a5674-0610-4295-9375-683dbcfe752f
[2024-10-22 08:34:41] WARNING: Could not find R2 objects for record 739a0ed1-3e96-4d3a-9702-4c70327a332d
[2024-10-22 08:34:41] WARNING: Could not find R2 objects for record b4b41a38-74bb-45ed-a249-29d445d6dbce
[2024-10-22 08:34:41] WARNING: Could not find R2 objects for record 4214621b-a564-4c67-90f0-8e79ef4ddff0
[2024-10-22 08:34:41] WARNING: Could not find R2 objects for record 2e0dcd7a-9915-468c-b262-f651e98d6168
[2024-10-22 08:34:41] WARNING: Could not find R2 objects for record efed4057-e7c3-4e7f-9356-27626c077c0c
[2024-10-22 08:34:41] WARNING: Could not find R2 objects for record c20cd319-8f6d-4e3e-bc27-e5bfe04a831c
[2024-10-22 08:34:41] INFO: Finished updating R2 paths. Updated: 0, Not found: 889
[2024-10-22 08:34:41] INFO: R2 path update process completed
[2024-10-22 08:38:16] INFO: Starting R2 path update process
[2024-10-22 08:38:16] INFO: Fetching all records from websites_report_tracking
[2024-10-22 08:38:17] INFO: HTTP Request: GET https://ucxzkghrxzlzotxebjpc.supabase.co/rest/v1/websites_report_tracking?select=id%2Cjson_path%2Chtml_path "HTTP/2 200 OK"
[2024-10-22 08:38:17] INFO: Found 1000 records to process
[2024-10-22 08:38:17] INFO: Found 0 objects with prefix 'lighthouse-reports/json/'
[2024-10-22 08:38:17] INFO: Found 0 objects with prefix 'lighthouse-reports/html/'
[2024-10-22 08:38:17] WARNING: Could not find R2 objects for record 65e1a762-8c18-4468-8630-81119c15935b
[2024-10-22 08:38:17] WARNING: Could not find R2 objects for record b5c129de-7933-485c-b501-935cd519e644
[2024-10-22 08:38:17] WARNING: Could not find R2 objects for record e6265bab-6848-4df4-9392-7b74a69be466
[2024-10-22 08:38:17] WARNING: Could not find R2 objects for record 98ed850a-2cbe-406c-a1d9-eb823bb67113
[2024-10-22 08:38:17] WARNING: Could not find R2 objects for record 7d47bd98-5cbf-41e0-a30c-00025d2a001d
[2024-10-22 08:38:17] WARNING: Could not find R2 objects for record 8f497b57-dfaf-49f7-8d0b-58b609a11d8b
[2024-10-22 08:38:17] WARNING: Could not find R2 objects for record 7f43d009-5fc9-4ad9-adb4-bb0d474c4182
[2024-10-22 08:38:17] WARNING: Could not find R2 objects for record e4e01cbc-c44e-4f91-8b89-aceb49c1b9e2
[2024-10-22 08:38:17] WARNING: Could not find R2 objects for record 37160c8a-9c26-49d6-ab29-4902b7968b6b
[2024-10-22 08:38:17] WARNING: Could not find R2 objects for record a94829aa-64e4-4230-9539-7025185f9ee0
[2024-10-22 08:38:17] WARNING: Could not find R2 objects for record e98c4d8e-7371-4488-9b00-28150687a5b7
[2024-10-22 08:38:17] WARNING: Could not find R2 objects for record 5da67607-b3bf-4eea-bc7a-596171ba7e13
[2024-10-22 08:38:17] WARNING: Could not find R2 objects for record 92a98843-115e-4189-9837-dfe0c3ef85a9
[2024-10-22 08:38:17] WARNING: Could not find R2 objects for record 32ec8c0e-44cf-4d4b-96b9-79c023b4f676
[2024-10-22 08:38:17] WARNING: Could not find R2 objects for record 40146f97-6cc1-4fb4-895e-a5f048b8ece6
[2024-10-22 08:38:17] WARNING: Could not find R2 objects for record d0b4b247-732d-4079-afd4-2326c0ccf926
[2024-10-22 08:38:17] WARNING: Could not find R2 objects for record 92812313-145b-4a4a-9b3d-e9c6e7969e1a
[2024-10-22 08:38:17] WARNING: Could not find R2 objects for record 730cb7ef-1694-4634-9911-9cb3e287a319
[2024-10-22 08:38:17] WARNING: Could not find R2 objects for record ca6ff98d-df1b-4317-97a9-728809a5cd66
[2024-10-22 08:38:17] WARNING: Could not find R2 objects for record c88bb239-d144-40a3-a811-0b85b69e37a1
[2024-10-22 08:38:17] WARNING: Could not find R2 objects for record c9c033fb-ebe3-4676-83a5-e9260aad3b2c
[2024-10-22 08:38:17] WARNING: Could not find R2 objects for record 068d7ea7-b979-40d4-99bc-d91e4ea6a109
[2024-10-22 08:38:17] WARNING: Could not find R2 objects for record f3033feb-b6d5-45b7-88ca-e674afb2a79a
[2024-10-22 08:38:17] WARNING: Could not find R2 objects for record 0450c7a6-78d0-42de-9fc9-34ad6e88105b
[2024-10-22 08:38:17] WARNING: Could not find R2 objects for record a1c1f325-683e-4ff5-9f23-4c367f19ec6e
[2024-10-22 08:38:17] WARNING: Could not find R2 objects for record 5d92a3cd-16f4-4a24-8dcd-3b0248b21092
[2024-10-22 08:38:17] WARNING: Could not find R2 objects for record 81fb6248-5edb-43c4-9070-17dbe16725e8
[2024-10-22 08:38:17] WARNING: Could not find R2 objects for record 1327e5de-c683-4505-b2ee-c55ee1697347
[2024-10-22 08:38:17] WARNING: Could not find R2 objects for record e0425abd-0ed0-421f-9356-dabab5f8f369
[2024-10-22 08:38:17] WARNING: Could not find R2 objects for record ffeaf1a4-9129-4889-a3c6-58e35866a816
[2024-10-22 08:38:17] WARNING: Could not find R2 objects for record 5291e4c6-3ef4-4e74-86a0-128c57252c74
[2024-10-22 08:38:17] WARNING: Could not find R2 objects for record 2f44d66f-7b0f-481d-9a28-e3bdc1860979
[2024-10-22 08:38:17] WARNING: Could not find R2 objects for record ec7c3c67-1f2f-405d-8479-c27b9fb67c35
[2024-10-22 08:38:17] WARNING: Could not find R2 objects for record 8cd99bce-b4d4-474e-b421-5e3618aca6f6
[2024-10-22 08:38:17] WARNING: Could not find R2 objects for record d6aa7434-45e3-44ae-8504-af4b4afe0550
[2024-10-22 08:38:17] WARNING: Could not find R2 objects for record b4fb912a-688b-4d47-adcd-68d151bcb8a9
[2024-10-22 08:38:17] WARNING: Could not find R2 objects for record 1c9b71d5-1372-4cac-8bdc-e42a05643344
[2024-10-22 08:38:17] WARNING: Could not find R2 objects for record 6568ae66-5c85-415c-ac13-a37f7a594dab
[2024-10-22 08:38:17] WARNING: Could not find R2 objects for record 3086d496-3a73-40f0-b55c-9a94f1843934
[2024-10-22 08:38:17] WARNING: Could not find R2 objects for record d46df4a7-9f2e-404c-b149-ed898186466b
[2024-10-22 08:38:17] WARNING: Could not find R2 objects for record 171d63a2-798d-48eb-b985-323a093739f9
[2024-10-22 08:38:17] WARNING: Could not find R2 objects for record dfa65b2a-53a6-4cee-899e-e6c338c645d7
[2024-10-22 08:38:17] WARNING: Could not find R2 objects for record a0661efe-61e4-4c27-bc39-0a2096dd4256
[2024-10-22 08:38:17] WARNING: Could not find R2 objects for record 150821a1-782c-4c7d-b9bb-4ad09a723b0e
[2024-10-22 08:38:17] WARNING: Could not find R2 objects for record 4823cff1-2b7b-47cd-acd0-002273f4c449
[2024-10-22 08:38:17] WARNING: Could not find R2 objects for record ddcb035a-e024-44c6-abbf-d54e36aeaa20
[2024-10-22 08:38:17] WARNING: Could not find R2 objects for record c4c11fd8-20a2-4cc7-9e0b-f2cfa6d01bba
[2024-10-22 08:38:17] WARNING: Could not find R2 objects for record 12d790d3-2ed1-4a21-9513-3848dc7f9447
[2024-10-22 08:38:17] WARNING: Could not find R2 objects for record e308207a-ac4c-4772-8cc1-c144ab3ab4eb
[2024-10-22 08:38:17] WARNING: Could not find R2 objects for record 08702a9a-9516-4f86-97f9-53b4113fcdfa
[2024-10-22 08:38:17] WARNING: Could not find R2 objects for record b32d52de-64d2-479c-aa7a-8811984cad28
[2024-10-22 08:38:17] WARNING: Could not find R2 objects for record 73735d76-f1c5-41b0-b4e0-52ed6cb8da1e
[2024-10-22 08:38:17] WARNING: Could not find R2 objects for record f7dea476-4650-4ce7-8c64-e48680b9fa42
[2024-10-22 08:38:17] WARNING: Could not find R2 objects for record b5980bed-5c2e-4915-aa3e-cd95a5d188bd
[2024-10-22 08:38:17] WARNING: Could not find R2 objects for record e84893f4-a92c-4df6-9221-a9d0d4a775b2
[2024-10-22 08:38:17] WARNING: Could not find R2 objects for record 42aa5263-18ab-4c6c-aa8d-e38f6d2ab94e
[2024-10-22 08:38:17] WARNING: Could not find R2 objects for record ef95a77d-6efc-4816-8190-ab994675727e
[2024-10-22 08:38:17] WARNING: Could not find R2 objects for record bffaeba2-de60-4581-9b34-7f2bb7a69ab1
[2024-10-22 08:38:17] WARNING: Could not find R2 objects for record 0688cfac-9c50-49bc-87d9-ce848002adcc
[2024-10-22 08:38:17] WARNING: Could not find R2 objects for record 4357241a-5319-4c05-b3a4-ea8827044ab0
[2024-10-22 08:38:17] WARNING: Could not find R2 objects for record 0ec6b3e9-a76b-4eeb-90d9-3fa22d906b37
[2024-10-22 08:38:17] WARNING: Could not find R2 objects for record 770358c3-dae3-41fd-a6ec-579ee658e4da
[2024-10-22 08:38:17] WARNING: Could not find R2 objects for record d5b54329-00de-4bcd-ae23-bb878441314f
[2024-10-22 08:38:17] WARNING: Could not find R2 objects for record 7f72e624-9c0f-4231-89ac-70e062e33d54
[2024-10-22 08:38:17] WARNING: Could not find R2 objects for record 8c03afbf-b9ed-433d-b1c3-b1b9dc0f388a
[2024-10-22 08:38:17] WARNING: Could not find R2 objects for record f1ddfbf1-9e35-42ae-a5ef-0c88331ffdcc
[2024-10-22 08:38:17] WARNING: Could not find R2 objects for record 0640fa8a-bba3-48a0-934c-d1fcc08fbc52
[2024-10-22 08:38:17] WARNING: Could not find R2 objects for record 4c487afd-2c39-489d-911b-89225eb80cc0
[2024-10-22 08:38:17] WARNING: Could not find R2 objects for record d3cf9a6b-0704-4a8c-ae68-c72052c4a8ff
[2024-10-22 08:38:17] WARNING: Could not find R2 objects for record e99d39a3-c2e7-4b12-a630-1f17bbf988bc
[2024-10-22 08:38:17] WARNING: Could not find R2 objects for record 8e62ecb5-bbf1-4fe9-8efc-c24ef705c0b5
[2024-10-22 08:38:17] WARNING: Could not find R2 objects for record d0f6ce6f-3a98-499d-8074-5aa83be4cf9c
[2024-10-22 08:38:17] WARNING: Could not find R2 objects for record cc262cdf-9699-477f-a923-dffc74ba64dd
[2024-10-22 08:38:17] WARNING: Could not find R2 objects for record 31629d01-f40d-495e-a51a-38bbfd40b111
[2024-10-22 08:38:17] WARNING: Could not find R2 objects for record 5aadadb3-1fbb-4f3b-ad38-3c4c3f940ba8
[2024-10-22 08:38:17] WARNING: Could not find R2 objects for record 02187e59-595e-4d4c-b416-3292525009b9
[2024-10-22 08:38:17] WARNING: Could not find R2 objects for record 2e0f075a-f7e7-4ef9-9f5f-dda81d32fd19
[2024-10-22 08:38:17] WARNING: Could not find R2 objects for record 57216dbc-74f3-498b-9113-016bb92d23fc
[2024-10-22 08:38:17] WARNING: Could not find R2 objects for record 1913e8a0-8007-4461-a751-e6ab92e7e628
[2024-10-22 08:38:17] WARNING: Could not find R2 objects for record 65a2c1c3-9de3-48ac-933f-ddf6cb76e616
[2024-10-22 08:38:17] WARNING: Could not find R2 objects for record 534cd619-cc35-4f5a-ac79-41d536072c07
[2024-10-22 08:38:17] WARNING: Could not find R2 objects for record 0994e8ab-3386-4114-903e-a4c42da4419d
[2024-10-22 08:38:17] WARNING: Could not find R2 objects for record 62e6403d-432c-437d-ac82-20ef1cc035d7
[2024-10-22 08:38:17] WARNING: Could not find R2 objects for record f0535b82-8dff-4e93-ba20-255e60df39be
[2024-10-22 08:38:17] WARNING: Could not find R2 objects for record a5175462-0d1e-40c4-9388-06b7defdb508
[2024-10-22 08:38:17] WARNING: Could not find R2 objects for record 1ee67ac9-b9d1-4d10-9ac3-e4d8a0733db3
[2024-10-22 08:38:17] WARNING: Could not find R2 objects for record ae568654-f0c1-4b39-9605-e1b65505078f
[2024-10-22 08:38:17] WARNING: Could not find R2 objects for record 0d181bcc-6f90-4cbe-9fff-8db559aeb00b
[2024-10-22 08:38:17] WARNING: Could not find R2 objects for record 029750fa-3e71-45ca-bc1c-cf1b7cbe9d42
[2024-10-22 08:38:17] WARNING: Could not find R2 objects for record 558e3db3-690c-4cf0-ba96-2a56c1142941
[2024-10-22 08:38:17] WARNING: Could not find R2 objects for record 2be0f1fa-1703-44f0-813d-7ab9d9da3f81
[2024-10-22 08:38:17] WARNING: Could not find R2 objects for record ecc85888-7aa2-4972-bb69-9043c1b78113
[2024-10-22 08:38:17] WARNING: Could not find R2 objects for record 22c8edad-c9e1-461f-9bb2-3b3494f247e5
[2024-10-22 08:38:17] WARNING: Could not find R2 objects for record 10945714-09c0-4c8a-bc16-40b5d5581787
[2024-10-22 08:38:17] WARNING: Could not find R2 objects for record 5d169892-3e8a-4c8a-88bc-8d298da4435d
[2024-10-22 08:38:17] WARNING: Could not find R2 objects for record b015592f-e254-4b97-8789-a84e3df17d6f
[2024-10-22 08:38:17] WARNING: Could not find R2 objects for record 51e60895-54b9-4004-90a7-831a514aa231
[2024-10-22 08:38:17] WARNING: Could not find R2 objects for record fdb37202-151a-43da-986a-fabf47e7c4b3
[2024-10-22 08:38:17] WARNING: Could not find R2 objects for record cdd75de4-dd54-491d-a078-fbaab16acd6f
[2024-10-22 08:38:17] WARNING: Could not find R2 objects for record 261e6b19-c226-4f83-9c85-4bde76b9ea80
[2024-10-22 08:38:17] WARNING: Could not find R2 objects for record 6dcf373c-273b-4696-9f15-fb56747b09d3
[2024-10-22 08:38:17] WARNING: Could not find R2 objects for record 0a7e87e5-9ed9-49b9-b977-4a69f17bef36
[2024-10-22 08:38:17] WARNING: Could not find R2 objects for record 74347628-7c3f-43c1-a6ea-6d46f6ee40b2
[2024-10-22 08:38:17] WARNING: Could not find R2 objects for record 421c293d-a0e4-4fcb-b63b-648bc4261aa9
[2024-10-22 08:38:17] WARNING: Could not find R2 objects for record 52b7595a-8b70-4d4c-b2b9-3682bad38ba6
[2024-10-22 08:38:17] WARNING: Could not find R2 objects for record 6a25fabd-5dc6-4823-9c62-9ce2c462cec6
[2024-10-22 08:38:17] WARNING: Could not find R2 objects for record 75c5a1c1-0eb5-4445-b189-27c1e3866914
[2024-10-22 08:38:17] WARNING: Could not find R2 objects for record 62cfb462-51f2-4240-9cbb-a917e3557f9d
[2024-10-22 08:38:17] WARNING: Could not find R2 objects for record 4ef64124-cb95-418f-a959-003aa79345e0
[2024-10-22 08:38:17] WARNING: Could not find R2 objects for record 60a3749e-23ec-4a4c-bbf6-2252b6de1205
[2024-10-22 08:38:17] WARNING: Could not find R2 objects for record 6e7bd448-4c6c-43d8-b3db-3d5245e19540
[2024-10-22 08:38:17] WARNING: Could not find R2 objects for record 7598da22-0af0-493f-922e-a8345000bec9
[2024-10-22 08:38:17] WARNING: Could not find R2 objects for record b6f6d5bf-f22e-4131-9101-74229d625d35
[2024-10-22 08:38:17] WARNING: Could not find R2 objects for record 3da58414-0ef9-4704-8809-b16e92dea7c5
[2024-10-22 08:38:17] WARNING: Could not find R2 objects for record 2b5d6b3d-e06c-44da-9bcc-58286c8ed2cb
[2024-10-22 08:38:17] WARNING: Could not find R2 objects for record 1e84bb96-a2c8-4e68-9025-ae4bf86b0e64
[2024-10-22 08:38:17] WARNING: Could not find R2 objects for record f6e99b5e-6a3e-426e-8eb4-a8775bd58588
[2024-10-22 08:38:17] WARNING: Could not find R2 objects for record 8e706449-514f-4051-aee4-31c0e64b2b32
[2024-10-22 08:38:17] WARNING: Could not find R2 objects for record e41a102e-2be8-4540-b4d8-43303bcc03b1
[2024-10-22 08:38:17] WARNING: Could not find R2 objects for record 0cf1249c-d0bb-4256-b9c3-3df8ed5de88c
[2024-10-22 08:38:17] WARNING: Could not find R2 objects for record f2aa1561-7507-4937-a954-979985c05db8
[2024-10-22 08:38:17] WARNING: Could not find R2 objects for record 5e828a32-3708-46c3-a2c4-0664d2a7149e
[2024-10-22 08:38:17] WARNING: Could not find R2 objects for record b591642a-916b-431e-935a-4ce9030913b4
[2024-10-22 08:38:17] WARNING: Could not find R2 objects for record 3b241238-1ad1-4ddd-adbc-17ff79a890ab
[2024-10-22 08:38:17] WARNING: Could not find R2 objects for record 758a2f9d-23b3-4804-87e4-aebd5ae3a30a
[2024-10-22 08:38:17] WARNING: Could not find R2 objects for record a47ac181-9af8-4d07-ae51-35cb28a03e56
[2024-10-22 08:38:17] WARNING: Could not find R2 objects for record 047e8505-e770-4032-840e-ba47021120a7
[2024-10-22 08:38:17] WARNING: Could not find R2 objects for record 93346919-57c3-43e3-b68a-b3b0865ee8f2
[2024-10-22 08:38:17] WARNING: Could not find R2 objects for record 1f534b3e-615d-477b-b16d-a501133122e1
[2024-10-22 08:38:17] WARNING: Could not find R2 objects for record 3431d479-d472-4bc5-9f99-9b2470e83e05
[2024-10-22 08:38:17] WARNING: Could not find R2 objects for record 189551ab-a72d-4e58-bd7b-53a4d5fddbe1
[2024-10-22 08:38:17] WARNING: Could not find R2 objects for record c73d0730-52dc-4fa0-b736-ada1ccdfd287
[2024-10-22 08:38:17] WARNING: Could not find R2 objects for record 4b1b76ec-b474-4318-acd5-f96e773ccbe5
[2024-10-22 08:38:17] WARNING: Could not find R2 objects for record 4d34113f-565c-428e-9346-92680e4b1cd5
[2024-10-22 08:38:17] WARNING: Could not find R2 objects for record 40e35d90-c8e2-4045-8c0b-8dde210e0dae
[2024-10-22 08:38:17] WARNING: Could not find R2 objects for record 856f4f2a-47e3-4abe-8aa6-fc8d2b104f0b
[2024-10-22 08:38:17] WARNING: Could not find R2 objects for record 57df9954-0907-401c-88cb-bdaec55901fe
[2024-10-22 08:38:17] WARNING: Could not find R2 objects for record b321bb09-f27e-4fac-ae3c-1e9a66dc9157
[2024-10-22 08:38:17] WARNING: Could not find R2 objects for record 320cb768-5832-4660-950d-1c376e01f7c6
[2024-10-22 08:38:17] WARNING: Could not find R2 objects for record 3e800981-b010-43ce-a65e-d02e9a84f3d7
[2024-10-22 08:38:17] WARNING: Could not find R2 objects for record 43fe6195-0a09-4b72-8496-cc612ed9b00a
[2024-10-22 08:38:17] WARNING: Could not find R2 objects for record d6381f5a-4f2a-4c4b-907d-fd69b45eb513
[2024-10-22 08:38:17] WARNING: Could not find R2 objects for record 5dd5ede6-73a7-412c-ace7-ee8648f91e87
[2024-10-22 08:38:17] WARNING: Could not find R2 objects for record d9988050-0cae-4923-b00e-e177b21583d8
[2024-10-22 08:38:17] WARNING: Could not find R2 objects for record ec72298e-b665-4128-8ff3-e8450e08707f
[2024-10-22 08:38:17] WARNING: Could not find R2 objects for record 9ef21e22-9057-4625-a05d-62120f3717c9
[2024-10-22 08:38:17] WARNING: Could not find R2 objects for record 1a8cbe38-909e-4bf7-b327-d7449456a8b8
[2024-10-22 08:38:17] WARNING: Could not find R2 objects for record 3ceae824-58e0-4948-acfb-184e59df8f59
[2024-10-22 08:38:17] WARNING: Could not find R2 objects for record d2c7b34a-7d12-4d52-9cee-cee127b0e600
[2024-10-22 08:38:17] WARNING: Could not find R2 objects for record ca497b7c-f03d-4ac5-845e-44864d8d25ab
[2024-10-22 08:38:17] WARNING: Could not find R2 objects for record d4c3139d-8817-4495-973b-a08fd9da0191
[2024-10-22 08:38:17] WARNING: Could not find R2 objects for record 8d83bfff-cd5a-4f8c-b0a3-aa26a49d5f24
[2024-10-22 08:38:17] WARNING: Could not find R2 objects for record 0f7fcdc9-9b76-40dd-827c-0383d4ba9cc5
[2024-10-22 08:38:17] WARNING: Could not find R2 objects for record 82090522-e563-4b79-93eb-5de9e4de8904
[2024-10-22 08:38:17] WARNING: Could not find R2 objects for record f64e32ef-9da3-484f-8217-0fff01afd3ea
[2024-10-22 08:38:17] WARNING: Could not find R2 objects for record 272454d9-e88c-489a-8a20-710bdd50d8ea
[2024-10-22 08:38:17] WARNING: Could not find R2 objects for record 64415c2a-2aaa-44c0-a7b1-6946496eef73
[2024-10-22 08:38:17] WARNING: Could not find R2 objects for record c09624ba-e712-4914-98de-fccff4fb35c1
[2024-10-22 08:38:17] WARNING: Could not find R2 objects for record f07b91e1-5f37-44bc-b490-8d5d73e28849
[2024-10-22 08:38:17] WARNING: Could not find R2 objects for record e51a711e-b4b7-4adc-ada0-17aa890b2c0c
[2024-10-22 08:38:17] WARNING: Could not find R2 objects for record 81aae40a-572b-4f4d-8802-e6ba5c808988
[2024-10-22 08:38:17] WARNING: Could not find R2 objects for record c4e4f1b6-cab7-44de-9f9c-ebfa239e747c
[2024-10-22 08:38:17] WARNING: Could not find R2 objects for record 3f036167-e02d-4ecc-bc32-6e757976bc57
[2024-10-22 08:38:17] WARNING: Could not find R2 objects for record df8acb94-8713-4a21-85f5-d458a08ecf6a
[2024-10-22 08:38:17] WARNING: Could not find R2 objects for record 6547c35a-de72-4b3c-9750-d217ec9ab8b1
[2024-10-22 08:38:17] WARNING: Could not find R2 objects for record f0568511-d246-4150-a8b0-49fde7708e56
[2024-10-22 08:38:17] WARNING: Could not find R2 objects for record 3f5a26db-91b6-476b-9a91-6007e126e72a
[2024-10-22 08:38:17] WARNING: Could not find R2 objects for record d97961fa-d3bd-45ce-905d-f688d2103c46
[2024-10-22 08:38:17] WARNING: Could not find R2 objects for record 9d199adf-d11e-4936-8769-59a71f941522
[2024-10-22 08:38:17] WARNING: Could not find R2 objects for record c97a5889-cf97-43f1-a93e-8669bb1e58e3
[2024-10-22 08:38:17] WARNING: Could not find R2 objects for record 974c20b8-f0cd-4d14-a926-a0392d2b1d4d
[2024-10-22 08:38:17] WARNING: Could not find R2 objects for record 8e95e639-154d-42b7-bce3-909fbb922383
[2024-10-22 08:38:17] WARNING: Could not find R2 objects for record b46e4ff5-fdf0-42ed-bf38-12d6d15c8fb2
[2024-10-22 08:38:17] WARNING: Could not find R2 objects for record 72ebf8a6-a1a6-4d00-ba36-3bf78b1ad013
[2024-10-22 08:38:17] WARNING: Could not find R2 objects for record 4f10689f-f5ad-47ce-9dec-994aa29896b0
[2024-10-22 08:38:17] WARNING: Could not find R2 objects for record 2c4424ff-8ecb-4e9a-92bc-69cfeba2e7f9
[2024-10-22 08:38:17] WARNING: Could not find R2 objects for record b45ccd93-8b08-4013-a89f-39c3c0b0f0de
[2024-10-22 08:38:17] WARNING: Could not find R2 objects for record af88e824-a3f9-4a9e-b787-541253d2851e
[2024-10-22 08:38:17] WARNING: Could not find R2 objects for record b0f052a6-1308-4188-ae14-40909c49b1e9
[2024-10-22 08:38:17] WARNING: Could not find R2 objects for record 4e0db236-83a7-4673-8353-82d4bbccee48
[2024-10-22 08:38:17] WARNING: Could not find R2 objects for record 1dad6869-4803-40b9-ad54-075f0be892ff
[2024-10-22 08:38:17] WARNING: Could not find R2 objects for record f4d26ba4-6f07-48e6-9b76-1539b9e12f40
[2024-10-22 08:38:17] WARNING: Could not find R2 objects for record 015c729f-6d0b-45bf-b02d-cfe62145c8e5
[2024-10-22 08:38:17] WARNING: Could not find R2 objects for record 91eea065-bdde-49a3-b382-494f1a06933f
[2024-10-22 08:38:17] WARNING: Could not find R2 objects for record 82bd6c83-637c-4943-86b8-7a7d99d9cef9
[2024-10-22 08:38:17] WARNING: Could not find R2 objects for record f8d846f8-8e94-4052-9460-f535a63d1f36
[2024-10-22 08:38:17] WARNING: Could not find R2 objects for record 6270f37a-56dc-47c8-82c8-4b9396fb6f9e
[2024-10-22 08:38:17] WARNING: Could not find R2 objects for record 3a626289-43e9-4d8a-a210-0ab3d03f988c
[2024-10-22 08:38:17] WARNING: Could not find R2 objects for record 9bc0f910-d295-4ea7-8612-80b69bdf6937
[2024-10-22 08:38:17] WARNING: Could not find R2 objects for record 2828a928-222c-4d5e-baf1-5acca4f67cac
[2024-10-22 08:38:17] WARNING: Could not find R2 objects for record eb3db2a9-87ca-417c-a1c6-391af7ba8ae9
[2024-10-22 08:38:17] WARNING: Could not find R2 objects for record a7d14ded-eab7-4b10-99cb-381cfa2cd36d
[2024-10-22 08:38:17] WARNING: Could not find R2 objects for record 635583cc-a349-44df-a8f8-2c1158d34304
[2024-10-22 08:38:17] WARNING: Could not find R2 objects for record c4652657-883e-46a8-8c35-89c938997d91
[2024-10-22 08:38:17] WARNING: Could not find R2 objects for record 127c173e-e88e-4427-942d-13f8c12764ad
[2024-10-22 08:38:17] WARNING: Could not find R2 objects for record abebffdd-0315-4393-aab9-1831a0feea83
[2024-10-22 08:38:17] WARNING: Could not find R2 objects for record f8396a0b-f748-4e38-807a-2fde09aec0e2
[2024-10-22 08:38:17] WARNING: Could not find R2 objects for record f5725fcd-9504-4358-9902-cbbb018dee29
[2024-10-22 08:38:17] WARNING: Could not find R2 objects for record cb5cfc09-2c06-4e1f-95a3-ec6914d1b1e8
[2024-10-22 08:38:17] WARNING: Could not find R2 objects for record ddccbbaa-19a9-416b-bfc9-7dc831183070
[2024-10-22 08:38:17] WARNING: Could not find R2 objects for record c1e311dd-fdcf-4f09-9576-46da074fb312
[2024-10-22 08:38:17] WARNING: Could not find R2 objects for record 58f82410-b581-40da-8b8d-4db2c152a795
[2024-10-22 08:38:17] WARNING: Could not find R2 objects for record d6d45eb9-4139-4d51-a615-bdd8ca1174f2
[2024-10-22 08:38:17] WARNING: Could not find R2 objects for record eb06d103-753e-48f9-993a-80127e0320ba
[2024-10-22 08:38:17] WARNING: Could not find R2 objects for record a7869fc1-2aaa-4538-9462-c54bafb48c1a
[2024-10-22 08:38:17] WARNING: Could not find R2 objects for record 1c6dd8a8-185c-45ea-9ed7-d3bf6c546086
[2024-10-22 08:38:17] WARNING: Could not find R2 objects for record 15ab9dfb-98f4-466c-8790-41b3d41ea859
[2024-10-22 08:38:17] WARNING: Could not find R2 objects for record 76513875-9df7-4e17-ac58-48c73a9b14cb
[2024-10-22 08:38:17] WARNING: Could not find R2 objects for record 1052110c-1ed1-4d4e-9e4f-35d1b9a24ec8
[2024-10-22 08:38:17] WARNING: Could not find R2 objects for record 67234955-b97b-4ef7-a0c8-a566940005d6
[2024-10-22 08:38:17] WARNING: Could not find R2 objects for record db040d79-1f07-498a-aa35-974d1d885248
[2024-10-22 08:38:17] WARNING: Could not find R2 objects for record c28d9c58-ab51-426e-8d91-e6929ef39b61
[2024-10-22 08:38:17] WARNING: Could not find R2 objects for record c5c27e67-3f96-4f37-9712-9cf4688ccb28
[2024-10-22 08:38:17] WARNING: Could not find R2 objects for record 41db902b-c85e-475e-af26-9cc41523dbd9
[2024-10-22 08:38:17] WARNING: Could not find R2 objects for record f8a295ca-fedb-46d3-9185-d0d01b4dba17
[2024-10-22 08:38:17] WARNING: Could not find R2 objects for record 4c0ad049-b174-43da-a525-c3688c967f61
[2024-10-22 08:38:17] WARNING: Could not find R2 objects for record c58665c8-4701-4e35-8a3c-bf8be9e9e360
[2024-10-22 08:38:17] WARNING: Could not find R2 objects for record 9169f4bd-91a6-4d82-9c4f-61dea66eacd5
[2024-10-22 08:38:17] WARNING: Could not find R2 objects for record 90db5583-30a4-4f04-9212-eb508127ebe0
[2024-10-22 08:38:17] WARNING: Could not find R2 objects for record b4b1b5fa-36e4-49d7-b2bc-cf240680c818
[2024-10-22 08:38:17] WARNING: Could not find R2 objects for record d675345e-56ef-4bf9-b9ec-298e07efa4fa
[2024-10-22 08:38:17] WARNING: Could not find R2 objects for record e177a345-17c7-4e89-9ac1-f80c9e29d5d2
[2024-10-22 08:38:17] WARNING: Could not find R2 objects for record 00a7e7fe-f19e-4cbb-a41f-c1cd029d5603
[2024-10-22 08:38:17] WARNING: Could not find R2 objects for record 3f90f1c9-91cd-4748-ab09-5359a6cf85d2
[2024-10-22 08:38:17] WARNING: Could not find R2 objects for record 0fea4160-7157-4983-aa25-50939f3dce37
[2024-10-22 08:38:17] WARNING: Could not find R2 objects for record a6b659a3-60b4-42f8-89e5-f883f57bb735
[2024-10-22 08:38:17] WARNING: Could not find R2 objects for record 5981073b-fc59-4cf3-81ea-c7f606521cae
[2024-10-22 08:38:17] WARNING: Could not find R2 objects for record 012198c4-7964-43bb-bdcf-274000034744
[2024-10-22 08:38:17] WARNING: Could not find R2 objects for record d310ebf9-88c1-4205-ba15-0c8e680b535e
[2024-10-22 08:38:17] WARNING: Could not find R2 objects for record d903ce3f-0aa3-48c0-8d7d-513486bdb4a6
[2024-10-22 08:38:17] WARNING: Could not find R2 objects for record 027dc812-13b2-48a9-a505-f3f868c50b4b
[2024-10-22 08:38:17] WARNING: Could not find R2 objects for record 0378c4bd-22ff-4191-8c81-eda79255db72
[2024-10-22 08:38:17] WARNING: Could not find R2 objects for record b663d385-7831-4189-8cb0-cfd06d3abec0
[2024-10-22 08:38:17] WARNING: Could not find R2 objects for record b18de5d7-0294-4fba-9f69-66790b25b323
[2024-10-22 08:38:17] WARNING: Could not find R2 objects for record a7a61ff8-9d8e-4b59-8bea-2e0cd496b618
[2024-10-22 08:38:17] WARNING: Could not find R2 objects for record fc18ae8b-d189-4cbd-89c2-37354d43d898
[2024-10-22 08:38:17] WARNING: Could not find R2 objects for record 8140bef6-15a0-4105-a343-dcb2978f2bae
[2024-10-22 08:38:17] WARNING: Could not find R2 objects for record b7c8ab34-2924-4228-96c3-6220610f003c
[2024-10-22 08:38:17] WARNING: Could not find R2 objects for record 4bd47d6b-8651-4bc3-8d32-e7714fa13296
[2024-10-22 08:38:17] WARNING: Could not find R2 objects for record ce14b112-2e1c-4056-9902-773e11bb6bd6
[2024-10-22 08:38:17] WARNING: Could not find R2 objects for record a7fcd43b-0809-46f1-aa92-cee97dee4e3f
[2024-10-22 08:38:17] WARNING: Could not find R2 objects for record cef74c85-fb59-4519-a9d1-dfd68bb096b8
[2024-10-22 08:38:17] WARNING: Could not find R2 objects for record fa7851fd-633c-4146-a40e-8841ebe1c3ab
[2024-10-22 08:38:17] WARNING: Could not find R2 objects for record f6d77aaa-5e9e-4e30-ba6e-c96b94f43aa4
[2024-10-22 08:38:17] WARNING: Could not find R2 objects for record d7811037-50f7-4e15-9f8d-eefee23d4d74
[2024-10-22 08:38:17] WARNING: Could not find R2 objects for record 20d87cb4-1af3-402d-a7e9-62f20a0da839
[2024-10-22 08:38:17] WARNING: Could not find R2 objects for record 2c8b3494-5059-4d27-8110-e8d0b05347e3
[2024-10-22 08:38:17] WARNING: Could not find R2 objects for record 6a3a69cd-09f4-42bd-a3be-5fc9e6053b5b
[2024-10-22 08:38:17] WARNING: Could not find R2 objects for record 0570661a-d758-4a9a-8e0b-bf48b6d7e093
[2024-10-22 08:38:17] WARNING: Could not find R2 objects for record 1f2839b7-ee5e-4bc5-94a6-eb75a3a91956
[2024-10-22 08:38:17] WARNING: Could not find R2 objects for record 5976a514-899e-499c-ac45-c4f1873eed21
[2024-10-22 08:38:17] WARNING: Could not find R2 objects for record d27d504b-c870-49bb-b708-017c438692f0
[2024-10-22 08:38:17] WARNING: Could not find R2 objects for record b22941d0-79d6-44c1-b423-0a5683e07f24
[2024-10-22 08:38:17] WARNING: Could not find R2 objects for record d8f6b8e9-6f28-4482-8351-7caa377c544d
[2024-10-22 08:38:17] WARNING: Could not find R2 objects for record 1fb3d379-c427-49d2-a371-a05cb9568649
[2024-10-22 08:38:17] WARNING: Could not find R2 objects for record e82d4305-a9f4-4c16-93eb-8488805a901b
[2024-10-22 08:38:17] WARNING: Could not find R2 objects for record 36b11ea0-0ec0-4b5c-a833-2012d1bd7a4a
[2024-10-22 08:38:17] WARNING: Could not find R2 objects for record 11e2e42c-53af-4145-aeb4-bc84cf199a26
[2024-10-22 08:38:17] WARNING: Could not find R2 objects for record 98e61d89-2349-4a58-973a-418dcc709ba3
[2024-10-22 08:38:17] WARNING: Could not find R2 objects for record eef40122-ba07-47b3-a3d7-136fe6d51286
[2024-10-22 08:38:17] WARNING: Could not find R2 objects for record 66e0cc52-24f4-4a45-ab6d-2d8af9e86671
[2024-10-22 08:38:17] WARNING: Could not find R2 objects for record d7937643-7633-4c4e-bc21-d92f8c5e69c3
[2024-10-22 08:38:17] WARNING: Could not find R2 objects for record f300e1c2-8886-44b4-b373-0d8b51be5347
[2024-10-22 08:38:17] WARNING: Could not find R2 objects for record b0799f78-662b-4091-8dfd-4e02d0e3ffe0
[2024-10-22 08:38:17] WARNING: Could not find R2 objects for record adc25fa9-811d-454e-9eea-8d35098ef1f4
[2024-10-22 08:38:17] WARNING: Could not find R2 objects for record f86d76f5-5576-414f-97f6-1e0dabc8a324
[2024-10-22 08:38:17] WARNING: Could not find R2 objects for record cef24190-6102-4a50-a7f8-b2ad2ddb10e3
[2024-10-22 08:38:17] WARNING: Could not find R2 objects for record 320244c0-806d-4e94-9139-7ea81f06a160
[2024-10-22 08:38:17] WARNING: Could not find R2 objects for record 8e84d7b1-85bc-44d5-8dc5-05f41e2163d7
[2024-10-22 08:38:17] WARNING: Could not find R2 objects for record fd324564-fe58-4a01-9ad2-dceab08071db
[2024-10-22 08:38:17] WARNING: Could not find R2 objects for record 3037b86e-02fb-4a8e-8d44-a6f013a03750
[2024-10-22 08:38:17] WARNING: Could not find R2 objects for record 8e6ebd88-48c2-4741-bcc7-d77034467376
[2024-10-22 08:38:17] WARNING: Could not find R2 objects for record d022fea2-20c5-4f68-bb67-d66191c8dac9
[2024-10-22 08:38:17] WARNING: Could not find R2 objects for record 2ab632db-e97f-4c51-a66d-fd43356850d4
[2024-10-22 08:38:17] WARNING: Could not find R2 objects for record 6bf20dab-792b-4a80-b27d-05a5ae8c71a3
[2024-10-22 08:38:17] WARNING: Could not find R2 objects for record 94a85942-5517-4704-8343-01b34c9e7add
[2024-10-22 08:38:17] WARNING: Could not find R2 objects for record 23908cef-346d-4cf0-99ac-0cdba6e8f1eb
[2024-10-22 08:38:17] WARNING: Could not find R2 objects for record 91aa0e28-ff15-478f-9774-f40f4d7b4aff
[2024-10-22 08:38:17] WARNING: Could not find R2 objects for record 6b7a5979-74be-4aca-82eb-2c311bb7a189
[2024-10-22 08:38:17] WARNING: Could not find R2 objects for record 84f79697-5274-482c-992d-3f7500551e23
[2024-10-22 08:38:17] WARNING: Could not find R2 objects for record a032650c-2619-475d-bdc7-f4448ba5f758
[2024-10-22 08:38:17] WARNING: Could not find R2 objects for record d8db8f72-529b-45bc-a8dc-72ef9f3241d8
[2024-10-22 08:38:17] WARNING: Could not find R2 objects for record d736a73a-6842-4af2-96ab-cdd88a0c8627
[2024-10-22 08:38:17] WARNING: Could not find R2 objects for record eb8031b3-6d6c-4553-8508-d6fe421de332
[2024-10-22 08:38:17] WARNING: Could not find R2 objects for record 42fd77ff-e1c0-432b-a32e-4c03da6ea18b
[2024-10-22 08:38:17] WARNING: Could not find R2 objects for record a1d5aaa8-9c6e-4e97-9e12-9812635f8cab
[2024-10-22 08:38:17] WARNING: Could not find R2 objects for record cc8317ce-16d1-4484-a17f-e76105e2b6c6
[2024-10-22 08:38:17] WARNING: Could not find R2 objects for record 556c0103-3484-471b-8807-5e8f06ece61a
[2024-10-22 08:38:17] WARNING: Could not find R2 objects for record 04f1a9bb-1745-4e51-b350-a6ea7e68620a
[2024-10-22 08:38:17] WARNING: Could not find R2 objects for record bc8fcbbb-75f3-4840-bdd0-cf6470dbfabe
[2024-10-22 08:38:17] WARNING: Could not find R2 objects for record 469b82e9-b55a-44ac-bb27-74a0c4f8cc05
[2024-10-22 08:38:17] WARNING: Could not find R2 objects for record 9eb23457-ed7f-4527-9bb7-4478d72a181e
[2024-10-22 08:38:17] WARNING: Could not find R2 objects for record 87e2fd0c-1235-425d-abe5-6adb4a9252f3
[2024-10-22 08:38:17] WARNING: Could not find R2 objects for record 8fc916e5-594a-4378-a8f4-862b26c173be
[2024-10-22 08:38:17] WARNING: Could not find R2 objects for record 71ea148d-4b42-4ec3-a903-fbafaf35d229
[2024-10-22 08:38:17] WARNING: Could not find R2 objects for record 75358368-bbbf-4597-871c-963f4fe97d6a
[2024-10-22 08:38:17] WARNING: Could not find R2 objects for record 07a5a126-688a-48ba-8a8c-3406491e8044
[2024-10-22 08:38:17] WARNING: Could not find R2 objects for record 9920fad0-7320-4a28-aaa8-4f160a0ae85b
[2024-10-22 08:38:17] WARNING: Could not find R2 objects for record 89317b35-eca1-4072-a950-b45eb789cdb1
[2024-10-22 08:38:17] WARNING: Could not find R2 objects for record 4a59d374-941e-418c-b01c-9daf933fb221
[2024-10-22 08:38:17] WARNING: Could not find R2 objects for record b4f9df16-b87f-43b6-b174-ddf08dc803fd
[2024-10-22 08:38:17] WARNING: Could not find R2 objects for record f73a337f-adac-46a6-ae68-c4719cd9d4f3
[2024-10-22 08:38:17] WARNING: Could not find R2 objects for record 51041adb-1686-411a-a3a6-f80e7e1551b8
[2024-10-22 08:38:17] WARNING: Could not find R2 objects for record 29cebc66-1848-4e41-a737-b0f0558855c7
[2024-10-22 08:38:17] WARNING: Could not find R2 objects for record 7a46c26f-fcf3-4398-ad0f-cdd15842cbf0
[2024-10-22 08:38:17] WARNING: Could not find R2 objects for record c6f70107-14d4-41ed-9c79-263dc7cd3d06
[2024-10-22 08:38:17] WARNING: Could not find R2 objects for record 06b8b040-e0af-4a3a-98b1-7df1983438e9
[2024-10-22 08:38:17] WARNING: Could not find R2 objects for record 8829e275-afe8-43b9-8c4c-60bda773fcfe
[2024-10-22 08:38:17] WARNING: Could not find R2 objects for record 38fe87b2-2507-42ab-bcfe-9a87670139d8
[2024-10-22 08:38:17] WARNING: Could not find R2 objects for record 4ccc0484-c9a2-4aeb-9b5d-b0577aa82304
[2024-10-22 08:38:17] WARNING: Could not find R2 objects for record 592f9b3c-ccbd-463d-9d61-f13eedbe6774
[2024-10-22 08:38:17] WARNING: Could not find R2 objects for record 6b368ea9-172d-489f-9e81-f99f6401566e
[2024-10-22 08:38:17] WARNING: Could not find R2 objects for record 88526391-a40f-44cb-8148-40a357fd611c
[2024-10-22 08:38:17] WARNING: Could not find R2 objects for record d4debcab-51b7-4154-b176-f3e01bc99952
[2024-10-22 08:38:17] WARNING: Could not find R2 objects for record 3d8866b5-3dd1-4450-861c-372027c64e7a
[2024-10-22 08:38:17] WARNING: Could not find R2 objects for record 46693224-0bf6-4344-90e0-73341291815e
[2024-10-22 08:38:17] WARNING: Could not find R2 objects for record a742a8a3-1359-474f-b050-2b06eb6e05ae
[2024-10-22 08:38:17] WARNING: Could not find R2 objects for record 1d43fed6-5190-423d-a09a-6cb738c3bab8
[2024-10-22 08:38:17] WARNING: Could not find R2 objects for record 584cd30c-3070-4139-a56f-46275620bd69
[2024-10-22 08:38:17] WARNING: Could not find R2 objects for record b63f8485-17a8-4373-8df0-30049c42d0e1
[2024-10-22 08:38:17] WARNING: Could not find R2 objects for record e211e64c-c980-47b7-83d3-0ef609e94f07
[2024-10-22 08:38:17] WARNING: Could not find R2 objects for record 712c9bb0-ce3d-471d-a694-3f74b02adf19
[2024-10-22 08:38:17] WARNING: Could not find R2 objects for record ff52fb1c-09c1-48a4-9763-4c20a27f6909
[2024-10-22 08:38:17] WARNING: Could not find R2 objects for record ec7cd38b-a9a9-4a9d-a4ce-d1fb22bdacc5
[2024-10-22 08:38:17] WARNING: Could not find R2 objects for record 12cb3eb2-2644-495a-8d50-851b1c04b255
[2024-10-22 08:38:17] WARNING: Could not find R2 objects for record 023d0477-40c1-4d81-9032-9d1bd049add8
[2024-10-22 08:38:17] WARNING: Could not find R2 objects for record 3a5eee86-aa96-4a03-a8ff-3d84b5568be9
[2024-10-22 08:38:17] WARNING: Could not find R2 objects for record a11dfe10-3f34-4067-ae8c-82bf51256bb3
[2024-10-22 08:38:17] WARNING: Could not find R2 objects for record 26d886f4-efba-483b-964a-18e08080dfaa
[2024-10-22 08:38:17] WARNING: Could not find R2 objects for record 7a058227-6829-4a86-b78b-4bfd338814e5
[2024-10-22 08:38:17] WARNING: Could not find R2 objects for record f035ce10-0473-4a16-a3a0-0689107bf387
[2024-10-22 08:38:17] WARNING: Could not find R2 objects for record fb116b61-201e-4a9a-bbb2-3a3600eb5a49
[2024-10-22 08:38:17] WARNING: Could not find R2 objects for record 8cc8e5f7-eff8-4296-ae88-da65a94a8303
[2024-10-22 08:38:17] WARNING: Could not find R2 objects for record 55ae5d9a-79a5-4a10-9e97-9682afb14ee7
[2024-10-22 08:38:17] WARNING: Could not find R2 objects for record ee1c17e2-f3a7-47de-873e-e24e7f8262d7
[2024-10-22 08:38:17] WARNING: Could not find R2 objects for record b72832a8-b34a-4a79-b1e5-292dc2064e25
[2024-10-22 08:38:17] WARNING: Could not find R2 objects for record da8d3462-d1c4-477f-8ed5-7eed2a251824
[2024-10-22 08:38:17] WARNING: Could not find R2 objects for record 76311724-5936-4cb8-a69b-60832cb5d427
[2024-10-22 08:38:17] WARNING: Could not find R2 objects for record c5c1ad17-bc4a-4196-9dac-e20d74c0ba40
[2024-10-22 08:38:17] WARNING: Could not find R2 objects for record 3d6f2f33-4525-4e97-8a00-e6e8b784f3f4
[2024-10-22 08:38:17] WARNING: Could not find R2 objects for record 94b567af-360a-43d7-90cf-f45f8b21bc2e
[2024-10-22 08:38:17] WARNING: Could not find R2 objects for record ea62a762-c451-495f-86a5-90baf71dd477
[2024-10-22 08:38:17] WARNING: Could not find R2 objects for record 23f41947-8127-4a53-b8c9-4daf074b32a8
[2024-10-22 08:38:17] WARNING: Could not find R2 objects for record 9feda66e-2492-4cab-b9ff-be11928b0fb1
[2024-10-22 08:38:17] WARNING: Could not find R2 objects for record 3efa081c-ca62-457d-ac5d-1fbf060ec5ea
[2024-10-22 08:38:17] WARNING: Could not find R2 objects for record a390d597-d732-4b28-af96-e7499689d2a4
[2024-10-22 08:38:17] WARNING: Could not find R2 objects for record 1253f947-4e84-4ceb-9a10-8ab6984c7b21
[2024-10-22 08:38:17] WARNING: Could not find R2 objects for record f3647119-f6df-4201-baca-93331cd036ee
[2024-10-22 08:38:17] WARNING: Could not find R2 objects for record e2cd778a-21af-46b7-90ef-575f7002ba1f
[2024-10-22 08:38:17] WARNING: Could not find R2 objects for record 215878a8-6731-45e4-bee3-0c1afd494147
[2024-10-22 08:38:17] WARNING: Could not find R2 objects for record 300f3654-a7fb-4a30-af88-528832f2900f
[2024-10-22 08:38:17] WARNING: Could not find R2 objects for record caac3821-32aa-4dd3-8318-e5b59e97ea8a
[2024-10-22 08:38:17] WARNING: Could not find R2 objects for record 99e5c94f-64cf-4a6e-b813-60a27693ee73
[2024-10-22 08:38:17] WARNING: Could not find R2 objects for record e5e19d08-a6b2-4db6-a296-812111ad6e3e
[2024-10-22 08:38:17] WARNING: Could not find R2 objects for record 7b91ef58-9c35-4ff8-b19d-69e356a08777
[2024-10-22 08:38:17] WARNING: Could not find R2 objects for record b9816341-2b14-4be1-8c1a-a0500e1f5999
[2024-10-22 08:38:17] WARNING: Could not find R2 objects for record 07fd92df-0d23-44ed-bccd-820169a2af80
[2024-10-22 08:38:17] WARNING: Could not find R2 objects for record f807f680-0f78-42c3-9d16-d20ff051e769
[2024-10-22 08:38:17] WARNING: Could not find R2 objects for record 57239b47-e3bd-4374-87be-b02442ab888f
[2024-10-22 08:38:17] WARNING: Could not find R2 objects for record 70755d55-3be9-4930-92c2-f0ab652a9386
[2024-10-22 08:38:17] WARNING: Could not find R2 objects for record b43b6b48-eb80-4850-a322-b8d6ccb110b1
[2024-10-22 08:38:17] WARNING: Could not find R2 objects for record ad6e2ea3-f96f-4c31-9bc2-901faaa81c66
[2024-10-22 08:38:17] WARNING: Could not find R2 objects for record d996a997-cd06-4636-8557-6dc46098a6cc
[2024-10-22 08:38:17] WARNING: Could not find R2 objects for record a14cd163-fca9-435e-8a61-d401fbf2b8db
[2024-10-22 08:38:17] WARNING: Could not find R2 objects for record e9723160-7b53-4465-8d58-941d547cf4e6
[2024-10-22 08:38:17] WARNING: Could not find R2 objects for record e83b9231-b720-49d3-9682-9fb93dcb05b1
[2024-10-22 08:38:17] WARNING: Could not find R2 objects for record 217614de-dbf3-4f56-b88e-48a5743af228
[2024-10-22 08:38:17] WARNING: Could not find R2 objects for record df3dde16-aac9-4373-8784-d5ce585fa639
[2024-10-22 08:38:17] WARNING: Could not find R2 objects for record 6a2ce67b-7bf0-4f44-bdb9-301e82a88e72
[2024-10-22 08:38:17] WARNING: Could not find R2 objects for record 80e46f8b-96ad-4ef5-a740-50abba30c585
[2024-10-22 08:38:17] WARNING: Could not find R2 objects for record ee661d97-089f-4407-9ca4-007b62e66336
[2024-10-22 08:38:17] WARNING: Could not find R2 objects for record 8f9229b4-86b9-44a8-a8af-4a4a1b9425eb
[2024-10-22 08:38:17] WARNING: Could not find R2 objects for record 8e7425a3-c5ca-41ca-be4e-aa7b5f08a8c6
[2024-10-22 08:38:17] WARNING: Could not find R2 objects for record 75112ef9-ed97-4830-a7d3-edb7627c4883
[2024-10-22 08:38:17] WARNING: Could not find R2 objects for record b1224387-a3e9-43e7-b6df-1203bb97fd6e
[2024-10-22 08:38:17] WARNING: Could not find R2 objects for record b08cfc52-40d8-426a-a9c8-b93131c96653
[2024-10-22 08:38:17] WARNING: Could not find R2 objects for record 3cef1b65-a715-4c4c-9a58-f2ae60e8a9fb
[2024-10-22 08:38:17] WARNING: Could not find R2 objects for record c0e375c6-efc6-4932-bc01-7e1dd496c37e
[2024-10-22 08:38:17] WARNING: Could not find R2 objects for record acbf802f-b7c9-4dc9-a18f-1f131fc0f7f5
[2024-10-22 08:38:17] WARNING: Could not find R2 objects for record a014fa64-c296-41e5-aff1-6685be6c9280
[2024-10-22 08:38:17] WARNING: Could not find R2 objects for record 812538fc-3353-4716-9498-13251b00e63c
[2024-10-22 08:38:17] WARNING: Could not find R2 objects for record 57ebe5cb-f481-48db-be21-8fbf041112be
[2024-10-22 08:38:17] WARNING: Could not find R2 objects for record 75014e68-cf76-4880-a523-0571c4809f09
[2024-10-22 08:38:17] WARNING: Could not find R2 objects for record 9a242cb0-2252-4991-b168-43b0df5229f4
[2024-10-22 08:38:17] WARNING: Could not find R2 objects for record 209bbb92-d694-441c-998e-869bb3c4c4a0
[2024-10-22 08:38:17] WARNING: Could not find R2 objects for record 6381c18c-97c4-4a0d-b334-6cfb831f77af
[2024-10-22 08:38:17] WARNING: Could not find R2 objects for record fa15d617-e1e0-4781-b616-79318a9a6c6a
[2024-10-22 08:38:17] WARNING: Could not find R2 objects for record 38331cf9-9d4a-40f3-8a6d-f556be7df594
[2024-10-22 08:38:17] WARNING: Could not find R2 objects for record 9280c76e-e834-442c-be72-a1191bfbb596
[2024-10-22 08:38:17] WARNING: Could not find R2 objects for record 89694922-8168-4724-a966-234b7a9aa3e8
[2024-10-22 08:38:17] WARNING: Could not find R2 objects for record a03ac8eb-b20d-4c7f-ab90-a88aa9e604af
[2024-10-22 08:38:17] WARNING: Could not find R2 objects for record f56eeb79-fc4a-4431-a748-eae4ed5ae382
[2024-10-22 08:38:17] WARNING: Could not find R2 objects for record ed13c543-e9e0-47c1-8e1c-0cb4d5f5c2e6
[2024-10-22 08:38:17] WARNING: Could not find R2 objects for record 3a547aea-ec2a-4904-9da8-20d53828aed0
[2024-10-22 08:38:17] WARNING: Could not find R2 objects for record b1a86e16-8f2b-4172-beab-028f34ae082e
[2024-10-22 08:38:17] WARNING: Could not find R2 objects for record d59eb5a4-e371-4078-91da-2271b3737134
[2024-10-22 08:38:17] WARNING: Could not find R2 objects for record b098bc45-3da6-484e-8322-5a0fe19a8334
[2024-10-22 08:38:17] WARNING: Could not find R2 objects for record 98bc205b-258e-4d62-a58e-c4f450fbc1c0
[2024-10-22 08:38:17] WARNING: Could not find R2 objects for record 81821bb5-46f5-4a23-819d-af4c7fc7d3c6
[2024-10-22 08:38:17] WARNING: Could not find R2 objects for record 83a4092e-a3a4-41df-b7a4-0902a5cc7019
[2024-10-22 08:38:17] WARNING: Could not find R2 objects for record b06d97d8-2990-4ea8-ac41-22bbba83a506
[2024-10-22 08:38:17] WARNING: Could not find R2 objects for record fd463027-e655-4300-b1ce-d8cf471eb6be
[2024-10-22 08:38:17] WARNING: Could not find R2 objects for record 076c89cf-de7b-4c30-91ce-5713f6c594b4
[2024-10-22 08:38:17] WARNING: Could not find R2 objects for record 7c81b909-8b0d-4997-a403-f71603d52eda
[2024-10-22 08:38:17] WARNING: Could not find R2 objects for record 5cfd363d-f945-444d-b8c2-68a044abc76c
[2024-10-22 08:38:17] WARNING: Could not find R2 objects for record 5eab301f-bfb3-4805-bc0e-a8c9228877e1
[2024-10-22 08:38:17] WARNING: Could not find R2 objects for record 827fc8c2-023e-4691-881a-494b46128b48
[2024-10-22 08:38:17] WARNING: Could not find R2 objects for record 98a56a6d-8a65-431c-94cd-0fd56d40a630
[2024-10-22 08:38:17] WARNING: Could not find R2 objects for record baaa4915-5933-4efd-80f4-1016e35d1936
[2024-10-22 08:38:17] WARNING: Could not find R2 objects for record 85410cb6-b67e-4f2f-b451-803fa5833a1c
[2024-10-22 08:38:17] WARNING: Could not find R2 objects for record e3a8a36b-f3aa-400d-815f-6d5e6afcd207
[2024-10-22 08:38:17] WARNING: Could not find R2 objects for record eef48b46-ffb1-4c02-8113-753aa414597a
[2024-10-22 08:38:17] WARNING: Could not find R2 objects for record 60ff53d8-abc9-4bbc-bcdf-460d76887ff5
[2024-10-22 08:38:17] WARNING: Could not find R2 objects for record d6e9a236-01de-4110-b27e-f50456e49785
[2024-10-22 08:38:17] WARNING: Could not find R2 objects for record 8e8036a5-80bc-44a4-ac90-4d5ee049faa4
[2024-10-22 08:38:17] WARNING: Could not find R2 objects for record c571a580-c45d-46c8-9c64-4203105b17c7
[2024-10-22 08:38:17] WARNING: Could not find R2 objects for record 95a9ab5b-d347-441e-97f9-55db601d45a1
[2024-10-22 08:38:17] WARNING: Could not find R2 objects for record 90263774-d55d-491b-845a-c60223cae4e1
[2024-10-22 08:38:17] WARNING: Could not find R2 objects for record e320e2d7-d1c9-4b4e-b061-7c248254b76c
[2024-10-22 08:38:17] WARNING: Could not find R2 objects for record e0655b06-9a1b-4909-b379-d30e1c1b04c4
[2024-10-22 08:38:17] WARNING: Could not find R2 objects for record d7ea7426-04e5-43f4-838d-c46bed2871e7
[2024-10-22 08:38:17] WARNING: Could not find R2 objects for record 85b87e1d-a130-49cd-b8d0-a060c1353f37
[2024-10-22 08:38:17] WARNING: Could not find R2 objects for record 5e425505-5aa7-4943-a6dd-023ceb5f0b6f
[2024-10-22 08:38:17] WARNING: Could not find R2 objects for record 9e71586f-5988-4379-9791-3457c48f2061
[2024-10-22 08:38:17] WARNING: Could not find R2 objects for record 01355b6f-3f2a-4d5e-af8d-2dea4f53dff5
[2024-10-22 08:38:17] WARNING: Could not find R2 objects for record 387c50ca-acf9-40d8-9401-488e9ab9b747
[2024-10-22 08:38:17] WARNING: Could not find R2 objects for record b310a52a-cdf4-45cb-b92f-97276a936a5d
[2024-10-22 08:38:17] WARNING: Could not find R2 objects for record fab181f0-687b-46a1-baec-92c737318836
[2024-10-22 08:38:17] WARNING: Could not find R2 objects for record d8eada21-d966-40e6-b7b2-0008d971009a
[2024-10-22 08:38:17] WARNING: Could not find R2 objects for record 52e39da3-81fa-46c6-a5f1-4800c91b6018
[2024-10-22 08:38:17] WARNING: Could not find R2 objects for record 0fdfee35-f5f0-4044-a172-cea6e53bb06c
[2024-10-22 08:38:17] WARNING: Could not find R2 objects for record ec7b5269-290c-42cd-834c-507b0e4ae6af
[2024-10-22 08:38:17] WARNING: Could not find R2 objects for record 5b764339-8266-4304-9260-b1d5fe11b063
[2024-10-22 08:38:17] WARNING: Could not find R2 objects for record cba63007-40bf-4d20-a7a3-1d14c54ad898
[2024-10-22 08:38:17] WARNING: Could not find R2 objects for record d7015f78-3965-4124-9151-59fbbe8bcf61
[2024-10-22 08:38:17] WARNING: Could not find R2 objects for record 5ec8941a-5aeb-42d8-98f6-654bb43a6619
[2024-10-22 08:38:17] WARNING: Could not find R2 objects for record 43b89a4d-0b59-484f-8625-3394c9f84674
[2024-10-22 08:38:17] WARNING: Could not find R2 objects for record 1214382d-f1ef-4696-9556-8c4a53aa23e8
[2024-10-22 08:38:17] WARNING: Could not find R2 objects for record b6834a4b-6800-49d0-a4ce-7229f1e699c8
[2024-10-22 08:38:17] WARNING: Could not find R2 objects for record eb020824-8cba-4cdb-b6d5-f606b5ccb249
[2024-10-22 08:38:17] WARNING: Could not find R2 objects for record a335d563-f0db-468a-b256-4d557a2a8494
[2024-10-22 08:38:17] WARNING: Could not find R2 objects for record cc15e8e5-0ef0-485d-9a56-9ecaa1b66044
[2024-10-22 08:38:17] WARNING: Could not find R2 objects for record 133f205e-fb80-426f-97ed-4e11db4e5319
[2024-10-22 08:38:17] WARNING: Could not find R2 objects for record bb74e720-67e0-42ab-ad47-36bc9d8605d5
[2024-10-22 08:38:17] WARNING: Could not find R2 objects for record 81061621-5f81-4bfa-86ff-58ea1b13c399
[2024-10-22 08:38:17] WARNING: Could not find R2 objects for record 55a35276-747e-4058-aa2e-d7c49a60194d
[2024-10-22 08:38:17] WARNING: Could not find R2 objects for record f7e49779-79c0-48c3-a324-759dc3980335
[2024-10-22 08:38:17] WARNING: Could not find R2 objects for record 10b37d1a-5291-46c1-a124-365e34da8bda
[2024-10-22 08:38:17] WARNING: Could not find R2 objects for record 64b4443e-c103-4b0d-af00-9b8bc29233c8
[2024-10-22 08:38:17] WARNING: Could not find R2 objects for record 78079e1e-6861-4787-bbdb-b45b9838cd68
[2024-10-22 08:38:17] WARNING: Could not find R2 objects for record e20fdbf1-4bb8-40b8-96fa-a34bcb8bff56
[2024-10-22 08:38:17] WARNING: Could not find R2 objects for record f19de28d-12f0-460e-a090-a619e7a20c8f
[2024-10-22 08:38:17] WARNING: Could not find R2 objects for record 611f8e1a-0b1d-4fd6-899a-ce894a9dd748
[2024-10-22 08:38:17] WARNING: Could not find R2 objects for record 9a6b7a24-4140-4d55-b462-6ff5ebf28e78
[2024-10-22 08:38:17] WARNING: Could not find R2 objects for record 8abc2350-941c-4508-a943-2e0a8673d595
[2024-10-22 08:38:17] WARNING: Could not find R2 objects for record a102285f-5ec8-48e0-84a8-4294aae4bf15
[2024-10-22 08:38:17] WARNING: Could not find R2 objects for record 15dfa09d-3cbd-449e-9f7e-c7fceaea6349
[2024-10-22 08:38:17] WARNING: Could not find R2 objects for record ccd1a35f-0039-47cf-8413-e5fe6041d23a
[2024-10-22 08:38:17] WARNING: Could not find R2 objects for record 4ee9fe1b-c247-4b88-add7-5f6ef611b4ab
[2024-10-22 08:38:17] WARNING: Could not find R2 objects for record 986b52b5-0394-4062-89e7-c0e26644445e
[2024-10-22 08:38:17] WARNING: Could not find R2 objects for record 981ef05c-dcf8-4573-b4ec-3d16df1b5d8e
[2024-10-22 08:38:17] WARNING: Could not find R2 objects for record 744b16e6-e7ac-48a0-a20b-d6f3d1e8ca82
[2024-10-22 08:38:17] WARNING: Could not find R2 objects for record f67e29e8-d5a3-40af-a677-75d40233bfd9
[2024-10-22 08:38:17] WARNING: Could not find R2 objects for record 9e3cfc77-720d-4083-85e6-5befa5cfd979
[2024-10-22 08:38:17] WARNING: Could not find R2 objects for record 15169247-a44b-4f6a-b2fe-2cbb023b387c
[2024-10-22 08:38:17] WARNING: Could not find R2 objects for record 4bd98c54-1d37-43f7-9450-eb1802bc9c7c
[2024-10-22 08:38:17] WARNING: Could not find R2 objects for record fefeb16b-5dc9-40f6-b35f-2f389cdeb122
[2024-10-22 08:38:17] WARNING: Could not find R2 objects for record 7bc8b361-639c-432f-a7ff-2accf88db2ce
[2024-10-22 08:38:17] WARNING: Could not find R2 objects for record 331ddb20-7858-439c-8b43-d43aee01f124
[2024-10-22 08:38:17] WARNING: Could not find R2 objects for record a83d78d9-2ef3-4233-9926-ac55bdb70b9d
[2024-10-22 08:38:17] WARNING: Could not find R2 objects for record bbb49247-9ce7-4e15-b91b-8a39b57987c5
[2024-10-22 08:38:17] WARNING: Could not find R2 objects for record ac095cc9-da2d-4f35-9267-ab46ead8d481
[2024-10-22 08:38:17] WARNING: Could not find R2 objects for record 373e1a0e-a055-4388-8c76-012f210c8460
[2024-10-22 08:38:17] WARNING: Could not find R2 objects for record 2005c694-64fd-4a27-8504-aea9f77f8cb3
[2024-10-22 08:38:17] WARNING: Could not find R2 objects for record 5c648fb8-dc94-438c-8f08-06408025ad7e
[2024-10-22 08:38:17] WARNING: Could not find R2 objects for record b4aac8bd-9e74-4364-842c-b61a385c5777
[2024-10-22 08:38:17] WARNING: Could not find R2 objects for record 75cf855d-39f4-4c7c-8c23-70520f3b0bca
[2024-10-22 08:38:17] WARNING: Could not find R2 objects for record 38f3873d-327c-48d1-8f08-856df6f6cda7
[2024-10-22 08:38:17] WARNING: Could not find R2 objects for record 89762852-d8d7-4952-ad07-384b33799873
[2024-10-22 08:38:17] WARNING: Could not find R2 objects for record adeae66d-dc7d-474e-a288-197e6a6cdf0f
[2024-10-22 08:38:17] WARNING: Could not find R2 objects for record 34d69b39-27e9-428b-b69b-adbb17551e70
[2024-10-22 08:38:17] WARNING: Could not find R2 objects for record bb01e99c-9fe2-456b-8564-b6a1c005d589
[2024-10-22 08:38:17] WARNING: Could not find R2 objects for record 09a28e61-7137-4d47-ba84-062a02c65557
[2024-10-22 08:38:17] WARNING: Could not find R2 objects for record 7ffdcaba-42ee-49d1-a3a0-54a5d680092d
[2024-10-22 08:38:17] WARNING: Could not find R2 objects for record 27dc38af-bb47-471e-9be8-24b995846a24
[2024-10-22 08:38:17] WARNING: Could not find R2 objects for record 3ef30f50-4196-4b69-894a-4dc3aba4faae
[2024-10-22 08:38:17] WARNING: Could not find R2 objects for record 11a100b2-6cb5-4026-a76a-669f31f92223
[2024-10-22 08:38:17] WARNING: Could not find R2 objects for record 5556a312-214c-422c-922c-fb888052bb97
[2024-10-22 08:38:17] WARNING: Could not find R2 objects for record 3e026ca8-9a71-4a78-861c-26f3cff79d36
[2024-10-22 08:38:17] WARNING: Could not find R2 objects for record 0bafaed3-70cd-4652-b1d6-fe45b95e1b6d
[2024-10-22 08:38:17] WARNING: Could not find R2 objects for record 97eddae3-6b60-4a02-9d69-6b5bba53ea57
[2024-10-22 08:38:17] WARNING: Could not find R2 objects for record c85c0c8c-6b52-4945-acad-97f6ae57cd35
[2024-10-22 08:38:17] WARNING: Could not find R2 objects for record 5233053d-72b6-4375-8341-380a0dbd368f
[2024-10-22 08:38:17] WARNING: Could not find R2 objects for record 72c99df1-0070-48a3-b525-d552160a6796
[2024-10-22 08:38:17] WARNING: Could not find R2 objects for record 00bfbf0d-864b-4f0d-94e0-17e2dcd07a8c
[2024-10-22 08:38:17] WARNING: Could not find R2 objects for record a69d39c2-4079-4afa-8bd9-d5d85e222696
[2024-10-22 08:38:17] WARNING: Could not find R2 objects for record 70af2124-36a9-4737-bb96-5fd5973eb413
[2024-10-22 08:38:17] WARNING: Could not find R2 objects for record 5c8e33f1-ac83-4187-a93f-067604d3729c
[2024-10-22 08:38:17] WARNING: Could not find R2 objects for record 65baf5a5-bf39-4e18-9d11-72874df002ac
[2024-10-22 08:38:17] WARNING: Could not find R2 objects for record b22ebada-85a3-4f2a-9d03-13847e6cb0b1
[2024-10-22 08:38:17] WARNING: Could not find R2 objects for record 77a8573f-1f25-4282-9316-00d2a04c30e8
[2024-10-22 08:38:17] WARNING: Could not find R2 objects for record 67af4572-8205-465e-95fa-65e63cae707c
[2024-10-22 08:38:17] WARNING: Could not find R2 objects for record 0cdf60a1-a8a0-46ec-be83-ec1c0abe5ccf
[2024-10-22 08:38:17] WARNING: Could not find R2 objects for record 357797a4-bb2b-4e33-ad5f-29d70d443709
[2024-10-22 08:38:17] WARNING: Could not find R2 objects for record a1985229-86b6-4463-8a03-57d2dadf28cf
[2024-10-22 08:38:17] WARNING: Could not find R2 objects for record 6e59d3fa-7a1d-4a8b-bdf2-656dda6dea50
[2024-10-22 08:38:17] WARNING: Could not find R2 objects for record ba304010-f624-4805-b50d-2fe89f09b98d
[2024-10-22 08:38:17] WARNING: Could not find R2 objects for record 181b4aaa-b788-4676-9b7a-6fbe6cae80f1
[2024-10-22 08:38:17] WARNING: Could not find R2 objects for record ed4fb68d-e202-45c6-8640-1c494e0648e4
[2024-10-22 08:38:17] WARNING: Could not find R2 objects for record 502b7d17-fcb1-4a1b-8dca-dee99892d436
[2024-10-22 08:38:17] WARNING: Could not find R2 objects for record cf872466-8943-43f1-be71-aad3aa42a999
[2024-10-22 08:38:17] WARNING: Could not find R2 objects for record 6d353d0e-210d-48d5-83c8-fcd5e232e2e7
[2024-10-22 08:38:17] WARNING: Could not find R2 objects for record dd1ba944-530e-4713-abbc-90922e4414de
[2024-10-22 08:38:17] WARNING: Could not find R2 objects for record b1e1f459-9720-4e00-a14a-c572dfaff215
[2024-10-22 08:38:17] WARNING: Could not find R2 objects for record a7b8046f-7487-492e-a6c2-c1bc12f09cf8
[2024-10-22 08:38:17] WARNING: Could not find R2 objects for record bc461962-4774-46b7-b728-7b2ce6b6bf80
[2024-10-22 08:38:17] WARNING: Could not find R2 objects for record 1be4ade8-53b5-48ca-a1dc-851ab27aeebd
[2024-10-22 08:38:17] WARNING: Could not find R2 objects for record a301460f-6266-4100-a742-224be037bf1b
[2024-10-22 08:38:17] WARNING: Could not find R2 objects for record f738f23b-f691-42cc-8513-27ac9c8dfc10
[2024-10-22 08:38:17] WARNING: Could not find R2 objects for record a9f82ff1-19bc-4e11-9f35-e1b72a359c27
[2024-10-22 08:38:17] WARNING: Could not find R2 objects for record ccac5ee6-6ae6-4500-a8b6-04a5a01c6133
[2024-10-22 08:38:17] WARNING: Could not find R2 objects for record 9f92ed43-49bf-4fdf-8553-1e2077fedc06
[2024-10-22 08:38:17] WARNING: Could not find R2 objects for record 08af88c1-7242-4851-9bec-eeba16bf8123
[2024-10-22 08:38:17] WARNING: Could not find R2 objects for record 223c2f20-e8ec-475f-9f7e-7dab1130951d
[2024-10-22 08:38:17] WARNING: Could not find R2 objects for record 4f7eac88-d809-40c9-a8ec-c06e1cbd99e3
[2024-10-22 08:38:17] WARNING: Could not find R2 objects for record aeb200d1-571c-479d-8567-a530fbbb913a
[2024-10-22 08:38:17] WARNING: Could not find R2 objects for record 27a981b7-8a66-45af-b465-7fc8e73d3e28
[2024-10-22 08:38:17] WARNING: Could not find R2 objects for record 139eb7b1-3c66-4895-a350-67deccf4df4f
[2024-10-22 08:38:17] WARNING: Could not find R2 objects for record 6742ef76-76b9-4d83-8ac9-80408766919c
[2024-10-22 08:38:17] WARNING: Could not find R2 objects for record a023f9f4-69cb-4833-87b4-93675fe280dc
[2024-10-22 08:38:17] WARNING: Could not find R2 objects for record f4beecb1-2bff-4e9e-ac63-38653869ef17
[2024-10-22 08:38:17] WARNING: Could not find R2 objects for record c4979559-868b-4270-858c-d4b08b06e5c4
[2024-10-22 08:38:17] WARNING: Could not find R2 objects for record 48be37a3-12b2-4261-abaf-6e4e676326af
[2024-10-22 08:38:17] WARNING: Could not find R2 objects for record 8ede89fa-11c5-42b7-9967-cdcc4362293b
[2024-10-22 08:38:17] WARNING: Could not find R2 objects for record 2c19d36b-429e-4713-a72b-8319ad526e94
[2024-10-22 08:38:17] WARNING: Could not find R2 objects for record a0508d11-e9fd-4b6d-a5ed-d03b37e72895
[2024-10-22 08:38:17] WARNING: Could not find R2 objects for record 0907079a-523b-41f8-8249-dfa5e1eb711c
[2024-10-22 08:38:17] WARNING: Could not find R2 objects for record 85ac1c71-dd44-413e-bc41-f893b0a1dd29
[2024-10-22 08:38:17] WARNING: Could not find R2 objects for record 24a6adc0-0bc0-4bb4-a599-c5427afafd84
[2024-10-22 08:38:17] WARNING: Could not find R2 objects for record 84353bff-f3a7-4a49-a494-a21a17c30870
[2024-10-22 08:38:17] WARNING: Could not find R2 objects for record 560cfa55-c5ea-42ea-a8a8-325fe3d6ece7
[2024-10-22 08:38:17] WARNING: Could not find R2 objects for record 6a15823e-aaa8-4e74-9e05-0b83c3a911e5
[2024-10-22 08:38:17] WARNING: Could not find R2 objects for record 471f5349-7b16-42ca-a61a-fffcd5efd165
[2024-10-22 08:38:17] WARNING: Could not find R2 objects for record 85951b9a-6f0a-489e-84f4-6f203633ea68
[2024-10-22 08:38:17] WARNING: Could not find R2 objects for record d3ce3d54-96f7-4b26-be23-33d03ab70fe8
[2024-10-22 08:38:17] WARNING: Could not find R2 objects for record 4925faa5-600d-4e4b-b2e3-6d7f51cef36e
[2024-10-22 08:38:17] WARNING: Could not find R2 objects for record fda55416-79bb-467b-b164-245b3c596735
[2024-10-22 08:38:17] WARNING: Could not find R2 objects for record 8fa1571b-8b3c-4d39-a951-cb6c98309cbb
[2024-10-22 08:38:17] WARNING: Could not find R2 objects for record be06a6f2-ebff-4c1b-a389-630f3486e0b9
[2024-10-22 08:38:17] WARNING: Could not find R2 objects for record 869f343e-a3d0-4437-b5b3-9606f78758f7
[2024-10-22 08:38:17] WARNING: Could not find R2 objects for record 1faec91b-d1af-4ac0-b267-fbeeb2c158d6
[2024-10-22 08:38:17] WARNING: Could not find R2 objects for record 97c85805-5f2c-4fa4-824a-c771f1365afe
[2024-10-22 08:38:17] WARNING: Could not find R2 objects for record 48496759-10ae-4358-8299-001607d9f33f
[2024-10-22 08:38:17] WARNING: Could not find R2 objects for record 93d8a7cc-1a9f-4116-bea1-0bb1f0a8f836
[2024-10-22 08:38:17] WARNING: Could not find R2 objects for record 498bdb64-c0a1-4257-921a-96fd950ea282
[2024-10-22 08:38:17] WARNING: Could not find R2 objects for record 2f7ee978-65a7-497f-b1d2-7f69aa10f995
[2024-10-22 08:38:17] WARNING: Could not find R2 objects for record c8255e6b-f330-4995-af37-0e49fab2d4ef
[2024-10-22 08:38:17] WARNING: Could not find R2 objects for record 0d9f5d14-2ec8-4cbd-9a1f-1ff69f4ec443
[2024-10-22 08:38:17] WARNING: Could not find R2 objects for record b92f3747-f467-49ff-a6db-b107fed2b9bd
[2024-10-22 08:38:17] WARNING: Could not find R2 objects for record 404e9fba-fdaf-45d8-9212-474c32e300a0
[2024-10-22 08:38:17] WARNING: Could not find R2 objects for record 6bd18f5d-5053-4191-8f07-1c1abc7e356c
[2024-10-22 08:38:17] WARNING: Could not find R2 objects for record 74184578-906e-4e2c-83d3-dd6856c4e440
[2024-10-22 08:38:17] WARNING: Could not find R2 objects for record 925a9759-149e-4c71-b01f-151769b485d6
[2024-10-22 08:38:17] WARNING: Could not find R2 objects for record aba9da41-3848-4196-8948-a0c8c4468b32
[2024-10-22 08:38:17] WARNING: Could not find R2 objects for record 6938bb55-6357-4f7f-8ff7-ac15f3be1a71
[2024-10-22 08:38:17] WARNING: Could not find R2 objects for record e04cb844-e50e-4247-8443-116332fe806e
[2024-10-22 08:38:17] WARNING: Could not find R2 objects for record 31e03504-a3a9-4f3f-be4a-2fbd4314f238
[2024-10-22 08:38:17] WARNING: Could not find R2 objects for record 91e6cec6-bd85-4b51-babb-0a6557fdee66
[2024-10-22 08:38:17] WARNING: Could not find R2 objects for record 9c8ef03d-b143-44fd-8ca1-5a1f1f47f006
[2024-10-22 08:38:17] WARNING: Could not find R2 objects for record cae37387-bb25-4c68-98c7-f64fb7c226e9
[2024-10-22 08:38:17] WARNING: Could not find R2 objects for record 7fb793c0-9ab5-40c5-ac32-d35d33d01e43
[2024-10-22 08:38:17] WARNING: Could not find R2 objects for record 95303b8b-bac4-434f-afbd-971114e9b87a
[2024-10-22 08:38:17] WARNING: Could not find R2 objects for record 8935f9eb-07a0-4bdb-b3af-c1e3eb160c62
[2024-10-22 08:38:17] WARNING: Could not find R2 objects for record dba4e452-46ba-42cf-abb3-c59fd1b2a08e
[2024-10-22 08:38:17] WARNING: Could not find R2 objects for record 3383f906-1f37-4b20-b26f-a16f0c8712d3
[2024-10-22 08:38:17] WARNING: Could not find R2 objects for record faa5923c-8451-49e2-a655-4dbdb2086e7d
[2024-10-22 08:38:17] WARNING: Could not find R2 objects for record 2fb902ed-a2bb-41cd-9b52-e8ef048e5483
[2024-10-22 08:38:17] WARNING: Could not find R2 objects for record 34d74fec-459c-4ed4-8fae-fbd6b6f24fdd
[2024-10-22 08:38:17] WARNING: Could not find R2 objects for record 6c84d086-a7d8-479f-84d5-9277f3c64355
[2024-10-22 08:38:17] WARNING: Could not find R2 objects for record 79315f63-6b86-43ff-b179-bea7d8cee830
[2024-10-22 08:38:17] WARNING: Could not find R2 objects for record 1ebc2616-a746-45a5-be23-e50c71ab0eaf
[2024-10-22 08:38:17] WARNING: Could not find R2 objects for record 2865b11d-f8b1-4ee2-8de4-b5429a510322
[2024-10-22 08:38:17] WARNING: Could not find R2 objects for record 36711ed3-cfe0-4e09-bf8c-ec89c3a9a024
[2024-10-22 08:38:17] WARNING: Could not find R2 objects for record 487f4b32-85cc-4b1c-9410-0f329752607a
[2024-10-22 08:38:17] WARNING: Could not find R2 objects for record 26fc26a6-dbdd-420f-b242-6954832ce35c
[2024-10-22 08:38:17] WARNING: Could not find R2 objects for record 76af3b14-b0b4-47a6-bc59-3a3b1b971a5b
[2024-10-22 08:38:17] WARNING: Could not find R2 objects for record 57235b49-7f43-40a4-be89-cd51e4f17ba2
[2024-10-22 08:38:17] WARNING: Could not find R2 objects for record 3766600a-17f2-4482-b181-58c568f4e970
[2024-10-22 08:38:17] WARNING: Could not find R2 objects for record db294b85-e3ae-4bbf-a9b7-fafadfbc259a
[2024-10-22 08:38:17] WARNING: Could not find R2 objects for record d0cabae6-f92f-455f-af36-bbf44c19b18a
[2024-10-22 08:38:17] WARNING: Could not find R2 objects for record ed623d66-bcaa-4d25-ab55-c639ed5c161f
[2024-10-22 08:38:17] WARNING: Could not find R2 objects for record 37c7da8a-968d-40a8-a040-ad98090e9344
[2024-10-22 08:38:17] WARNING: Could not find R2 objects for record a2ab67df-612d-4a94-b407-3e7f99684742
[2024-10-22 08:38:17] WARNING: Could not find R2 objects for record 862a1a85-586b-472e-b7ba-1eef08101c3a
[2024-10-22 08:38:17] WARNING: Could not find R2 objects for record 7a6db437-0ca2-48ee-9398-dbb8116bb31d
[2024-10-22 08:38:17] WARNING: Could not find R2 objects for record 4aeb66ce-7907-4d7d-b700-4a81932b56bc
[2024-10-22 08:38:17] WARNING: Could not find R2 objects for record 64196aea-5070-4d8e-b377-f620f11aae27
[2024-10-22 08:38:17] WARNING: Could not find R2 objects for record c4389b28-216e-419f-a01f-79c4cf0917f4
[2024-10-22 08:38:17] WARNING: Could not find R2 objects for record 9b84485c-98c8-4595-8eba-2bfb2b12e7ea
[2024-10-22 08:38:17] WARNING: Could not find R2 objects for record 1a4245d9-5b7b-4580-a835-fca2720b911c
[2024-10-22 08:38:17] WARNING: Could not find R2 objects for record b3d88a3c-38f0-4ed9-8f72-ff9a45718a0c
[2024-10-22 08:38:17] WARNING: Could not find R2 objects for record 441430e7-0738-47fc-9696-0be5fb8c8dcc
[2024-10-22 08:38:17] WARNING: Could not find R2 objects for record 85f05330-6b73-4ea6-aae4-ceb7c985537f
[2024-10-22 08:38:17] WARNING: Could not find R2 objects for record 9e80edf0-a2c7-4ed1-bd51-20c87a7822e4
[2024-10-22 08:38:17] WARNING: Could not find R2 objects for record 8902aa47-f870-4155-be31-607db60ca404
[2024-10-22 08:38:17] WARNING: Could not find R2 objects for record 37bf568b-d9c0-4327-af7d-93204328c956
[2024-10-22 08:38:17] WARNING: Could not find R2 objects for record 24ead6ae-1ce3-4600-909a-6d4f835bc0a4
[2024-10-22 08:38:17] WARNING: Could not find R2 objects for record 8a8a8ddd-d109-4470-81ec-5d68ff95b63a
[2024-10-22 08:38:17] WARNING: Could not find R2 objects for record 7d547be8-7f7e-4523-9175-6565dd1d9482
[2024-10-22 08:38:17] WARNING: Could not find R2 objects for record a383464a-e586-4082-bc4a-5abd3b6055e3
[2024-10-22 08:38:17] WARNING: Could not find R2 objects for record b64a9640-6060-491f-ac90-03bbeb25e788
[2024-10-22 08:38:17] WARNING: Could not find R2 objects for record 0ba037e9-1345-4161-b97a-a341867872db
[2024-10-22 08:38:17] WARNING: Could not find R2 objects for record 078e9686-87ea-478c-91df-cafebff9fa5a
[2024-10-22 08:38:17] WARNING: Could not find R2 objects for record e65bb886-0a67-4d84-847b-98bcd55a1452
[2024-10-22 08:38:17] WARNING: Could not find R2 objects for record f5e08c2b-10a8-4754-9383-401cb2c87cb7
[2024-10-22 08:38:17] WARNING: Could not find R2 objects for record f3ae0223-489e-4288-912f-bd401bf8a7f5
[2024-10-22 08:38:17] WARNING: Could not find R2 objects for record 69b9f969-436b-4123-be70-812846b9bf63
[2024-10-22 08:38:17] WARNING: Could not find R2 objects for record 60a902d6-0210-4e46-bba1-82dcc6f130a7
[2024-10-22 08:38:17] WARNING: Could not find R2 objects for record 9c836129-389f-4712-a397-534c5f33dc12
[2024-10-22 08:38:17] WARNING: Could not find R2 objects for record 61189a4e-3d6e-4566-9d16-74ac718698ea
[2024-10-22 08:38:17] WARNING: Could not find R2 objects for record 56d24290-a091-4283-94ac-9dc985d6f511
[2024-10-22 08:38:17] WARNING: Could not find R2 objects for record ca1e402b-fc33-4f21-9dc7-97dfe39f17c6
[2024-10-22 08:38:17] WARNING: Could not find R2 objects for record b035ba67-0df6-40d4-9aae-9eb5caef4ccb
[2024-10-22 08:38:17] WARNING: Could not find R2 objects for record 74ae35c9-72e1-46d4-b929-07e4c135f6c8
[2024-10-22 08:38:17] WARNING: Could not find R2 objects for record d4d72d36-ee6e-4914-8786-28e2e81abb4e
[2024-10-22 08:38:17] WARNING: Could not find R2 objects for record b8e1d9bf-0521-442c-b067-1dee2f933f7d
[2024-10-22 08:38:17] WARNING: Could not find R2 objects for record f5633f77-e450-4bde-8525-5bd81af02d16
[2024-10-22 08:38:17] WARNING: Could not find R2 objects for record fc520edd-df12-41a9-a3c0-1a5a553ec220
[2024-10-22 08:38:17] WARNING: Could not find R2 objects for record f01c6173-8eec-40ba-9034-6f38f9c09745
[2024-10-22 08:38:17] WARNING: Could not find R2 objects for record 02dbdf26-bfeb-4521-bd30-0a574b3c49ca
[2024-10-22 08:38:17] WARNING: Could not find R2 objects for record 786ac636-cef7-4e24-91b7-da1856487db6
[2024-10-22 08:38:17] WARNING: Could not find R2 objects for record 01c8d270-94e9-4466-9d68-118f004215f4
[2024-10-22 08:38:17] WARNING: Could not find R2 objects for record a5db153e-4fdf-4c6e-b92c-7dbcef24b957
[2024-10-22 08:38:17] WARNING: Could not find R2 objects for record ac4ee576-e318-4051-9b16-b40b7319ad92
[2024-10-22 08:38:17] WARNING: Could not find R2 objects for record 22173c01-bf40-471f-bd6d-e86716f88f3d
[2024-10-22 08:38:17] WARNING: Could not find R2 objects for record 54b57f28-ec1a-491e-a6f9-93eaeaa377ab
[2024-10-22 08:38:17] WARNING: Could not find R2 objects for record f742378c-bc51-4e18-bd01-c90370b0ff7f
[2024-10-22 08:38:17] WARNING: Could not find R2 objects for record f0ccac29-924e-425a-bbe5-5ad1a363bfca
[2024-10-22 08:38:17] WARNING: Could not find R2 objects for record b361743f-860e-4b88-98f3-e3b998df6b89
[2024-10-22 08:38:17] WARNING: Could not find R2 objects for record 78465666-84d6-4eba-807d-3e0c34e09cf2
[2024-10-22 08:38:17] WARNING: Could not find R2 objects for record be38231c-5873-4f28-b9a2-abb319d8aaa0
[2024-10-22 08:38:17] WARNING: Could not find R2 objects for record 27069723-bf0f-4752-ad60-6c751150c00e
[2024-10-22 08:38:17] WARNING: Could not find R2 objects for record 45df3c11-b750-41a2-9111-9d3ec2797377
[2024-10-22 08:38:17] WARNING: Could not find R2 objects for record d2fe2d2b-ccfa-4ddf-81a0-faed6b27f9aa
[2024-10-22 08:38:17] WARNING: Could not find R2 objects for record 4586da64-3e55-40be-b6d9-c14969fa1697
[2024-10-22 08:38:17] WARNING: Could not find R2 objects for record 57038afc-6a24-4e13-9d35-dcb9b8fd4a13
[2024-10-22 08:38:17] WARNING: Could not find R2 objects for record da36518d-54a4-4914-bb7f-7a18ad079d58
[2024-10-22 08:38:17] WARNING: Could not find R2 objects for record 093b9092-2082-4b72-baad-0fa61e86facf
[2024-10-22 08:38:17] WARNING: Could not find R2 objects for record 27496084-3c67-4bca-948d-25632112797e
[2024-10-22 08:38:17] WARNING: Could not find R2 objects for record 4e675730-468d-4f33-8b30-fd78545b00bd
[2024-10-22 08:38:17] WARNING: Could not find R2 objects for record 9ca4386d-cd3b-4e7b-881e-578ea28751de
[2024-10-22 08:38:17] WARNING: Could not find R2 objects for record 6f4f17ae-b459-4764-949a-61facd36b2c4
[2024-10-22 08:38:17] WARNING: Could not find R2 objects for record 63a46b9f-3782-45d2-86b7-648939968134
[2024-10-22 08:38:17] WARNING: Could not find R2 objects for record 95eef523-6e7a-4d9d-8486-0cb232617629
[2024-10-22 08:38:17] WARNING: Could not find R2 objects for record 6878d430-ebaf-4060-bbbd-f6f88bcae2ee
[2024-10-22 08:38:17] WARNING: Could not find R2 objects for record 6667cf66-48a7-40a6-b075-14b6ffd7101f
[2024-10-22 08:38:17] WARNING: Could not find R2 objects for record 00b2362e-83f6-44f4-8007-1cb392eedbbf
[2024-10-22 08:38:17] WARNING: Could not find R2 objects for record 7146f38f-cc15-4132-903f-f4558aa4c0f8
[2024-10-22 08:38:17] WARNING: Could not find R2 objects for record 04e80a16-1923-4b54-9929-bf40c3c07103
[2024-10-22 08:38:17] WARNING: Could not find R2 objects for record f7810b8d-e9bc-4db5-847d-11bcfb93d319
[2024-10-22 08:38:17] WARNING: Could not find R2 objects for record be48b33d-422b-4667-80f9-7ab8c41cea74
[2024-10-22 08:38:17] WARNING: Could not find R2 objects for record 7a79871e-e5fc-4243-a92b-3d2c519afee1
[2024-10-22 08:38:17] WARNING: Could not find R2 objects for record c74d2849-bb53-4bae-9f2f-0b6717e349f7
[2024-10-22 08:38:17] WARNING: Could not find R2 objects for record 1a5b7f92-a6d1-4870-bd21-a34b991243f0
[2024-10-22 08:38:17] WARNING: Could not find R2 objects for record 5d240d0c-91f7-4a0f-bb66-417123e02b0d
[2024-10-22 08:38:17] WARNING: Could not find R2 objects for record 246f31ed-bab9-41fd-a8df-b08e33be85c7
[2024-10-22 08:38:17] WARNING: Could not find R2 objects for record b72aa526-5f97-4baf-bd43-5187154e3171
[2024-10-22 08:38:17] WARNING: Could not find R2 objects for record f3a1f70e-4bc6-4dc9-a913-273a02059c99
[2024-10-22 08:38:17] WARNING: Could not find R2 objects for record 6f9ee591-0357-41ec-9a0d-8390e706f542
[2024-10-22 08:38:17] WARNING: Could not find R2 objects for record 20bda82c-597a-47bd-a84f-4590ca96c225
[2024-10-22 08:38:17] WARNING: Could not find R2 objects for record 9034ba1a-be42-4d6f-86de-04f903b1dd25
[2024-10-22 08:38:17] WARNING: Could not find R2 objects for record 0d0f8286-ed59-4084-9fe9-09597d440dab
[2024-10-22 08:38:17] WARNING: Could not find R2 objects for record 573c6da3-b551-455b-b102-4df905c0479e
[2024-10-22 08:38:17] WARNING: Could not find R2 objects for record ca2a5937-b070-4ee4-b7a0-f48c4ee9cf62
[2024-10-22 08:38:17] WARNING: Could not find R2 objects for record c4a40373-cbfb-444f-a3fa-cd397f13d868
[2024-10-22 08:38:17] WARNING: Could not find R2 objects for record 28fc25c1-3d9b-4c6d-aa5f-ae0a10eaea94
[2024-10-22 08:38:17] WARNING: Could not find R2 objects for record 6bab0d87-d00c-437a-85bc-96032f23283a
[2024-10-22 08:38:17] WARNING: Could not find R2 objects for record 54729057-9396-4812-bbf9-279a6fcd46ff
[2024-10-22 08:38:17] WARNING: Could not find R2 objects for record d2304a98-d2da-4b5b-b079-d3a8a0fbde2c
[2024-10-22 08:38:17] WARNING: Could not find R2 objects for record 65dc1015-fbc0-415a-bf3f-332bb3672d19
[2024-10-22 08:38:17] WARNING: Could not find R2 objects for record 083edc2b-0b15-424a-b0d6-acc049db3bcd
[2024-10-22 08:38:17] WARNING: Could not find R2 objects for record af553cb4-f340-4ca0-ad4f-f70903d2a1b3
[2024-10-22 08:38:17] WARNING: Could not find R2 objects for record 59fe34d9-3c66-433b-8b6e-9f64c53473f9
[2024-10-22 08:38:17] WARNING: Could not find R2 objects for record 8e1f32b5-49ba-4b34-96d9-46b9ff2798d6
[2024-10-22 08:38:17] WARNING: Could not find R2 objects for record 93c95365-42f8-4b7e-9183-457f4187d481
[2024-10-22 08:38:17] WARNING: Could not find R2 objects for record d617ba72-5d16-49c3-9eb2-4fcdf73cf9f0
[2024-10-22 08:38:17] WARNING: Could not find R2 objects for record 1b9d5fc6-229d-4f43-8f60-9da00c2da386
[2024-10-22 08:38:17] WARNING: Could not find R2 objects for record e26447d2-62e0-4511-86f5-df44d1780f5a
[2024-10-22 08:38:17] WARNING: Could not find R2 objects for record 31d2622c-f0fb-4fb2-a0a6-6bd5a58d6d8b
[2024-10-22 08:38:17] WARNING: Could not find R2 objects for record 34d171d1-aeed-4120-a289-312c3f9b34ad
[2024-10-22 08:38:17] WARNING: Could not find R2 objects for record 0a405372-1e1d-490a-8e44-88762b7a715c
[2024-10-22 08:38:17] WARNING: Could not find R2 objects for record 9805a874-832e-4b0d-b420-d69149f72409
[2024-10-22 08:38:17] WARNING: Could not find R2 objects for record bdedf903-f721-46f8-97f5-8102180b8ba7
[2024-10-22 08:38:17] WARNING: Could not find R2 objects for record 26ab5959-4ef2-4cc7-867d-32ca5cc22bee
[2024-10-22 08:38:17] WARNING: Could not find R2 objects for record 6b5b547c-c1d5-4148-9e32-fbd00228563a
[2024-10-22 08:38:17] WARNING: Could not find R2 objects for record 206b8655-895d-4f8b-8b7c-cc04f34aa865
[2024-10-22 08:38:17] WARNING: Could not find R2 objects for record b9337027-cba4-4969-8962-cbc43ad9fb10
[2024-10-22 08:38:17] WARNING: Could not find R2 objects for record 9877f53b-62e1-45e1-9f7e-02b387394f47
[2024-10-22 08:38:17] WARNING: Could not find R2 objects for record 9d6ade85-d28c-4674-a41a-c12499b54120
[2024-10-22 08:38:17] WARNING: Could not find R2 objects for record 9af1c937-eb4d-4062-af45-ca8157a98614
[2024-10-22 08:38:17] WARNING: Could not find R2 objects for record 20b8d958-c028-46f4-a108-32276b921289
[2024-10-22 08:38:17] WARNING: Could not find R2 objects for record 9969bdd8-0b2f-45c5-9f3e-623f9d67598c
[2024-10-22 08:38:17] WARNING: Could not find R2 objects for record c66bb8b3-026a-40ba-9cf4-5c8b3ff0479a
[2024-10-22 08:38:17] WARNING: Could not find R2 objects for record 37ad00fb-f337-41f5-978e-402a04e133fd
[2024-10-22 08:38:17] WARNING: Could not find R2 objects for record 16524eb7-dab1-423f-b70c-666f88de0ba2
[2024-10-22 08:38:17] WARNING: Could not find R2 objects for record cd4f7b98-2232-4cdf-b591-1cb0dae7b241
[2024-10-22 08:38:17] WARNING: Could not find R2 objects for record 997b987b-26bd-4f21-a30b-5e2777779167
[2024-10-22 08:38:17] WARNING: Could not find R2 objects for record 923b7c9e-adf4-4c29-834f-1291787c6f5d
[2024-10-22 08:38:17] WARNING: Could not find R2 objects for record 435faa1b-f096-4906-90f3-98a351212d57
[2024-10-22 08:38:17] WARNING: Could not find R2 objects for record 54d1887c-24d5-4625-9877-61d58a80a606
[2024-10-22 08:38:17] WARNING: Could not find R2 objects for record 2bccb38d-b74c-4502-8919-3a0049ced7a8
[2024-10-22 08:38:17] WARNING: Could not find R2 objects for record 025755f8-2b45-4edb-8267-e2c224b33833
[2024-10-22 08:38:17] WARNING: Could not find R2 objects for record d6657b75-28b6-4452-81d9-20f32aecb781
[2024-10-22 08:38:17] WARNING: Could not find R2 objects for record 11c795e7-7e8e-4672-a5d2-112b6d4f19f4
[2024-10-22 08:38:17] WARNING: Could not find R2 objects for record 08634257-ab24-40a4-9381-911b84947d16
[2024-10-22 08:38:17] WARNING: Could not find R2 objects for record 4f9e2d17-c59b-44b3-9767-35919a0ab6e9
[2024-10-22 08:38:17] WARNING: Could not find R2 objects for record 85f65a09-ae33-4ed6-8526-0e4239b9b164
[2024-10-22 08:38:17] WARNING: Could not find R2 objects for record cbfb053d-970c-4e96-acd5-61ccde45ebe9
[2024-10-22 08:38:17] WARNING: Could not find R2 objects for record 16c6c090-2d60-4bce-aff7-a03279834c23
[2024-10-22 08:38:17] WARNING: Could not find R2 objects for record 476bd676-d1cb-449d-84aa-6d7d782b87a2
[2024-10-22 08:38:17] WARNING: Could not find R2 objects for record 1d394fd0-94de-4ce2-a01e-262a0657ed25
[2024-10-22 08:38:17] WARNING: Could not find R2 objects for record 2ab150e2-a157-4780-a7f8-bd150192ae58
[2024-10-22 08:38:17] WARNING: Could not find R2 objects for record 53719d03-9b57-4e97-abc5-10177ffe6e89
[2024-10-22 08:38:17] WARNING: Could not find R2 objects for record 08b0556b-95e4-4e52-8ea2-d9711de2d0c9
[2024-10-22 08:38:17] WARNING: Could not find R2 objects for record 7facb942-53b6-4cfb-a712-b3a26406124c
[2024-10-22 08:38:17] WARNING: Could not find R2 objects for record ef21fe9e-cb79-4783-9b87-6861007053a5
[2024-10-22 08:38:17] WARNING: Could not find R2 objects for record 69cc9dae-5342-4b92-a4b3-3c64fd41845f
[2024-10-22 08:38:17] WARNING: Could not find R2 objects for record 554e580f-853e-46dc-9a0f-71c7721170bf
[2024-10-22 08:38:17] WARNING: Could not find R2 objects for record fe388618-7209-449b-b3f1-12219c7f1c85
[2024-10-22 08:38:17] WARNING: Could not find R2 objects for record 6ced2e95-4c14-484b-8298-048081744c8e
[2024-10-22 08:38:17] WARNING: Could not find R2 objects for record 8dc7fc8b-e6a6-4166-9afe-aa943e407537
[2024-10-22 08:38:17] WARNING: Could not find R2 objects for record 92be1ff1-a0e9-4d86-8dbd-9823ae7597bc
[2024-10-22 08:38:17] WARNING: Could not find R2 objects for record 38be81c8-9989-4460-a627-dc404db36749
[2024-10-22 08:38:17] WARNING: Could not find R2 objects for record c9cb0970-7cca-42ed-aa79-c229285af170
[2024-10-22 08:38:17] WARNING: Could not find R2 objects for record ea460cea-695d-4f05-89d7-1a8e368f1b56
[2024-10-22 08:38:17] WARNING: Could not find R2 objects for record 22094385-afcf-4c7d-a99e-56004d8e0b75
[2024-10-22 08:38:17] WARNING: Could not find R2 objects for record d6392b80-f564-44cb-b264-c8972a8ad7de
[2024-10-22 08:38:17] WARNING: Could not find R2 objects for record b41921a9-58c7-463f-bafd-3a90a857606e
[2024-10-22 08:38:17] WARNING: Could not find R2 objects for record 97c95c24-aa87-4dcb-b772-a7404a8b92c3
[2024-10-22 08:38:17] WARNING: Could not find R2 objects for record 03581e4f-4e01-4e2e-a9ee-3a28bbea81d0
[2024-10-22 08:38:17] WARNING: Could not find R2 objects for record 83ab8144-dd9c-494a-b0d9-d54d96bf2c49
[2024-10-22 08:38:17] WARNING: Could not find R2 objects for record 69c24916-8f55-4e95-8741-f265c295eca4
[2024-10-22 08:38:17] WARNING: Could not find R2 objects for record 16334ec5-b597-42af-b464-a8a45711835c
[2024-10-22 08:38:17] WARNING: Could not find R2 objects for record 31f5e1c7-b4eb-4d37-93de-b68b161cb8bb
[2024-10-22 08:38:17] WARNING: Could not find R2 objects for record 742c3a60-ec8d-4cbc-bbb7-76af88425251
[2024-10-22 08:38:17] WARNING: Could not find R2 objects for record 92803f6b-d217-4879-887a-b687327bab66
[2024-10-22 08:38:17] WARNING: Could not find R2 objects for record b57e1029-63fc-4b62-ab35-284a1d91e813
[2024-10-22 08:38:17] WARNING: Could not find R2 objects for record a826e763-fc1b-4fa7-9cab-0aa84b27b24b
[2024-10-22 08:38:17] WARNING: Could not find R2 objects for record bc1c0b8d-04a9-4422-aaa4-7a58a1c05266
[2024-10-22 08:38:17] WARNING: Could not find R2 objects for record 8086bace-15c2-4516-b76f-a3b2e4532f93
[2024-10-22 08:38:17] WARNING: Could not find R2 objects for record ad9d14c0-d98e-40a4-8c2e-bbebfc415fc5
[2024-10-22 08:38:17] WARNING: Could not find R2 objects for record f59ba1b7-8757-405c-8cb8-451596d70daa
[2024-10-22 08:38:17] WARNING: Could not find R2 objects for record 20b21ed0-7c54-4d56-81e2-e5b02df8784b
[2024-10-22 08:38:17] WARNING: Could not find R2 objects for record f1934cf0-0b0e-4e20-acbd-08f83eb798ce
[2024-10-22 08:38:17] WARNING: Could not find R2 objects for record d6bfd200-c794-4d83-87ae-b6a612810f5a
[2024-10-22 08:38:17] WARNING: Could not find R2 objects for record 87de33af-1c43-4523-9509-843baae806d3
[2024-10-22 08:38:17] WARNING: Could not find R2 objects for record 3a57784a-3fd0-4ef1-8bff-feacffe5a67e
[2024-10-22 08:38:17] WARNING: Could not find R2 objects for record 2fcedd27-6f1d-40fd-bf4a-491cf202a600
[2024-10-22 08:38:17] WARNING: Could not find R2 objects for record d17e70a7-a8ef-4243-b3dc-18250845552a
[2024-10-22 08:38:17] WARNING: Could not find R2 objects for record 70e0207c-f7b2-4080-a217-d523cd30f915
[2024-10-22 08:38:17] WARNING: Could not find R2 objects for record 58ae6f8a-ad30-4f2d-b6b2-1b535e1d6004
[2024-10-22 08:38:17] WARNING: Could not find R2 objects for record ed828eae-df2a-4b85-82da-5d7624dfdb95
[2024-10-22 08:38:17] WARNING: Could not find R2 objects for record 209d6155-8f70-4c02-9a4d-e4dd8070aec6
[2024-10-22 08:38:17] WARNING: Could not find R2 objects for record 7d5bd09e-9c0d-4131-be6f-9102d2b65959
[2024-10-22 08:38:17] WARNING: Could not find R2 objects for record a264375f-9f16-4033-bd94-8479f5197c58
[2024-10-22 08:38:17] WARNING: Could not find R2 objects for record 37d2baa8-7884-41d0-966a-437f9195f31a
[2024-10-22 08:38:17] WARNING: Could not find R2 objects for record f520e887-6424-4835-a93d-6b13a9a108b2
[2024-10-22 08:38:17] WARNING: Could not find R2 objects for record 0c8982c3-6c27-421e-9584-7b92624451bf
[2024-10-22 08:38:17] WARNING: Could not find R2 objects for record d3e881aa-75df-4fcb-94db-a6650d478c5d
[2024-10-22 08:38:17] WARNING: Could not find R2 objects for record d40fed16-4d1a-4fe8-ae5a-c094b69f0788
[2024-10-22 08:38:17] WARNING: Could not find R2 objects for record a97acf48-f716-4e3b-9063-f7570891be9c
[2024-10-22 08:38:17] WARNING: Could not find R2 objects for record 554edb26-d2b8-483f-b143-1333565b2b4c
[2024-10-22 08:38:17] WARNING: Could not find R2 objects for record cb3b2d32-cc73-4a78-b0ac-a795385a7c98
[2024-10-22 08:38:17] WARNING: Could not find R2 objects for record 68544634-8023-49ab-a5ef-10e8de1edd9f
[2024-10-22 08:38:17] WARNING: Could not find R2 objects for record f530c640-9576-4000-821c-e91d92260e63
[2024-10-22 08:38:17] WARNING: Could not find R2 objects for record c4794ba3-fbd8-4a42-9f3c-bb18f6714c8b
[2024-10-22 08:38:17] WARNING: Could not find R2 objects for record 1a3e21c6-b5d0-495c-bf3f-826bba77d594
[2024-10-22 08:38:17] WARNING: Could not find R2 objects for record b4d6893b-1f51-4b16-b885-c48eeba332aa
[2024-10-22 08:38:17] WARNING: Could not find R2 objects for record 9bb66e4f-376b-4d68-af82-0ab8d7058fe1
[2024-10-22 08:38:17] WARNING: Could not find R2 objects for record 60475180-f83c-435c-a7b6-b41afdb14bf9
[2024-10-22 08:38:17] WARNING: Could not find R2 objects for record 8b621245-e9fb-4064-b457-d8bd7673b37a
[2024-10-22 08:38:17] WARNING: Could not find R2 objects for record d373cf9b-d1c1-477e-aec1-56d8657226f1
[2024-10-22 08:38:17] WARNING: Could not find R2 objects for record 783a9a4f-01e5-462a-9748-b7965d622e10
[2024-10-22 08:38:17] WARNING: Could not find R2 objects for record 8ebc24e9-f695-4558-a011-86c75145680f
[2024-10-22 08:38:17] WARNING: Could not find R2 objects for record 772fa382-b25f-4300-9868-70a1ad3392c2
[2024-10-22 08:38:17] WARNING: Could not find R2 objects for record 70ff37e1-66ac-4279-b582-c22fe9f72d64
[2024-10-22 08:38:17] WARNING: Could not find R2 objects for record 30907535-0ae6-4c45-a1e5-5be58f17aa62
[2024-10-22 08:38:17] WARNING: Could not find R2 objects for record 7c5ab600-2563-4f18-9532-3a10519a7a57
[2024-10-22 08:38:17] WARNING: Could not find R2 objects for record 0f6a0e37-dd82-4e21-a6e9-26f74ce9f7cf
[2024-10-22 08:38:17] WARNING: Could not find R2 objects for record 26149187-fb82-4b42-ab61-3bf7b16fc44c
[2024-10-22 08:38:17] WARNING: Could not find R2 objects for record c2970dce-ee16-4526-87d2-84c7930a1ca7
[2024-10-22 08:38:17] WARNING: Could not find R2 objects for record c60277b7-8437-452b-93e6-f8271031f433
[2024-10-22 08:38:17] WARNING: Could not find R2 objects for record 19e8dd2e-140c-40a5-977e-718c685d2c8a
[2024-10-22 08:38:17] WARNING: Could not find R2 objects for record d1b6bda4-bcf5-46cf-9caf-f7a073913e04
[2024-10-22 08:38:17] WARNING: Could not find R2 objects for record 185ae8fe-ea67-457d-8590-96585025a7f0
[2024-10-22 08:38:17] WARNING: Could not find R2 objects for record 7eebe8f8-a86b-4119-a19f-fd0c622d3c59
[2024-10-22 08:38:17] WARNING: Could not find R2 objects for record 9e751257-bb87-4fa4-8894-132dc18af750
[2024-10-22 08:38:17] WARNING: Could not find R2 objects for record 7dd4e311-bc1a-4bac-a1b5-dd4412c0ad0a
[2024-10-22 08:38:17] WARNING: Could not find R2 objects for record ddbbd2a1-934e-4cbc-a658-5c472aa3121a
[2024-10-22 08:38:17] WARNING: Could not find R2 objects for record b564f95f-bc1f-4d1a-a62e-d23ee7d1abc7
[2024-10-22 08:38:17] WARNING: Could not find R2 objects for record ace8d0df-cce7-4ca2-8370-65b9a41c2fc6
[2024-10-22 08:38:17] WARNING: Could not find R2 objects for record ea651a7a-e89c-45b1-a9c8-454ddedf5eb8
[2024-10-22 08:38:17] WARNING: Could not find R2 objects for record 7869d609-d0e3-46ac-9b46-8ac8e2f04ae6
[2024-10-22 08:38:17] WARNING: Could not find R2 objects for record 35563e8e-9ae6-4bf4-9042-1693a6ed5b16
[2024-10-22 08:38:17] WARNING: Could not find R2 objects for record dc435e1b-3b3f-4afc-880e-54d8c3f043a2
[2024-10-22 08:38:17] WARNING: Could not find R2 objects for record 97c822a3-f93e-4888-88cb-ce4685144954
[2024-10-22 08:38:17] WARNING: Could not find R2 objects for record e7a66c6c-76cb-455c-8876-6d1cd73b3af5
[2024-10-22 08:38:17] WARNING: Could not find R2 objects for record c7d41bbe-c2a2-4eca-9c3f-6857f88eefb8
[2024-10-22 08:38:17] WARNING: Could not find R2 objects for record 70af658f-3358-455c-87f7-98e5f553dd8d
[2024-10-22 08:38:17] WARNING: Could not find R2 objects for record 9b8b4c3d-482f-427b-b53a-7c6f39713b37
[2024-10-22 08:38:17] WARNING: Could not find R2 objects for record 5e7341a0-0652-4f39-938d-250801c223d7
[2024-10-22 08:38:17] WARNING: Could not find R2 objects for record 3de3ed35-8095-4454-9a01-191e8dc789f0
[2024-10-22 08:38:17] WARNING: Could not find R2 objects for record bc45cae0-17ef-41a5-b084-da2dce38371a
[2024-10-22 08:38:17] WARNING: Could not find R2 objects for record 69db0a9f-cf5d-4523-be66-f22f1bfd6dba
[2024-10-22 08:38:17] WARNING: Could not find R2 objects for record 54b23d43-adf4-4f79-b5a5-3929cb7ac615
[2024-10-22 08:38:17] WARNING: Could not find R2 objects for record f94b701a-aee2-45ea-9095-71fd1de66c8f
[2024-10-22 08:38:17] WARNING: Could not find R2 objects for record 0847aed3-6e7f-45f0-9b62-4db4c7f60dca
[2024-10-22 08:38:17] WARNING: Could not find R2 objects for record 9d0386a0-ea19-4e2d-8bb2-14f6bf5641aa
[2024-10-22 08:38:17] WARNING: Could not find R2 objects for record 1b9367cf-1fbb-4660-8b4d-ee139f34bf25
[2024-10-22 08:38:17] WARNING: Could not find R2 objects for record fdfa2b29-9f90-45c9-99ec-dd8734a23386
[2024-10-22 08:38:17] WARNING: Could not find R2 objects for record af87316d-917e-444e-8747-d6884ad34964
[2024-10-22 08:38:17] WARNING: Could not find R2 objects for record c00855ac-514f-49cf-a84b-73fc51872e47
[2024-10-22 08:38:17] WARNING: Could not find R2 objects for record c21b2326-e4fa-47be-8daa-74ec244d5845
[2024-10-22 08:38:17] WARNING: Could not find R2 objects for record c1c3dc62-8339-4906-ad63-1197860600dd
[2024-10-22 08:38:17] WARNING: Could not find R2 objects for record 98226896-7f1f-4290-87d5-03c07e68709f
[2024-10-22 08:38:17] WARNING: Could not find R2 objects for record a56db23a-0fe6-4ecd-a17f-48907108cd65
[2024-10-22 08:38:17] WARNING: Could not find R2 objects for record 95bda415-9d3f-4893-a676-814b8f625190
[2024-10-22 08:38:17] WARNING: Could not find R2 objects for record 2e36a4d0-a774-416b-b38a-b36bdc138510
[2024-10-22 08:38:17] WARNING: Could not find R2 objects for record b6e01d0b-99c9-43f0-948e-18aab1e26f6d
[2024-10-22 08:38:17] WARNING: Could not find R2 objects for record 0bfc32b4-6f3c-40d6-bf69-99a954839277
[2024-10-22 08:38:17] WARNING: Could not find R2 objects for record 12fefaf1-09d6-46f7-8f14-43b9ad496260
[2024-10-22 08:38:17] WARNING: Could not find R2 objects for record cd5d8986-d8f1-472b-9bc0-2a45ff952224
[2024-10-22 08:38:17] WARNING: Could not find R2 objects for record dae28bbc-17b4-4572-aa5b-61430485daa0
[2024-10-22 08:38:17] WARNING: Could not find R2 objects for record b97f92ad-5f0b-464b-b09a-5e317db9d2b9
[2024-10-22 08:38:17] WARNING: Could not find R2 objects for record 502e452d-8265-4e9c-8722-c0dfa6d4f901
[2024-10-22 08:38:17] WARNING: Could not find R2 objects for record bd417a6f-ba9e-42b9-834f-f554752bec63
[2024-10-22 08:38:17] WARNING: Could not find R2 objects for record 8f406cc4-e3ac-455e-854c-a72ae70d7d6e
[2024-10-22 08:38:17] WARNING: Could not find R2 objects for record 875f3bf1-5cc0-4511-ab19-a35821b605c9
[2024-10-22 08:38:17] WARNING: Could not find R2 objects for record 51f2c2c0-b734-4cdd-a2b4-574487b6618b
[2024-10-22 08:38:17] WARNING: Could not find R2 objects for record 8eacfc37-0ee1-409d-ac6b-0668fbe595de
[2024-10-22 08:38:17] WARNING: Could not find R2 objects for record 240f7dba-564c-4748-b9e8-4a65e5169e79
[2024-10-22 08:38:17] WARNING: Could not find R2 objects for record acb36d5f-1553-4efc-8052-ca9986981014
[2024-10-22 08:38:17] WARNING: Could not find R2 objects for record 0fc7ae33-e701-43d0-a658-e68a40afd1ff
[2024-10-22 08:38:17] WARNING: Could not find R2 objects for record 549375c6-d3a4-4cdf-bba5-9287e77bf615
[2024-10-22 08:38:17] WARNING: Could not find R2 objects for record fde2ae9c-173e-4bdc-bd3c-e47fb54c88ac
[2024-10-22 08:38:17] WARNING: Could not find R2 objects for record 38eb1170-b528-452f-8217-5afa52e2efb8
[2024-10-22 08:38:17] WARNING: Could not find R2 objects for record 9bd46ff2-9db8-49f4-8d1a-a0c1dbf127fb
[2024-10-22 08:38:17] WARNING: Could not find R2 objects for record f6eb93b6-f3f7-4aaf-8b65-c1e6088bd16b
[2024-10-22 08:38:17] WARNING: Could not find R2 objects for record b3b8d8b0-36df-4ec5-9b7e-82a61e155adb
[2024-10-22 08:38:17] WARNING: Could not find R2 objects for record ccd48d14-ad42-4cae-9cf8-9c92844ab1c4
[2024-10-22 08:38:17] WARNING: Could not find R2 objects for record 458e3e6c-3dc7-4a7d-8641-53fc01a7ebc8
[2024-10-22 08:38:17] WARNING: Could not find R2 objects for record 1f5cecfb-5509-4666-85ec-1c430bf2756c
[2024-10-22 08:38:17] WARNING: Could not find R2 objects for record 63e8f51e-18d3-4397-afca-1a5a6c3382a9
[2024-10-22 08:38:17] WARNING: Could not find R2 objects for record 7c4b4468-d0ef-4f29-a8b2-2a01ff16ff1c
[2024-10-22 08:38:17] WARNING: Could not find R2 objects for record 444fdaed-10e1-4382-a721-6cc103c7d300
[2024-10-22 08:38:17] WARNING: Could not find R2 objects for record a1cb9317-9a8b-4500-b6fb-24ac58c52212
[2024-10-22 08:38:17] WARNING: Could not find R2 objects for record 46c444d9-97e9-4fd1-a02c-505f5b7fd1fc
[2024-10-22 08:38:17] WARNING: Could not find R2 objects for record c1f8b183-c8b3-49e7-891f-945dc7947a41
[2024-10-22 08:38:17] WARNING: Could not find R2 objects for record fb3ddd3b-46fb-4a28-aaa6-86f1da63d695
[2024-10-22 08:38:17] WARNING: Could not find R2 objects for record 311e4a0c-598c-4510-a1b2-e75f873a8a14
[2024-10-22 08:38:17] WARNING: Could not find R2 objects for record 7aa7a76f-299a-43ab-a033-46ccd4cb9c3c
[2024-10-22 08:38:17] WARNING: Could not find R2 objects for record e2a48b88-63b4-446f-a49b-1ab464e3b166
[2024-10-22 08:38:17] WARNING: Could not find R2 objects for record 17dc0a6f-dc05-4a86-aea7-c5d84b647230
[2024-10-22 08:38:17] WARNING: Could not find R2 objects for record 677cdc8d-698f-48a9-92e4-6eb4deb2ec75
[2024-10-22 08:38:17] WARNING: Could not find R2 objects for record 3f4bd194-cdb7-424a-be83-8834fd8cfc3b
[2024-10-22 08:38:17] WARNING: Could not find R2 objects for record c79aa547-b3f8-433b-8dfd-dfaf594ec5da
[2024-10-22 08:38:17] WARNING: Could not find R2 objects for record e3954d38-49f3-44ac-9676-51eed45b966c
[2024-10-22 08:38:17] WARNING: Could not find R2 objects for record 207be1f4-a4a1-40a4-b090-9ef36e0d1a84
[2024-10-22 08:38:17] WARNING: Could not find R2 objects for record 7d10ea15-d1a0-4ef6-b6f8-a65c55a12fa1
[2024-10-22 08:38:17] WARNING: Could not find R2 objects for record 37ceb41a-6ce6-4ff1-a6bb-1fa27ce872ed
[2024-10-22 08:38:17] WARNING: Could not find R2 objects for record e1b7371b-dd30-4d2d-908d-963cc83af7ca
[2024-10-22 08:38:17] WARNING: Could not find R2 objects for record 2b030f4f-5ae2-48fc-8aa9-f19c45db19ae
[2024-10-22 08:38:17] WARNING: Could not find R2 objects for record a63e6891-f102-4e7c-9c10-aafe817bcc15
[2024-10-22 08:38:17] WARNING: Could not find R2 objects for record 443eae75-caca-41d9-b5b3-a829bedd7a4b
[2024-10-22 08:38:17] WARNING: Could not find R2 objects for record 39fa06ca-aa68-45c8-895a-892cdfb6acca
[2024-10-22 08:38:17] WARNING: Could not find R2 objects for record a8904278-a967-4426-94b1-35c8656a8879
[2024-10-22 08:38:17] WARNING: Could not find R2 objects for record 6ce33783-08e4-4725-83af-cd62b96fe740
[2024-10-22 08:38:17] WARNING: Could not find R2 objects for record 39c17920-5ac6-439e-bb96-e0a33bbb7930
[2024-10-22 08:38:17] WARNING: Could not find R2 objects for record d6448673-d61d-4066-866a-039ffb81d876
[2024-10-22 08:38:17] WARNING: Could not find R2 objects for record 000983db-95fe-489c-b1d7-38f8d2d3d793
[2024-10-22 08:38:17] WARNING: Could not find R2 objects for record afa87360-ee26-434e-b8c0-166e1b1b2dec
[2024-10-22 08:38:17] WARNING: Could not find R2 objects for record a77b72fd-95f3-413a-ab95-baf831284bfc
[2024-10-22 08:38:17] WARNING: Could not find R2 objects for record 3ee8caac-fe9f-47a1-8136-dfb336ec8c75
[2024-10-22 08:38:17] WARNING: Could not find R2 objects for record c447e8b1-9da6-4391-8bc5-7ba8bb7c717f
[2024-10-22 08:38:17] WARNING: Could not find R2 objects for record 1742b913-aa32-4da1-b5e9-1bec3ca6ccb8
[2024-10-22 08:38:17] WARNING: Could not find R2 objects for record 52552b25-4487-4076-acbe-d77fc6803b53
[2024-10-22 08:38:17] WARNING: Could not find R2 objects for record d19d0ce6-8e48-40b9-a603-809997e94b67
[2024-10-22 08:38:17] WARNING: Could not find R2 objects for record f467ec72-c24e-42cd-9ccd-f5f0091a4b66
[2024-10-22 08:38:17] WARNING: Could not find R2 objects for record 0dfa4d78-e76f-4874-9868-2032df90ddf6
[2024-10-22 08:38:17] WARNING: Could not find R2 objects for record d15ae3ec-0ff6-4f1a-b46a-a80766a07e89
[2024-10-22 08:38:17] WARNING: Could not find R2 objects for record 33605da3-5598-4b00-afee-cab711dab17c
[2024-10-22 08:38:17] WARNING: Could not find R2 objects for record 3eba231b-8cc7-4af0-b008-dbf8ef1b06e7
[2024-10-22 08:38:17] WARNING: Could not find R2 objects for record be28cf97-5aa6-4b36-aabf-46ef45e1d069
[2024-10-22 08:38:17] WARNING: Could not find R2 objects for record 85566320-8cba-412f-a8cb-bf8eac0ddf84
[2024-10-22 08:38:17] WARNING: Could not find R2 objects for record 75db9d5e-9e2e-42eb-84d7-43c0c344155a
[2024-10-22 08:38:17] WARNING: Could not find R2 objects for record 30d714d3-ccd0-4d60-aee0-c23971726d47
[2024-10-22 08:38:17] WARNING: Could not find R2 objects for record 5d15b870-1134-4fb7-bde7-e73bf6c87893
[2024-10-22 08:38:17] WARNING: Could not find R2 objects for record dc819c4f-7583-4367-872c-539357087145
[2024-10-22 08:38:17] WARNING: Could not find R2 objects for record 55e94286-2c31-46aa-90a3-134e74a91a58
[2024-10-22 08:38:17] WARNING: Could not find R2 objects for record 224333cf-1536-43f2-bc6c-24ac0d0f0f97
[2024-10-22 08:38:17] WARNING: Could not find R2 objects for record 7912fbc6-a393-428c-86ff-5b30cb753516
[2024-10-22 08:38:17] WARNING: Could not find R2 objects for record 69ccc418-f3c6-46b4-8eff-033cde2237db
[2024-10-22 08:38:17] WARNING: Could not find R2 objects for record 1eb4aead-bd63-40d9-9f3d-f81e7151c668
[2024-10-22 08:38:17] WARNING: Could not find R2 objects for record 01bde188-7c8a-462f-bc93-84056262a5b5
[2024-10-22 08:38:17] WARNING: Could not find R2 objects for record 9154860e-fe23-4946-8b95-070a4a09df6a
[2024-10-22 08:38:17] WARNING: Could not find R2 objects for record 1bb778ec-7515-4832-bc04-0da017aae3c5
[2024-10-22 08:38:17] WARNING: Could not find R2 objects for record fc0c2f9f-433a-4089-8ae6-90243e87c5a3
[2024-10-22 08:38:17] WARNING: Could not find R2 objects for record 4b32070d-c6e3-4aa4-9a8f-89f45f7ac019
[2024-10-22 08:38:17] WARNING: Could not find R2 objects for record b9e460dc-2c6e-4973-b105-5725d13ea482
[2024-10-22 08:38:17] WARNING: Could not find R2 objects for record 3d6ae09c-b18e-41b4-a258-cf9438b90e18
[2024-10-22 08:38:17] WARNING: Could not find R2 objects for record d11c6e3d-2250-443b-bbab-7da7e3d34ffd
[2024-10-22 08:38:17] WARNING: Could not find R2 objects for record 5e16414a-9788-4995-9fed-e6d7bd852a39
[2024-10-22 08:38:17] WARNING: Could not find R2 objects for record 509b751f-1620-4285-ad97-6a6259b068c1
[2024-10-22 08:38:17] WARNING: Could not find R2 objects for record 1504428a-821b-417c-811b-07d38ad974d7
[2024-10-22 08:38:17] WARNING: Could not find R2 objects for record d544ba5a-f346-46f3-9251-b3fc3558e693
[2024-10-22 08:38:17] WARNING: Could not find R2 objects for record 34c8f319-bf2b-4938-ac44-216007d1a3f5
[2024-10-22 08:38:17] WARNING: Could not find R2 objects for record 491d086e-3f7b-41cd-99b6-91e80b1a81f8
[2024-10-22 08:38:17] WARNING: Could not find R2 objects for record b48b11de-7f8f-41ed-a12b-0cb7138e0e95
[2024-10-22 08:38:17] WARNING: Could not find R2 objects for record 452fd6b6-fc6b-4f53-b49e-a1c89fdb20f4
[2024-10-22 08:38:17] WARNING: Could not find R2 objects for record 1c04f009-69e5-4b71-9e73-bd6d0dcf7397
[2024-10-22 08:38:17] WARNING: Could not find R2 objects for record 1770d403-a25c-4b67-89de-68907e154b93
[2024-10-22 08:38:17] WARNING: Could not find R2 objects for record 58878d42-aa5d-4f2b-ac57-8c63a6363e1c
[2024-10-22 08:38:17] WARNING: Could not find R2 objects for record b34ed501-a906-493a-be08-f56b4bdc9956
[2024-10-22 08:38:17] WARNING: Could not find R2 objects for record 71ff10e6-3042-41e9-883b-52584a9eabb8
[2024-10-22 08:38:17] WARNING: Could not find R2 objects for record 99cdb7d8-88d9-4698-9d6e-c2ff02e54c49
[2024-10-22 08:38:17] WARNING: Could not find R2 objects for record 1473f705-35d3-40cb-be2d-3ffdc935ee8b
[2024-10-22 08:38:17] WARNING: Could not find R2 objects for record 94213fe7-aab7-4038-9b88-87db0f38a434
[2024-10-22 08:38:17] WARNING: Could not find R2 objects for record f0ec2465-5695-4ecd-a641-febb3d95e179
[2024-10-22 08:38:17] WARNING: Could not find R2 objects for record 9d02f3d7-327b-4db4-a82d-345ef729189d
[2024-10-22 08:38:17] WARNING: Could not find R2 objects for record 48dbed25-4d10-46b6-8ca4-b83c3bebcaa1
[2024-10-22 08:38:17] WARNING: Could not find R2 objects for record 9492d997-c39c-4708-bcc8-606a5dccef04
[2024-10-22 08:38:17] WARNING: Could not find R2 objects for record fe0579db-8721-4e25-8ad7-1b90892962e8
[2024-10-22 08:38:17] WARNING: Could not find R2 objects for record 3b8adabd-3b2a-4d51-8737-53a2914d0308
[2024-10-22 08:38:17] WARNING: Could not find R2 objects for record 3f018cab-6600-4bdf-81fe-91aabb6ceea0
[2024-10-22 08:38:17] WARNING: Could not find R2 objects for record 89c6d75d-21e3-46cd-9adb-5674f5b2a75b
[2024-10-22 08:38:17] WARNING: Could not find R2 objects for record 36375ad6-c005-43d7-9610-c9d4e4d8c235
[2024-10-22 08:38:17] WARNING: Could not find R2 objects for record a5a085ba-e71f-454b-9941-5c1bc2e857f4
[2024-10-22 08:38:17] WARNING: Could not find R2 objects for record 89e071fd-6bf0-4f4e-879a-fd9334744eda
[2024-10-22 08:38:17] WARNING: Could not find R2 objects for record 734e5724-ed48-4ab9-a0ae-c476ef75fd99
[2024-10-22 08:38:17] WARNING: Could not find R2 objects for record 1687374e-0159-4399-a6ad-84b554c1bc8c
[2024-10-22 08:38:17] WARNING: Could not find R2 objects for record 6571d5d7-23a1-4dde-9a6d-0837f3218bd3
[2024-10-22 08:38:17] WARNING: Could not find R2 objects for record 9f65eafc-b4b5-4731-a8f8-98cbb9fc2c23
[2024-10-22 08:38:17] WARNING: Could not find R2 objects for record b448b002-061e-4b93-8389-f5af4ad2cc69
[2024-10-22 08:38:17] WARNING: Could not find R2 objects for record 9e8c226c-d37e-46de-bd8a-2503b707003c
[2024-10-22 08:38:17] WARNING: Could not find R2 objects for record e06dac63-ddfe-4095-81d3-916b1f5688e6
[2024-10-22 08:38:17] WARNING: Could not find R2 objects for record 330f52cf-4f2f-44b5-ad2d-dbd0374e84b5
[2024-10-22 08:38:17] WARNING: Could not find R2 objects for record 94a6296f-f792-43ca-9f5e-894b492340f1
[2024-10-22 08:38:17] WARNING: Could not find R2 objects for record f095a9ad-92e3-4204-89e2-141d0378b32e
[2024-10-22 08:38:17] WARNING: Could not find R2 objects for record 52e15e8b-ff68-4d29-8d8c-db9baa24cd80
[2024-10-22 08:38:17] WARNING: Could not find R2 objects for record 57cefd6c-1030-4199-b1dc-03229dc52a89
[2024-10-22 08:38:17] WARNING: Could not find R2 objects for record 822c6924-a75b-41ab-816a-22e92d6cd225
[2024-10-22 08:38:17] WARNING: Could not find R2 objects for record 7abc8add-c6e8-479a-a140-b78715b021bd
[2024-10-22 08:38:17] WARNING: Could not find R2 objects for record 3ea77093-4fec-4dbe-8bfd-d31177dce91c
[2024-10-22 08:38:17] WARNING: Could not find R2 objects for record 755d21ee-f7ea-4938-8776-d80b72ad0f69
[2024-10-22 08:38:17] WARNING: Could not find R2 objects for record faa86660-c2a5-4ab8-9682-eea431502da1
[2024-10-22 08:38:17] WARNING: Could not find R2 objects for record 71cec68b-0c81-47c1-b314-de7eb54c40e6
[2024-10-22 08:38:17] WARNING: Could not find R2 objects for record 772ae42a-101c-4be1-9f03-b1f0bffe51a8
[2024-10-22 08:38:17] WARNING: Could not find R2 objects for record a2b1e3cd-91de-417b-a5ae-848a73fbb0b3
[2024-10-22 08:38:17] WARNING: Could not find R2 objects for record d53de1f1-5937-4235-b9d5-faaf9925e7c1
[2024-10-22 08:38:17] WARNING: Could not find R2 objects for record fbc862ca-9d81-4499-9baa-c34d6f8f502b
[2024-10-22 08:38:17] WARNING: Could not find R2 objects for record aa0a7741-1f10-4ad4-a5b4-ecbfdf02301f
[2024-10-22 08:38:17] WARNING: Could not find R2 objects for record d8d39c89-f80e-4530-93cd-3c271419eb41
[2024-10-22 08:38:17] WARNING: Could not find R2 objects for record 34c282e4-77d6-4273-ae5a-b4d55b2b66a7
[2024-10-22 08:38:17] WARNING: Could not find R2 objects for record 65a61d28-93a8-470a-93f3-4005cfbfd420
[2024-10-22 08:38:17] WARNING: Could not find R2 objects for record 551ae4c3-4bab-439e-a65b-236e09926836
[2024-10-22 08:38:17] WARNING: Could not find R2 objects for record 7d5809a5-14e9-4920-9777-c2197a479b58
[2024-10-22 08:38:17] WARNING: Could not find R2 objects for record 7e764a85-231e-4e6e-8a5d-903ca92dd4db
[2024-10-22 08:38:17] WARNING: Could not find R2 objects for record 181e857a-81a2-45ee-af82-a22be2ebd637
[2024-10-22 08:38:17] WARNING: Could not find R2 objects for record 54162228-e7c1-4d85-9993-30ce89ba7c70
[2024-10-22 08:38:17] WARNING: Could not find R2 objects for record 9f20cb8a-1162-4aa4-86e0-feb764dd2297
[2024-10-22 08:38:17] WARNING: Could not find R2 objects for record 0b27cdf2-6397-42ae-9622-3ce0148f38af
[2024-10-22 08:38:17] WARNING: Could not find R2 objects for record a822cdde-0c43-4516-a69d-a12a00133d84
[2024-10-22 08:38:17] WARNING: Could not find R2 objects for record 3e47194f-9186-4bb8-8b23-1a7e14f8dd79
[2024-10-22 08:38:17] WARNING: Could not find R2 objects for record b178818b-03a1-4939-b3db-0c0dfbf08524
[2024-10-22 08:38:17] WARNING: Could not find R2 objects for record d2941a17-9540-4e5f-8671-3d6860406a7f
[2024-10-22 08:38:17] WARNING: Could not find R2 objects for record b50849ca-8e42-4d51-b245-78e46617fd2d
[2024-10-22 08:38:17] WARNING: Could not find R2 objects for record 4b2c7965-2d76-4723-8acf-8ad5ee7d12fa
[2024-10-22 08:38:17] WARNING: Could not find R2 objects for record a9e90119-241b-44ce-997b-bb6c9ff4e29a
[2024-10-22 08:38:17] WARNING: Could not find R2 objects for record e4341afa-6225-4473-910c-e177ac12f4c5
[2024-10-22 08:38:17] WARNING: Could not find R2 objects for record 1da79202-a328-4fd8-bf88-ee0b7aa38e11
[2024-10-22 08:38:17] WARNING: Could not find R2 objects for record 614634d2-8de4-4514-843b-8296db3a0a11
[2024-10-22 08:38:17] WARNING: Could not find R2 objects for record 47a9c308-b30f-4012-8833-cad4a5e1ea74
[2024-10-22 08:38:17] WARNING: Could not find R2 objects for record a4afea76-4157-4bd5-9330-afb0894fdf5a
[2024-10-22 08:38:17] WARNING: Could not find R2 objects for record 43193b8d-6123-48fb-885f-320375a3f1d8
[2024-10-22 08:38:17] WARNING: Could not find R2 objects for record afd21b3c-7f1a-4f96-8fc4-bea0ba0bc3a3
[2024-10-22 08:38:17] WARNING: Could not find R2 objects for record b3b6a425-86d0-4a43-b699-2e994e1a437b
[2024-10-22 08:38:17] WARNING: Could not find R2 objects for record befab6d9-769a-4e3b-8df3-88f27fd85a95
[2024-10-22 08:38:17] WARNING: Could not find R2 objects for record d8afa92f-dec4-40c5-a154-ccb9e1c582f8
[2024-10-22 08:38:17] WARNING: Could not find R2 objects for record e2151c49-c433-4381-8319-89c56965c242
[2024-10-22 08:38:17] WARNING: Could not find R2 objects for record f1951bd0-5a14-47da-9f0a-b5375152a319
[2024-10-22 08:38:17] WARNING: Could not find R2 objects for record 8816aa96-42b6-4b32-926c-d80e94bf1467
[2024-10-22 08:38:17] WARNING: Could not find R2 objects for record b86051a3-644e-464e-9ce6-4d421cac1d3d
[2024-10-22 08:38:17] WARNING: Could not find R2 objects for record 37001b2e-757d-4011-b9ee-e61a07a6b980
[2024-10-22 08:38:17] WARNING: Could not find R2 objects for record 1e5166df-20d9-45e7-b296-bb36c1d69eb7
[2024-10-22 08:38:17] WARNING: Could not find R2 objects for record 02f4fc4a-d1d7-46e2-a182-d9f4683ce42d
[2024-10-22 08:38:17] WARNING: Could not find R2 objects for record 0bc9e164-1ba7-4d66-ad1c-2f7b59c76057
[2024-10-22 08:38:17] WARNING: Could not find R2 objects for record b9f832de-fa3f-4a39-a6fc-94cf8d7e298a
[2024-10-22 08:38:17] WARNING: Could not find R2 objects for record 732ed88d-82c0-4012-9bcc-80d794c60ceb
[2024-10-22 08:38:17] WARNING: Could not find R2 objects for record 5a57b332-e0cb-4e3f-890c-4d7e71a62047
[2024-10-22 08:38:17] WARNING: Could not find R2 objects for record 8814f5ee-b327-4d82-bf80-05429bdd41d8
[2024-10-22 08:38:17] INFO: Finished updating R2 paths. Updated: 0, Not found: 1000
[2024-10-22 08:38:17] INFO: R2 path update process completed
