sector,link,Ministry/Organization Name,id
"Finance, Banking & Insurance",https://nhb.org.in,National Housing Bank (NHB),0
"Finance, Banking & Insurance",https://notary.gov.in,Notary Portal,1
"Finance, Banking & Insurance",https://www.gicre.in,General Insurance Corporation of India (GIC),2
"Finance, Banking & Insurance",https://odishatax.gov.in,"Commissionerate of CT and GST, Odisha",3
"Finance, Banking & Insurance",https://incometaxgujarat.gov.in,"Income Tax Department, Gujarat Region",5
"Finance, Banking & Insurance",https://www.fingate.gov.in,FINGate 2.0,6
"Finance, Banking & Insurance",https://www.icegate.gov.in,ICEGATE-Indian Customs National Trade Portal,7
"Finance, Banking & Insurance",https://goabudget.gov.in,"Goa Budget, Department of Finance, Goa",8
"Finance, Banking & Insurance",https://www.mahakosh.gov.in,"Integrated Financial Management System (IFMS) - Mahakosh, Maharashtra",9
"Finance, Banking & Insurance",https://www.ifciltd.com,Industrial Finance Corporation of India (IFCI),10
"Finance, Banking & Insurance",https://www.pppinindia.gov.in,Public Private Partnerships in India (PPP),11
"Finance, Banking & Insurance",https://pt.kar.nic.in,"e - PRERANA, Professional Tax e-Filing System, Karnataka",12
"Finance, Banking & Insurance",https://tntenders.gov.in,"eProcurement System, Tamil Nadu",13
"Finance, Banking & Insurance",https://www.ashtalakshmimahotsav.com,Ashtalakshmi Mahotsav,14
"Finance, Banking & Insurance",https://gstkarnataka.gov.in,"Principal Chief Commissioner of Central Tax, Bengaluru Zone Karnataka",15
"Finance, Banking & Insurance",https://pensionersportal.gov.in/anubhav,Anubhav Portal,16
"Finance, Banking & Insurance",https://mmscmsguy.assam.gov.in,"Chief Minister Samagra Gramya Unnayan Yojana,  Assam",17
"Finance, Banking & Insurance",https://mahatenders.gov.in,"eProcurement System, Maharashtra",18
"Finance, Banking & Insurance",https://mahagst.gov.in,"Goods and Services Tax Department, Maharashtra",19
"Finance, Banking & Insurance",https://taxes.tripura.gov.in,"Commissionerate of Taxes and Excise, Tripura",20
"Finance, Banking & Insurance",https://ceib.gov.in,Central Economic Intelligence Bureau (CEIB),21
"Finance, Banking & Insurance",https://cgstkolkata.gov.in,"Central Goods and Services Tax Zone (CGST), Kolkata",22
"Finance, Banking & Insurance",https://ahmedabadcustoms.gov.in,Ahmedabad Customs,23
"Finance, Banking & Insurance",https://cag.gov.in/icisa/en,International Centre for Information Systems and Audit (iCISA),24
"Finance, Banking & Insurance",https://spfo.gov.in,Seamens Provident Fund Organisation,25
"Finance, Banking & Insurance",https://ifsl.mizoram.gov.in,"Institutional Finance and State Lottery, Mizoram",27
"Finance, Banking & Insurance",https://www.irdai.gov.in,Insurance Regulatory and Development Authority (IRDA),28
"Finance, Banking & Insurance",https://upexciseelottery.upsdc.gov.in,"UP Excise E-Lottery Portal, Uttar Pradesh",29
"Finance, Banking & Insurance",https://gstindore.gov.in,"Customs, Central Excise and Service Tax Commissionerate, Indore",31
"Finance, Banking & Insurance",https://cexraipur.gov.in,"Central Excise and Customs, Commissionerate, Raipur",32
"Finance, Banking & Insurance",https://caaa.gov.in,"Aid Accounts and Audit Division, New Delhi",33
"Finance, Banking & Insurance",https://dpe.gov.in,Department of Public Enterprises,34
"Finance, Banking & Insurance",https://subhadra.odisha.gov.in,"SUBHADRA Yojana, Odisha",35
"Finance, Banking & Insurance",https://jkfcr.nic.in,"Financial Commissioner Revenue, Jammu and Kashmir",36
"Finance, Banking & Insurance",https://finance.jharkhand.gov.in/jegras,"e-GRAS Online Government Receipts Accounting System, Jharkhand",37
"Finance, Banking & Insurance",https://bharatkosh.gov.in,"Non-Tax Receipt Portal (NTRP), Controller General of Accounts",39
"Finance, Banking & Insurance",https://tender.apeprocurement.gov.in,"ap-eProcurement, eGP Portal - Tenders, Andhra Pradesh",40
"Finance, Banking & Insurance",https://www.tnhorticulture.tn.gov.in,"Horticulture and Plantation Crops Department, Tamil Nadu",41
"Finance, Banking & Insurance",https://www.nedfi.com,"North Eastern Development Finance Corporation (NEDFI), Guwahati",43
"Finance, Banking & Insurance",https://gujecostat.gujarat.gov.in,"Directorate of Economics and Statistics, Gujarat",44
"Finance, Banking & Insurance",https://comtax.cg.nic.in,"Commercial Tax and Excise Department Department, Chhattisgarh",45
"Finance, Banking & Insurance",https://etenders.hry.nic.in,"eProcurement System, Haryana",47
"Finance, Banking & Insurance",https://finance.delhi.gov.in,"Finance Department, Delhi",48
"Finance, Banking & Insurance",https://amritsarcustoms.gov.in,"Customs Commissionerate Preventive, Amritsar",49
"Finance, Banking & Insurance",https://gstdelhizone.gov.in/south/index-south.php,"Goods and Services Tax Commissionerate (GST), Delhi South",50
"Finance, Banking & Insurance",https://msrtc.maharashtra.gov.in,"Maharashtra State Road Transport Corporation, Maharashtra",51
"Finance, Banking & Insurance",https://www.lichousing.com,LIC Housing Finance Limited,52
"Finance, Banking & Insurance",https://www.incometax.gov.in/iec/foportal,Income Tax e - Filing,53
"Finance, Banking & Insurance",https://gstmumbai.gov.in,"Goods and Service Tax and Central Excise Commissionerate (GST), Mumbai Zone",54
"Finance, Banking & Insurance",https://giftgujarat.in,"Gujarat International Finance Tec-City Company Limited (GIFT), Gujarat",55
"Finance, Banking & Insurance",https://manipurvat.gov.in,"Taxes Department, Manipur",56
"Finance, Banking & Insurance",https://nhfdc.nic.in,National Handicapped Finance and Development Corporation (NHFDC),57
"Finance, Banking & Insurance",https://dbt.lsgkerala.gov.in,"SevanaPension Direct To Home Module, Kerala",58
"Finance, Banking & Insurance",https://lad.hp.gov.in,"Himachal Pradesh State Audit Department, Himachal Pradesh",59
"Finance, Banking & Insurance",https://paogref.nic.in,"Pay Accounts Office (GREF-Dighi Camp), Pune",60
"Finance, Banking & Insurance",https://www.pfrda.org.in,Pension Fund Regulatory and Development Authority (PFRDA),61
"Finance, Banking & Insurance",https://ppptg.cgg.gov.in,"Public Private Partnerships (PPP), Telangana, Andhra Pradesh",62
"Finance, Banking & Insurance",https://goaf.gov.in,Chief Controller of Factories,64
"Finance, Banking & Insurance",https://www.tn.gov.in/karuvoolam/whatsnew.html,"Treasuries and Accounts Department, Tamil Nadu",65
"Finance, Banking & Insurance",https://hptenders.gov.in,"eProcurement System, Himachal Pradesh",66
"Finance, Banking & Insurance",https://www.naa.gov.in,National Anti-profiteering Authority (NAA),67
"Finance, Banking & Insurance",https://crcl.gov.in,"Central Revenues Control Laboratory, CBEC",68
"Finance, Banking & Insurance",https://ctax.jharkhand.gov.in,"Department of Commercial Taxes, Jharkhand",69
"Finance, Banking & Insurance",https://khajane.karnataka.gov.in,"Department of Treasuries, Karnataka",70
"Finance, Banking & Insurance",https://tin.tin.nsdl.com/oltas,"OLTAS - Challan Status Inquiry, Income Tax Department",72
"Finance, Banking & Insurance",https://meggst.gov.in,"Taxation Department, Meghalaya",73
"Finance, Banking & Insurance",https://gepg.nic.in,Government of India e-Payment Gateway (GePG),74
"Finance, Banking & Insurance",https://cgstappealsjaipur.gov.in,"Office of The Commissioner (Appeals), CGST, Jaipur",75
"Finance, Banking & Insurance",https://nacin.gov.in,"National Academy of Customs, Indirect Taxes and Narcotics (NACIN), Faridabad",76
"Finance, Banking & Insurance",https://delhitradetax.delhi.gov.in,"Trade and Taxes Department, Delhi",77
"Finance, Banking & Insurance",https://www.ajnifm.ac.in,Arun Jaitley National Institute of Financial Management,78
"Finance, Banking & Insurance",https://orientalinsurance.org.in,Oriental Insurance Company Limited (OICL),79
"Finance, Banking & Insurance",https://cgstap.gov.in,"Chief Commissioner of Central GST and Customs, Visakhapatnam Zone",80
"Finance, Banking & Insurance",https://cestat.gov.in,Customs Excise and Service Tax Appellate Tribunal (CESTAT),81
"Finance, Banking & Insurance",https://dbt.bih.nic.in,"Direct Benefit Transfer (DBT), Bihar",82
"Finance, Banking & Insurance",https://www.jkdfc.org,Jammu and Kashmir Development Finance Corporation (JKDFC),83
"Finance, Banking & Insurance",https://www.protean-tinpan.com,Tax Information Network (TIN),84
"Finance, Banking & Insurance",https://www.indiagovtmint.in,Security Printing & Minting Corporation of India Ltd.,85
"Finance, Banking & Insurance",https://cenexgstvizag1.gov.in,"Central Excise, Customs and Service Tax Commissionerate, Visakhapatnam  I",86
"Finance, Banking & Insurance",https://finance.jharkhand.gov.in,"Finance Department, Jharkhand",87
"Finance, Banking & Insurance",https://apcob.org,"The Andhra Pradesh State Co-operative Bank Ltd., Andhra Pradesh",88
"Finance, Banking & Insurance",https://chitfund.delhi.gov.in,"Chit Fund Department, Delhi",89
"Finance, Banking & Insurance",https://settlementcommission-cest.gov.in,"Settlement Commission, Customs, Central Excise and Service Tax",90
"Finance, Banking & Insurance",https://cgstkanpur.gov.in,"Goods and Service Tax and Central Excise (GST), Kanpur",91
"Finance, Banking & Insurance",https://customspatna.gov.in,"Commissioner of Customs (Prevention), Patna, Bihar",92
"Finance, Banking & Insurance",https://www.skilldevelopment.gov.in,National Skill Development Fund/Trust,93
"Finance, Banking & Insurance",https://www.arunachalplan.gov.in,"Finance-Planning & Investment Department, Arunachal Pradesh",94
"Finance, Banking & Insurance",https://kpepf.lsgkerala.gov.in,"STHAPANA - KPEPF Kerala Panchayat Employees Provident Fund, Kerala",95
"Finance, Banking & Insurance",https://sat.gov.in,"Securities Appellate Tribunal, Mumbai",96
"Finance, Banking & Insurance",https://cexauditjaipur.gov.in,"Commissioner (Audit), Central Excise and Service Tax, Jaipur",97
"Finance, Banking & Insurance",https://excise.delhi.gov.in,"Excise, Entertainment & Luxury Tax Department, Delhi",98
"Finance, Banking & Insurance",https://www.commissionercustomslucknow.gov.in,"Commissioner Customs (Preventive), Lucknow",99
"Finance, Banking & Insurance",https://bankofmaharashtra.in,Bank of Maharashtra,100
"Finance, Banking & Insurance",https://cgsthyderabadzone.gov.in,"Goods and Services Tax (GST), Hyderabad Zone",101
"Finance, Banking & Insurance",https://egazette.bih.nic.in,"e-Gazette, Bihar",102
"Finance, Banking & Insurance",https://www.tnbudget.tn.gov.in,"Government Budget Text 2023-2024, Tamil Nadu",103
"Finance, Banking & Insurance",https://ccolkozone.gov.in,"Customs, Central Excise and Service Tax Zone, Lucknow",104
"Finance, Banking & Insurance",https://www.incometaxhyderabad.gov.in,"Income Tax Department, Andhra Pradesh and Telangana State",105
"Finance, Banking & Insurance",https://apct.gov.in,"Commercial Taxes Department, Andhra Pradesh",106
"Finance, Banking & Insurance",https://www.drt3chennai.tn.nic.in,"Debts Recovery Tribunal No 3, Chennai",108
"Finance, Banking & Insurance",https://www.cochincustoms.gov.in,Custom House (Cochin),109
"Finance, Banking & Insurance",https://trichy.gstchennai.gov.in,"Central Excise, Trichy",110
"Finance, Banking & Insurance",https://goaexcise.gov.in,"Excise Department, Goa",111
"Finance, Banking & Insurance",https://www.icai.org,Institute of Chartered Accountants of India (ICAI),112
"Finance, Banking & Insurance",https://cgstvadodarazone.gov.in,"Chief Commissioner - CGST & C.Ex, Vadodara Zone, Gujarat",113
"Finance, Banking & Insurance",https://cgstauditlko.gov.in,Central Goods and Services Tax Audit Lucknow,114
"Finance, Banking & Insurance",https://www.centralexcisechennai.gov.in,"Central Excise, Chennai",115
"Finance, Banking & Insurance",https://cga.gov.in,Controller General of Accounts (CGA),116
"Finance, Banking & Insurance",https://cgstujjain.gov.in,"Principal Commissioner Custom Central Excise and Central GST, Ujjain",117
"Finance, Banking & Insurance",https://rajasthancustoms.gov.in,"Customs Commissionarate (Preventive), Rajasthan",118
"Finance, Banking & Insurance",https://www.punecustoms.nic.in,Pune Customs,119
"Finance, Banking & Insurance",https://jiyoparsi.minorityaffairs.gov.in,Jiyo Parsi Scheme Portal,121
"Finance, Banking & Insurance",https://wbtenders.gov.in,"eProcurement System, West Bengal",122
"Finance, Banking & Insurance",https://coimbatoregst.gov.in,"Central GST Commissionerate, Coimbatore, Tamil Nadu",123
"Finance, Banking & Insurance",https://mahakosh.maharashtra.gov.in,"Directorate of Accounts and Treasuries, Maharashtra",124
"Finance, Banking & Insurance",https://www.npstrust.org.in,National Pension System and Trust,125
"Finance, Banking & Insurance",https://cbec-gst.gov.in,"Goods and Services Tax, Central Board of Excise and Customs (GST, CBEC)",126
"Finance, Banking & Insurance",https://www.drt2chennai.tn.nic.in,"Debts Recovery Tribunal No 2, Chennai",127
"Finance, Banking & Insurance",https://cexstshillong.gov.in,"Central Excise, Shillong",128
"Finance, Banking & Insurance",https://vat.goa.gov.in,"Commercial Taxes Department, Goa",129
"Finance, Banking & Insurance",https://www.newindia.co.in,New India Assurance Co. Ltd,130
"Finance, Banking & Insurance",https://pensionmanipur.nic.in,"Online Pension Payment System, Manipur",131
"Finance, Banking & Insurance",https://budget.up.nic.in,"Budget, Uttar Pradesh",132
"Finance, Banking & Insurance",https://www.jawaharcustoms.gov.in,Jawaharlal Nehru Custom House,133
"Finance, Banking & Insurance",https://swachhatahiseva.gov.in,Swachhata Hi Seva 2024,134
"Finance, Banking & Insurance",https://incometaxindia.gov.in/pages/about-us/central-board-of-direct-taxation.aspx,Central Board of Direct Taxes (CBDT),135
"Finance, Banking & Insurance",https://www.kolkatacustoms.gov.in,Kolkata Customs,136
"Finance, Banking & Insurance",https://nagalandtenders.gov.in,"eProcurement System, Nagaland",137
"Finance, Banking & Insurance",https://cgstranchi.gov.in/dhnbad_area.php,"Dhanbad Commissionerate, Central Excise and Service Tax",139
"Finance, Banking & Insurance",https://tnincometax.gov.in,"Income Tax Department, Tamil Nadu and Pudhucherry",140
"Finance, Banking & Insurance",https://gsfc.gujarat.gov.in,"Gujarat State Financial Corporation, Gujarat",141
"Finance, Banking & Insurance",https://incometaxrajasthan.gov.in,"Income Tax Department, Rajasthan",142
"Finance, Banking & Insurance",https://revenueappeals.gujarat.gov.in,"Special Secretary (Disputes), Gujarat",143
"Finance, Banking & Insurance",https://www.gstvdr2.gov.in,"Commissionerate of Central Excise and Customs, Vadodara - II",144
"Finance, Banking & Insurance",https://www.drat.tn.nic.in,"Debt Recovery Appellate Tribunal (DRAT), Chennai",145
"Finance, Banking & Insurance",https://cgstvdr1.gov.in,"Central GST & Central Excise Commissionerate, Vadodara-I, Gujarat",146
"Finance, Banking & Insurance",https://manipurtenders.gov.in,"eProcurement System, Manipur",148
"Finance, Banking & Insurance",https://naaa.nic.in,"National Academy of Audit and Accounts, Shimla, HP, India",149
"Finance, Banking & Insurance",https://web.merabill.gst.gov.in,Mera Bill Mera Adhikaar,150
"Finance, Banking & Insurance",https://gstdelhizone.gov.in,"Goods and Services Tax and Central Excise (GST), Delhi Zone",152
"Finance, Banking & Insurance",https://cenexbhavnagar.nic.in,"Central Board of Excise and Customs (CBEC), Bhavnagar",153
"Finance, Banking & Insurance",https://dghrdcbic.gov.in,Directorate General of Human Resource Development,154
"Finance, Banking & Insurance",https://einvoice1.gst.gov.in,e-Invoice System,155
"Finance, Banking & Insurance",https://cgsttirupati.gov.in,"Tirupati CGST Commissionerate, Andhra Pradesh",156
"Finance, Banking & Insurance",https://www.cgstranchi.gov.in,"Ranchi(II) Bokaro Commissionerate, Central Excise And Service Tax",157
"Finance, Banking & Insurance",https://www.drtmadurai.tn.nic.in,Debt Recovery Tribunal (Madurai),158
"Finance, Banking & Insurance",https://fiuindia.gov.in,Financial Intelligence Unit (FIU-IND),159
"Finance, Banking & Insurance",https://dta.rajasthan.gov.in,"Department of Treasuries & Accounts (DTA), Rajasthan",160
"Finance, Banking & Insurance",https://ifms.punjab.gov.in,"Next Gen Integrated Financial Management System - IFMS, Punjab",161
"Finance, Banking & Insurance",https://www.spmcil.com,Security Printing and Minting Corporation of India Limited (SPMCIL),162
"Finance, Banking & Insurance",https://www.prohibition-excise.gujarat.gov.in,"Narcotics and Excise Account, Gujarat",163
"Finance, Banking & Insurance",https://www.ndml.in,NSDL Database Management Limited (NDML),165
"Finance, Banking & Insurance",https://sbkosh.gov.in,Swachh Bharat Kosh (SBK),166
"Finance, Banking & Insurance",https://cgstujjain.gov.in/en,"CGST & Central Excise, Ujjain Commissionerate",168
"Finance, Banking & Insurance",https://www.jansamarth.in/home,JanSamarth-National Portal for Government Sponsored Schemes,169
"Finance, Banking & Insurance",https://gst.kar.nic.in,"Goods and Services Tax (GST), Commercial Taxes Department, Karnataka",170
"Finance, Banking & Insurance",https://www.sebi.gov.in,Securities and Exchange Board of India (SEBI),171
"Finance, Banking & Insurance",https://jkdat.nic.in,"Directorate General Of Accounts and Treasuries, Jammu and Kashmir",172
"Finance, Banking & Insurance",https://www.dgantiprofiteering.gov.in,"Directorate General of Anti-profiteering, Central Board of Indirect Taxes and Customs",173
"Finance, Banking & Insurance",https://wbprofessiontax.gov.in,"Profession Tax, West Bengal",174
"Finance, Banking & Insurance",https://beams.mahakosh.gov.in,"Budget Estimation, Allocation and Monitoring System (BEAMS), Maharashtra",176
"Finance, Banking & Insurance",https://dppf.gujarat.gov.in,"Directorate of Pension and Provident Fund, Gujarat",177
"Finance, Banking & Insurance",https://www.damancgst.gov.in,"Central GST and Central Excise Commissionerate, Daman",178
"Finance, Banking & Insurance",https://airportspecialcargo.gov.in,"Airport Special Cargo, Mumbai Customs Zone - III",180
"Finance, Banking & Insurance",https://www.aptemples.ap.gov.in,Andhra Pradesh Temples Portal,181
"Finance, Banking & Insurance",https://aeoindia.gov.in,"Authorised Economic Operator Programme, Indian Customs (AEO)",182
"Finance, Banking & Insurance",https://uiic.co.in,United India Insurance Company Limited,183
"Finance, Banking & Insurance",https://www.wbifms.gov.in,"Integrated Financial Management System - iFMS, West Bengal",184
"Finance, Banking & Insurance",https://cenexcisekochi.gov.in,"Central Excise, Service Tax and Customs, Cochin",185
"Finance, Banking & Insurance",https://gstraipuraudit.gov.in,"Central Goods and Service Tax, Raipur",186
"Finance, Banking & Insurance",https://slbcne.nic.in,State Level Bankers' Committee - North Eastern States,187
"Finance, Banking & Insurance",https://www.dicgc.org.in,"Deposit Insurance and Credit Guarantee Corporation, Mumbai",188
"Finance, Banking & Insurance",https://cbic-gst.gov.in,GST portal of Central Board of Indirect Taxes and Customs (CBIC),189
"Finance, Banking & Insurance",https://iced.cag.gov.in,"International Centre for Environment Audit and Sustainable Development (iCED), Jaipur",191
"Finance, Banking & Insurance",https://mocrefund.crcs.gov.in,CRCS-Sahara Refund Portal,192
"Finance, Banking & Insurance",https://dat.py.gov.in,"Directorate of Accounts and Treasuries, Puducherry",193
"Finance, Banking & Insurance",https://arthwahini.mahakosh.gov.in,"ARTHWAHINI - Management System for TreasuryNet, Maharashtra",194
"Finance, Banking & Insurance",https://www.ies.gov.in,Indian Economic Service (IES),195
"Finance, Banking & Insurance",https://ccpmumbai.gov.in,"Commissioner of Customs (Preventive), Mumbai",196
"Finance, Banking & Insurance",https://www.cra.tn.gov.in,"Commissionerate of Revenue Administration and Disaster Management, Tamil Nadu",197
"Finance, Banking & Insurance",https://ecostat.telangana.gov.in,"Directorate of Economics and Statistics, Telangana",198
"Finance, Banking & Insurance",https://camumbai.gov.in,"Competent Authority (CA), Chennai",199
"Finance, Banking & Insurance",https://www.mumbaicustomszone1.gov.in,Mumbai Customs Zone-1,200
"Finance, Banking & Insurance",https://statelottery.kerala.gov.in,"Kerala Lottery, Kerala",202
"Finance, Banking & Insurance",https://chennaicustoms.gov.in,Chennai Customs Zone,204
"Finance, Banking & Insurance",https://pehchan.raj.nic.in,Rajasthan Civil Registration System,205
"Finance, Banking & Insurance",https://pudutenders.gov.in,"eProcurement System, Puducherry",206
"Finance, Banking & Insurance",https://www.licindia.in,Life Insurance Corporation of India (LIC),207
"Finance, Banking & Insurance",https://www.irsofficersonline.gov.in,Web Portal for Indian Revenue Service (IRS) Officers,209
"Finance, Banking & Insurance",https://www.cbic.gov.in,Central Board of indirect Taxes and Customs,210
"Finance, Banking & Insurance",https://www.arpit.gov.in,"Principal Chief Controller of Accounts, Central Board of Excise and Customs (CCA - CBEC)",211
"Finance, Banking & Insurance",https://accmumbai.gov.in,"Air Cargo Complex, Mumbai Customs",212
"Finance, Banking & Insurance",https://mundracustoms.gov.in,"Office of the Principal Commissioner of Customs, Mundra Port, Kachchh",213
"Finance, Banking & Insurance",https://www.utiitsl.com,UTI Infrastructure Technology And Services Limited (UTIITSL),214
"Finance, Banking & Insurance",https://cexpatna.bih.nic.in,"Central GST and Central Excise Commissionerate, Patna",216
"Finance, Banking & Insurance",https://jharkhandtenders.gov.in,"eProcurement System, Jharkhand",217
"Finance, Banking & Insurance",https://cgstappealsallahabad.gov.in,Office of the Commissioner (Appeals) - Prayagraj,218
"Finance, Banking & Insurance",https://desorissa.nic.in,"Directorate of Economics & Statistics, Odisha",219
"Finance, Banking & Insurance",https://wbhealthscheme.gov.in,"West Bengal Health Scheme Portal, West Bengal",220
"Finance, Banking & Insurance",https://www.upexciseportal.in,"Excise Department, Uttar Pradesh",221
"Finance, Banking & Insurance",https://dlacbic.gov.in,Directorate of Legal Affairs,222
"Finance, Banking & Insurance",https://kandlacustoms.gov.in,Kandla Customs,223
"Finance, Banking & Insurance",https://wbaasprofile.gov.in,"Service Record Monitoring System, West Bengal",224
"Finance, Banking & Insurance",https://dat.gujarat.gov.in,"Directorate of Accounts and Treasuries, Gujarat",225
"Finance, Banking & Insurance",https://tax.lsgkerala.gov.in,"SANCHAYA - Revenue and Licence System, Kerala",226
"Finance, Banking & Insurance",https://www.drt1chennai.tn.nic.in,"Debts Recovery Tribunal No 1, Chennai",228
"Finance, Banking & Insurance",https://ccobz.gov.in/posting.html,"Customs and Central Excise, Bhopal",229
"Finance, Banking & Insurance",https://dggi.gov.in,"Directorate General of Goods and Services Tax Intelligence (DGGI, CBIC)",231
"Finance, Banking & Insurance",https://ocamp.gov.in,"Odisha Central Audit Management Portal (OCAMP), Odisha",233
"Finance, Banking & Insurance",https://apfinance.gov.in/FirstPage.do,"Finance Department, Andhra Pradesh",234
"Finance, Banking & Insurance",https://www.onlineservices.nsdl.com,Online Refund Status for Taxpayers,235
"Finance, Banking & Insurance",https://treasuries.up.nic.in,"Directorate of Treasuries, Uttar Pradesh",236
"Finance, Banking & Insurance",https://tirupaticentralexcise.gov.in,"Customs, Central Excise and Service Tax Commissionorate, Tirupati",237
"Finance, Banking & Insurance",https://pondycentralexcise.gov.in,"Central Excise, Puducherry",238
"Finance, Banking & Insurance",https://www.dif.mp.gov.in,"Directorate of Institutional Finance, Madhya Pradesh",239
"Finance, Banking & Insurance",https://arcestathyd.nic.in,"Customs, Excise and Service Tax Appellate Tribunal (CESTAT), Hyderabad",240
"Finance, Banking & Insurance",https://ladakh.nic.in/finance-department-2,"Finance Department, Ladakh",241
"Finance, Banking & Insurance",https://nagalandtax.nic.in,"Department of Taxes, Nagaland",242
"Finance, Banking & Insurance",https://etenders.chd.nic.in,"e-Procurement Portal, Chandigarh",243
"Finance, Banking & Insurance",https://www.rbi.org.in,Reserve Bank of India (RBI),244
"Finance, Banking & Insurance",https://trichycustomszone.gov.in,"Chief Commissioner of Customs (Preventive), Tiruchirappalli",245
"Finance, Banking & Insurance",https://www.enforcementdirectorate.gov.in,Directorate of Enforcement,246
"Finance, Banking & Insurance",https://sikkimtender.gov.in,"eProcurement System, Sikkim",247
"Finance, Banking & Insurance",https://atfp.gov.in,Appellate Tribunal for Forfeited Property (ATFP),248
"Finance, Banking & Insurance",https://revenuetribunal.gujarat.gov.in,"Gujarat Revenue Tribunal, Gujarat",249
"Finance, Banking & Insurance",https://ptax.tripura.gov.in,"Professions Tax - Commissionerate of Taxes & Excise, Tripura",250
"Finance, Banking & Insurance",https://icmai.in,Institute of Cost Accountants of India,251
"Finance, Banking & Insurance",https://sevaarth.mahakosh.gov.in,"Sevaarth Mahakosh, Maharashtra",252
"Finance, Banking & Insurance",https://registrarfirms.mp.gov.in,"Registrar, Firms and Societies, Madhya Pradesh",253
"Finance, Banking & Insurance",https://ewaybillgst.gov.in,e-Way Bill System-One Nation One e-Way Bill for movement of Goods throughout the Country,255
"Finance, Banking & Insurance",https://jktenders.gov.in,"eProcurement System, Jammu and Kashmir",256
"Finance, Banking & Insurance",https://www.nic.in/,National Informatics Centre,257
"Finance, Banking & Insurance",https://gstludhiana.gov.in,"Central Excise and Service Tax Commissionerate, Ludhiana",258
"Finance, Banking & Insurance",https://www.nsiindia.gov.in,National Savings Institute (NSI),259
"Finance, Banking & Insurance",https://e-gpf.bihar.gov.in,"Online Government Receipt Account System, Bihar",260
"Finance, Banking & Insurance",https://freesearchigrservice.maharashtra.gov.in,"e-Search Portal - Department of Registration & Stamps, Maharashtra",261
"Finance, Banking & Insurance",https://wbcomtax.gov.in,"Directorate of Commercial Taxes, West Bengal",262
"Finance, Banking & Insurance",https://rfsfinance.assam.gov.in,"Registrar of Firms & Societies, Assam",264
"Finance, Banking & Insurance",https://smallsavings.assam.gov.in,"Directorate of Small Savings, Assam",265
"Finance, Banking & Insurance",https://osbc.co.in,"Odisha State Beverages Corporation Limited (OSBCL), Odisha",266
"Finance, Banking & Insurance",https://crcs.gov.in,Central Registrar of Cooperative Societies,267
"Finance, Banking & Insurance",https://ccobz.gov.in,"Office of the Chief Commissioner, Customs, Central Excise and Service Tax, Bhopal",268
"Finance, Banking & Insurance",https://www.esic.nic.in,Employees State Insurance Corporation (ESIC),269
"Finance, Banking & Insurance",https://www.tn.gov.in/dop,Directorate of Pension Tamil Nadu,270
"Finance, Banking & Insurance",https://delhicustoms.gov.in,Delhi Customs,271
"Finance, Banking & Insurance",https://ices.nic.in,Indian Customs Electronic Data Interchange System,272
"Finance, Banking & Insurance",https://www.tendersodisha.gov.in,"eProcurement System, Odisha",273
"Finance, Banking & Insurance",https://apcustoms.gov.in,"Customs Preventive Commissionerate, Central Board of Excise and Customs, Vijayawada",274
"Finance, Banking & Insurance",https://esis.odisha.gov.in,"Employees State Insurance Corporation (ESIC), Odisha",275
"Finance, Banking & Insurance",https://dfc.delhi.gov.in,Delhi Financial Corporation,276
"Finance, Banking & Insurance",https://www.tn.gov.in/coopaudit,"Co-operative Audit Department, Tamil Nadu",277
"Finance, Banking & Insurance",https://www.cexchd1.gov.in,"Commissioner(Appeals), Goods and Service Tax (GST) Commissionerate, Chandigarh",279
"Finance, Banking & Insurance",https://spmnarmadapuram.spmcil.com,Security Printing & Minting Corporation of India Limited,281
"Finance, Banking & Insurance",https://www.incometaxindia.gov.in,Income Tax Department,282
"Finance, Banking & Insurance",https://udgam.rbi.org.in,UDGAM-Unclaimed Deposits Gateway to Access Information,283
"Finance, Banking & Insurance",https://arunaccounts.nic.in,"Treasury and Accounts Administration Department, Arunachal Pradesh",284
"Finance, Banking & Insurance",https://tinxsys.com,"Tax Information Exchange System, Delhi",286
"Finance, Banking & Insurance",https://drtcbe.tn.nic.in,"Debts Recovery Tribunal, Coimbatore",287
"Finance, Banking & Insurance",https://ekosh.uk.gov.in,"Directorate of Treasuries, Pension & Entitlements, Uttarakhand",289
"Finance, Banking & Insurance",https://uttarakhandaudit.uk.gov.in,"Directorate of Audit, Uttarakhand",290
"Finance, Banking & Insurance",https://cgstjaipur.gov.in,"Central Goods & Services Tax, Jaipur Zone, Rajasthan",291
"Finance, Banking & Insurance",https://www.cbicddm.gov.in,"Directorate of Data Management (DDM, CBIC)",292
"Finance, Banking & Insurance",https://gstchennai.gov.in,"Office of the Principal Chief Commissioner of GST & Central Excise Tamil Nadu & Puducherry Zone, Puducherry",293
"Finance, Banking & Insurance",https://cac.gov.in,Chief Adviser Cost,294
"Finance, Banking & Insurance",https://bangalorecustoms.gov.in,Bengaluru Customs Zone,295
"Finance, Banking & Insurance",https://scores.gov.in,"Sebi COmplaints and REdress System (SCORES), Securities and Exchange Board of India (SEBI)",296
"Finance, Banking & Insurance",https://ifms.raj.nic.in,"Integrated Financial Management System, Rajasthan",298
"Finance, Banking & Insurance",https://ksskdc.kar.nic.in,"Karnataka State Safai Karmachari Development Corporation, Karnataka",299
"Finance, Banking & Insurance",https://centralexcisejaipur.nic.in,"Central Excise Zone, Jaipur",300
"Finance, Banking & Insurance",https://eabkari.arunachal.gov.in,"e-Abkari, Department of Tax, Excise and Narcotics, Arunachal Pradesh",301
"Finance, Banking & Insurance",https://arunachaltenders.gov.in,"eProcurement Portal, Arunachal Pradesh",302
"Finance, Banking & Insurance",https://epension.up.nic.in,"UP e-Pension Portal, Uttar Pradesh",303
"Finance, Banking & Insurance",https://iora.gujarat.gov.in,"iORA - Integrated Online Revenue Applications, Revenue Department, Gujarat",304
"Finance, Banking & Insurance",https://www.meity.gov.in/,Ministry of Electronics & Information Technology,305
"Finance, Banking & Insurance",https://koshvani.up.nic.in,"Koshvani web - A Gateway to Finance Activities, Uttar Pradesh",307
"Finance, Banking & Insurance",https://www.odishatreasury.gov.in,"Integrated Financial Management System, Odisha",308
"Finance, Banking & Insurance",https://nationalinsuranceindia.nic.co.in,National Insurance Company Limited (NICL),310
"Finance, Banking & Insurance",https://ccejk.nic.in,"Customs and Central Excise Commissionerate, Jammu and Kashmir",311
"Finance, Banking & Insurance",https://etender.up.nic.in,"eProcurement System, Uttar Pradesh",312
"Finance, Banking & Insurance",https://assamtenders.gov.in,"eProcurement Portal, Assam",313
"Finance, Banking & Insurance",https://sppp.rajasthan.gov.in,"State Public Procurement Portal, Rajasthan",314
"Finance, Banking & Insurance",https://punecgstcus.gov.in,"Central GST & Customs, Pune Zone, Maharashtra",315
"Finance, Banking & Insurance",https://uktenders.gov.in,"eProcurement System, Uttarakhand",316
"Finance, Banking & Insurance",https://koshwahini.mahakosh.gov.in,"KOSHWAHINI - Information System Project, Maharashtra",317
"Finance, Banking & Insurance",https://doatfinance.assam.gov.in,"Directorate of Accounts & Treasuries, Assam",318
"Finance, Banking & Insurance",https://nirc.icai.org,Northern India Regional Council of ICAI,319
"Finance, Banking & Insurance",https://centralexciseorissa.gov.in,"Central Excise,Customs and Service Tax, Bhubaneswar",320
"Finance, Banking & Insurance",https://meghalayatenders.gov.in,"eProcurement System, Meghalaya",321
"Finance, Banking & Insurance",https://mizoramtenders.gov.in,"eProcurement System, Mizoram",322
"Finance, Banking & Insurance",https://eprocure.gov.in/mmp,Central Public Procurement Portal,323
"Finance, Banking & Insurance",https://dea.gov.in/g20india/g20-india,"G20 India Secretariat, New Delhi",324
"Finance, Banking & Insurance",https://gstcouncil.gov.in,Goods and Services Tax Council (GST),325
"Finance, Banking & Insurance",https://bhavishya.nic.in,"Bhavishya, Pension Sanction and Payment Tracking System",326
"Finance, Banking & Insurance",https://jkuber.jharkhand.gov.in,"Kuber Integrated Financial Management System, Jharkhand",327
"Finance, Banking & Insurance",https://vizagcustoms.gov.in,"Customs House, Visakhapatnam",328
"Finance, Banking & Insurance",https://tripuratenders.gov.in,"eProcurement System, Tripura",329
"Finance, Banking & Insurance",https://dharani.telangana.gov.in,"Integrated Land Records Management System, Telangana",330
"Finance, Banking & Insurance",https://comtax.up.nic.in,"Commercial Tax Department, Uttar Pradesh",331
"Finance, Banking & Insurance",https://www.epfindia.gov.in,Employees Provident Fund Organisation (EPFO),332
"Finance, Banking & Insurance",https://etenders.kerala.gov.in,"e-Procurement System, Kerala",333
"Finance, Banking & Insurance",https://www.gift.res.in,"Gulati Institute of Finance and Taxation, Kerala",334
"Finance, Banking & Insurance",https://descg.gov.in,"Directorate of Economics & Statistics, Raipur, Chhattisgarh",335
"Finance, Banking & Insurance",https://www.jamnagarcustoms.gov.in,Jamnagar Customs,336
"Finance, Banking & Insurance",https://fincomindia.nic.in,Sixteenth Finance Commission of India,337
"Finance, Banking & Insurance",https://www.theiirm.ac.in,"Institute of Insurance and Risk Management (IIRM), Andhra Pradesh",339
"Finance, Banking & Insurance",https://www.aicl.in,Atherstone Investor Communications Limited,340
Environment & Natural Resources,https://www.nic.in/,National Informatics Centre,341
Environment & Natural Resources,https://mausam.imd.gov.in/shimla,"Meteorological Centre, Shimla",342
Environment & Natural Resources,https://bnhsenvis.nic.in,"EIACP PC Resource Partner (RP) on Avian Ecology, Mumbai",343
Environment & Natural Resources,https://nca.gov.in,Narmada Control Authority,345
Environment & Natural Resources,https://awbi.gov.in,Animal Welfare Board of India (AWBI),346
Environment & Natural Resources,https://www.cmlre.gov.in,Centre for Marine Living Resources and Ecology (CMLRE),347
Environment & Natural Resources,https://nhp.mowr.gov.in,National Hydrology Project (NHP),349
Environment & Natural Resources,https://parivesh.nic.in,"PARIVESH an environmental single window hub for Environment, Forest, Wildlife and CRZ clearances",350
Environment & Natural Resources,https://faunaofindia.nic.in,Digital Archive of Publication of Zoological Survey of India (ZSI),351
Environment & Natural Resources,https://wii.gov.in,Wildlife Institute of India (WII),352
Environment & Natural Resources,https://awrmis.assam.gov.in,Assam Water Research and Management Institute Society (AWRMIS),353
Environment & Natural Resources,https://nbrienvis.nic.in,"EIACP Centre on Plants and Pollution, Lucknow",354
Environment & Natural Resources,https://mausam.imd.gov.in/bengaluru,"Meteorological Center, Bengaluru",355
Environment & Natural Resources,https://metnet.imd.gov.in/imdmausam,"MAUSAM - Quarterly Journal of Meteorology, Hydrology and Geophysics",356
Environment & Natural Resources,https://apfbcs.nic.in,Assam Project on Forest and Biodiversity Conservation Society (APFBC Society),357
Environment & Natural Resources,https://mausam.imd.gov.in/visakhapatnam,"Cyclone Warning Centre, Visakhapatnam, Andhra Pradesh",358
Environment & Natural Resources,https://orangnptr.in,"Orang National Park & Tiger Reserve, Assam",360
Environment & Natural Resources,https://ejalshakti.gov.in,Jal Jeevan Mission,361
Environment & Natural Resources,https://iictenvis.nic.in,"EIACP Programme Centre on Climate Change and Public Health, Hyderabad",362
Environment & Natural Resources,https://cad.gujarat.gov.in,"Directorate of Civil Aviation, Gujarat",363
Environment & Natural Resources,https://csmrs.gov.in,Central Soil and Materials Research Station (CSMRS),364
Environment & Natural Resources,https://www.nmdc.co.in,National Mineral Development Corporation Limited (NMDC),365
Environment & Natural Resources,https://watershed.karnataka.gov.in,"Watershed Development Department, Karnataka",366
Environment & Natural Resources,https://mausam.imd.gov.in/mumbai,"Regional Meteorological Centre, Mumbai",367
Environment & Natural Resources,https://wwfenvis.nic.in,"Wildlife Conservation (including species and habitats) using Geospatial Techniques, WWF-India, New Delhi",368
Environment & Natural Resources,https://fbp.gov.in,Farakka Barrage Project (FBP),369
Environment & Natural Resources,https://mausam.imd.gov.in/kolkata,"Regional Meteorological Centre, Kolkata",372
Environment & Natural Resources,https://www.ashtalakshmimahotsav.com,Ashtalakshmi Mahotsav,373
Environment & Natural Resources,https://gbpihedenvis.nic.in,"EIACP Centre on Himalayan Ecology, Almora",374
Environment & Natural Resources,https://imdhyderabad.gov.in,"Meteorological Centre, Hyderabad",376
Environment & Natural Resources,https://mausam.imd.gov.in/raipur,"Meteorological Center, Raipur",377
Environment & Natural Resources,https://jkfpf.nic.in,"Jammu and Kashmir Forest Protection Force, Jammu and Kashmir",378
Environment & Natural Resources,https://hydro.imd.gov.in,Customized Rainfall Information System (CRIS),379
Environment & Natural Resources,https://kalpasar.gujarat.gov.in,"The Gulf of Khambhat Development Project, Gujarat",380
Environment & Natural Resources,https://www.wastetowealth.gov.in,Waste to Wealth,381
Environment & Natural Resources,https://tbboard.gov.in,Tungabhadra Board,382
Environment & Natural Resources,https://mausam.imd.gov.in/thiruvananthapuram,"Meteorological Centre, Thiruvananthapuram",385
Environment & Natural Resources,https://icpe.in,"ENVIS Environmental Information System, Indian Centre for Plastic in the Environment (ICPE)",386
Environment & Natural Resources,https://www.imdnagpur.gov.in,"Regional Meteorological Centre, Nagpur",387
Environment & Natural Resources,https://www.kundalforestacademy.gov.in,"Kundal Academy of Development, Administration and Management (Forests), Maharashtra",388
Environment & Natural Resources,https://dws.tripura.gov.in,"Drinking Water & Sanitation Department, Tripura",389
Environment & Natural Resources,https://www.enviscecb.org,"Chhattisgarh Environment Conservation Board, Raipur",390
Environment & Natural Resources,https://cpcbenvis.nic.in,ENVIS Centre on Control of Pollution-Central Pollution Control Board (CPCB),391
Environment & Natural Resources,https://nwm.gov.in,National Water Mission,392
Environment & Natural Resources,https://www.kship.in,"Karnataka State Highways Improvement Project (KSHIP), Karnataka",393
Environment & Natural Resources,https://nmcg.nic.in,"National Mission for Clean Ganga (NMCG), New Delhi",394
Environment & Natural Resources,https://cwc.gov.in,Central Water Commission (CWC),395
Environment & Natural Resources,https://www.wbadmip.org,"West Bengal Accelerated Development of Minor Irrigation Project (WBADMIP), West Bengal",396
Environment & Natural Resources,https://dcsk.delhi.gov.in,Delhi Commission for Safai Karamcharis,397
Environment & Natural Resources,https://decc.punjab.gov.in,"Directorate of Environment and Climate Change, Punjab",398
Environment & Natural Resources,https://ueppcb.uk.gov.in,"Uttarakhand Environment Protection and Pollution Control Board (UEPPCB), Dehradun",400
Environment & Natural Resources,https://nwa.mah.nic.in,"National Water Academy, Pune",401
Environment & Natural Resources,https://sicom.nic.in,Society of Integrated Coastal Management (SICOM),402
Environment & Natural Resources,https://trpenvis.nic.in,"ENVIS Centre on Tripura State Pollution Control Board, Agartala",403
Environment & Natural Resources,https://nrcd.nic.in,National River Conservation Directorate (NRCD),404
Environment & Natural Resources,https://upforest.gov.in,"Environment, Forest and Climate Change Department, Uttar Pradesh",405
Environment & Natural Resources,https://npcb.nagaland.gov.in,"Nagaland Pollution Control Board, Nagaland",407
Environment & Natural Resources,https://cept.ac.in,"Center for Environmental Planning and Technology (CEPT), Gujarat",409
Environment & Natural Resources,https://zsienvis.nic.in,"ENVIS Centre on Faunal Diversity, Kolkata",411
Environment & Natural Resources,https://environment.delhi.gov.in,"Enviornment Department, Delhi",413
Environment & Natural Resources,https://coir.kerala.gov.in,"Directorate of coir development, Kerala",414
Environment & Natural Resources,https://epco.mp.gov.in,"Environmental Planning & Coordination Organisation (EPCO), Madhya Pradesh",415
Environment & Natural Resources,https://aprr.gov.in,"Commissioner of Rehabilitation and Resettlement, Andhra Pradesh",416
Environment & Natural Resources,https://jnuenvis.nic.in,"ENVIS Centre on Biogeochemistry Jawaharlal Nehru University, New Delhi",417
Environment & Natural Resources,https://cpcb.nic.in,Central Pollution Control Board (CPCB),418
Environment & Natural Resources,https://www.ncscm.res.in,"National Centre for Sustainable Coastal Management (NCSCM), Chennai",419
Environment & Natural Resources,https://sjeti.haryana.gov.in,"Swarna Jayanti Environment Training Institute, Haryana",420
Environment & Natural Resources,https://tnenvis.nic.in,"EIACP PC-HuB State of Environment and Related Issues, Tamil Nadu",421
Environment & Natural Resources,https://spaenvis.nic.in,"SPA-EIACP PC RP on Human Settlements and their Impact on Environment, Delhi",422
Environment & Natural Resources,https://orienvis.nic.in,"ENVIS Centre of Odisha's State of Environment, Odisha",424
Environment & Natural Resources,https://gsdp-envis.gov.in,Green Skill Development Programme (GSDP),425
Environment & Natural Resources,https://manenvis.nic.in,"ENVIS Hub, Manipur",426
Environment & Natural Resources,https://hpenvis.nic.in,"EIACP PC-Hub: Himachal Pradesh Status of Environment and Related Issues, Himachal Pradesh",427
Environment & Natural Resources,https://www.meity.gov.in/,Ministry of Electronics & Information Technology,428
Environment & Natural Resources,https://ipirti.gov.in,ICFRE-Institute of Wood Science and Technology,429
Environment & Natural Resources,https://swajal.uk.gov.in,"Swajal Project, Uttarakhand",430
Environment & Natural Resources,https://ccd.gujarat.gov.in,"Climate Change Department, Gujarat",431
Environment & Natural Resources,https://www.keiip.in,"Kolkata Environmental Improvement Investment Program (KEIIP), West Bengal",434
Environment & Natural Resources,https://jiyoparsi.minorityaffairs.gov.in,Jiyo Parsi Scheme Portal,436
Environment & Natural Resources,https://mausam.imd.gov.in/ahmedabad,"Meteorological Centre, Ahmedabad",437
Environment & Natural Resources,https://www.bankuraforest.in,"Bankura District Forest, West Bengal",438
Environment & Natural Resources,https://bsienvis.nic.in,"ENVIS Resource Partner on Biodiversity, Kolkata",439
Environment & Natural Resources,https://jharenvis.nic.in,"EIACP HUB: Jharkhand Status of Environment and Related Issues, Jharkhand",440
Environment & Natural Resources,https://tsunami.incois.gov.in,Indian National Tsunami Early Warning System,441
Environment & Natural Resources,https://ismenvis.nic.in,"EIACP (PC-RP) on Environmental Problems of Mining, Dhanbad",442
Environment & Natural Resources,https://subhadra.odisha.gov.in,"SUBHADRA Yojana, Odisha",443
Environment & Natural Resources,https://wiienvis.nic.in,"EIACP Programme Centre - Wildlife and Protected Areas Management, Dehradun, Uttarakhand",445
Environment & Natural Resources,https://octdms.in,"Odisha Community Tank Development & Management Society, Odisha",446
Environment & Natural Resources,https://tspcb.cgg.gov.in,"Telangana State Pollution Control Board (TSPCB), Telangana",447
Environment & Natural Resources,https://water.rajasthan.gov.in/wr,"Department of Water Resources, Rajasthan",449
Environment & Natural Resources,https://metnet.imd.gov.in,"METNET : An e-Governance Intra-IMD Portal, New Delhi",451
Environment & Natural Resources,https://sgnp.maharashtra.gov.in,"Sanjay Gandhi National Park, Maharashtra",452
Environment & Natural Resources,https://apwrims.ap.gov.in,Andhra Pradesh Water Resources Information & Management System,453
Environment & Natural Resources,https://www.keralasoils.gov.in,"Soil Survey & Soil Conservation Department, Kerala",454
Environment & Natural Resources,https://pcb.ap.gov.in,Andhra Pradesh Pollution Control Board,455
Environment & Natural Resources,https://geerfoundation.gujarat.gov.in,"Gujarat Ecological Education and Research (GEER) Foundation, Gujarat",456
Environment & Natural Resources,https://swachhatahiseva.gov.in,Swachhata Hi Seva 2024,458
Environment & Natural Resources,https://grmb.gov.in,Godavari River Management Board,459
Environment & Natural Resources,https://amssdelhi.gov.in,"Regional Meteorological Centre, New Delhi",462
Environment & Natural Resources,https://www.aries.res.in,Aryabhatta Research Institute of Observational Sciences (ARIES),463
Environment & Natural Resources,https://cbri.res.in,"Central Building Research Institute (CBRI), Roorkee",464
Environment & Natural Resources,https://prcmumbai.nic.in,"Mumbai City Collectorate, Property Card Information System, Maharashtra",466
Environment & Natural Resources,https://indiawaterweek.in,India Water Week,467
Environment & Natural Resources,https://www.tropmet.res.in,Indian Institute of Tropical Meteorology (IITM),468
Environment & Natural Resources,https://mausam.imd.gov.in/bhubaneswar,"Meteorological Centre, Bhubaneswar",469
Environment & Natural Resources,https://envcc.goa.gov.in,"Environment & Climate Change Department, Goa",470
Environment & Natural Resources,https://ladakh.nic.in/forest-ecology-environment-department,"Forest, Ecology & Environment Department",471
Environment & Natural Resources,https://environmentclearance.nic.in,Online Submission and Monitoring of Environmental Clearances,472
Environment & Natural Resources,https://uyrb.gov.in,Upper Yamuna River Board,473
Environment & Natural Resources,https://upgwd.gov.in,"Ground Water Department, Uttar Pradesh",475
Environment & Natural Resources,https://spmguttarakhand.uk.gov.in,"State Program Management Group Namami Gange, Uttarakhand",476
Environment & Natural Resources,https://bcb.gov.in,Bansagar Control Board (BCB),477
Environment & Natural Resources,https://rfri.icfre.gov.in,"ICFRE - Rain Forest Research Institute, Jorhat, Assam",478
Environment & Natural Resources,https://dcpcr.delhi.gov.in,Delhi Commission for Protection of Child Rights (DCPCR),479
Environment & Natural Resources,https://nwda.gov.in,National Water Development Agency (NWDA),482
Environment & Natural Resources,https://jaljeevanmission.gov.in,Jal Jeevan Mission,483
Environment & Natural Resources,https://horticulturedept.telangana.gov.in,"Rashtriya Krishi Vikas Yojana - (RKVY), Telangana",484
Environment & Natural Resources,https://fmiscwrdbihar.gov.in,"Flood Management Improvement Support Centre (FMISC), Bihar",486
Environment & Natural Resources,https://gemi.gujarat.gov.in,"Gujarat Environment Management Institute (GEMI), Gujarat",487
Environment & Natural Resources,https://envismadrasuniv.org,"ENVIS Centre on Microorganisms and Impact of Public Health, Chennai",488
Environment & Natural Resources,https://mausam.imd.gov.in/guwahati,"Regional Meteorological Centre, Guwahati",489
Environment & Natural Resources,https://ntca.gov.in,"National Tiger Conservation Authority (NTCA), New Delhi",490
Environment & Natural Resources,https://repmismoef.nic.in,"Research in Environment (RE) Division, Ministry of Environment, Forest and Climate Change",491
Environment & Natural Resources,https://chocmms.nic.in,Chandigarh Pollution Control Committee,492
Environment & Natural Resources,https://zsi.gov.in,Zoological Survey of India (ZSI),493
Environment & Natural Resources,https://dharani.telangana.gov.in,"Integrated Land Records Management System, Telangana",494
Environment & Natural Resources,https://brb.nic.in,Betwa River Board (BRB),495
Environment & Natural Resources,https://gfcc.gov.in,"Ganga Flood Control Commission (GFCC), Patna",496
Environment & Natural Resources,https://ozonecell.nic.in,"Ozone Cell-Ministry of Environment and Forests, New Delhi",497
Environment & Natural Resources,https://swhydrology.gujarat.gov.in,"Hydrology Project, Water Resources Department, Gujarat",498
Environment & Natural Resources,https://mwrra.maharashtra.gov.in,Maharashtra Water Resources Regulatory Authority (MWRRA),499
Environment & Natural Resources,https://cpreecenvis.nic.in,"CPREEC-EIACP Programme Centre, Resource Partner on Ecological Heritage and Sacred Sites of India",500
Environment & Natural Resources,https://jalanidhi.kerala.gov.in,"Jalanidhi - Kerala Rural water Supply and Sanitation Agency, Kerala",501
Environment & Natural Resources,https://mahenvis.nic.in,"ENVIS Centre, Maharashtra",502
Environment & Natural Resources,https://iifm.ac.in,"Indian Institute of Forest Management (IIFM), Bhopal",506
Environment & Natural Resources,https://erc.mp.gov.in,"Environment Surveillance Centre (M.P Pollution Control Board), Madhya Pradesh",507
Home affairs & National Security,https://www.nic.in/,National Informatics Centre,511
Home affairs & National Security,https://spdahod.gujarat.gov.in,"Dahod District Police Office, Gujarat",512
Home affairs & National Security,https://apdca.ap.gov.in,"Drugs Control Administration, Andhra Pradesh",513
Home affairs & National Security,https://himachal.nic.in/index.php?lang=1&dpt_id=172,"Home Guards Department, Himachal Pradesh",514
Home affairs & National Security,https://www.mumbaipolicegeneralunit.maharashtra.gov.in,"Police Clearance Services, Maharashtra",515
Home affairs & National Security,https://narnaul.haryanapolice.gov.in,"Police Department, Mahendergarh District, Haryana",516
Home affairs & National Security,https://fire.telangana.gov.in,"State Disaster Response and Fire Services Department, Telangana",517
Home affairs & National Security,https://uppolice.gov.in,"UP Police, Uttar Pradesh",518
Home affairs & National Security,https://megfireservice.gov.in,"Fire & Emergency Service, Meghalaya",519
Home affairs & National Security,https://indiancc.nic.in,National Cadet Corps (NCC),520
Home affairs & National Security,https://cfslghy.gov.in,"Central Forensic Science Laboratory (CFSL), Guwahati",521
Home affairs & National Security,https://www.tneow.gov.in,"Economic Offences Wing, Tamil Nadu",522
Home affairs & National Security,https://nfch.nic.in,National Foundation for Communal Harmony (NFCH),523
Home affairs & National Security,https://prosecution.tn.gov.in,"Directorate of Prosecution, Tamil Nadu",524
Home affairs & National Security,https://apsp.ap.gov.in,Andhra Pradesh Special Police (APSP),525
Home affairs & National Security,https://kaithal.haryanapolice.gov.in,"Police Department, Kaithal District, Haryana",526
Home affairs & National Security,https://sikkim.gov.in/departments/home-department,"Home Department, Sikkim",527
Home affairs & National Security,https://vizagcitypolice.gov.in,"Visakhapatnam City Police, Andhra Pradesh",528
Home affairs & National Security,https://2ndirb.haryanapolice.gov.in,"2nd India Reserve Battalion, Bhondsi, Gurugram, Haryana",529
Home affairs & National Security,https://nepa.gov.in,North Eastern Police Academy (NEPA),531
Home affairs & National Security,https://palwal.haryanapolice.gov.in,"Police Department, Palwal District, Haryana",532
Home affairs & National Security,https://home.rajasthan.gov.in/content/homeportal/en/homeguardsdepartment.html,"Home Guard Department, Rajasthan",533
Home affairs & National Security,https://faridabad.haryanapolice.gov.in,"Police Department, Faridabad District, Haryana",534
Home affairs & National Security,https://www.purbamedinipurpolice.gov.in,"Purba Medinipur District Police, West Bengal",535
Home affairs & National Security,https://spbharuch.gujarat.gov.in,"Bharuch District Police Office, Gujarat",536
Home affairs & National Security,https://fireandemergencyservices.assam.gov.in,"Fire & Emergency Services, Assam",538
Home affairs & National Security,https://prisons.tripura.gov.in,"Directorate of Prisons, Tripura",539
Home affairs & National Security,https://malappuram.keralapolice.gov.in,"Malappuram Police, Kerala",540
Home affairs & National Security,https://crimebranchjkpolice.nic.in,"Crime Branch, Jammu and Kashmir Police, Jammu and Kashmir",541
Home affairs & National Security,https://www.hyderabadpolice.gov.in,"Hyderabad Citi Police, Telangana",542
Home affairs & National Security,https://charkhidadri.haryanapolice.gov.in,"Charkhi Dadri Police, Haryana",543
Home affairs & National Security,https://cybercrime.gov.in,Cybercrime Reporting Portal,544
Home affairs & National Security,https://rajcensus.gov.in,"Directorate of Census Operation, Rajasthan",545
Home affairs & National Security,https://spjunagadh.gujarat.gov.in,"Junagadh District Police Office, Gujarat",546
Home affairs & National Security,https://mpanashik.gov.in,"Maharashtra Police Academy, Nashik, Maharashtra",547
Home affairs & National Security,https://csbc.bih.nic.in,"Central Selection Board of Constable, Patna, Bihar",548
Home affairs & National Security,https://spbhavnagar.gujarat.gov.in,"Bhavnagar District Police Office, Gujarat",549
Home affairs & National Security,https://jktrafficpolice.nic.in,"J&K Traffic Police, Jammu and Kashmir",550
Home affairs & National Security,https://dgcd.assam.gov.in,"Civil Defence & Home Guards, Assam",551
Home affairs & National Security,https://www.spanand.gujarat.gov.in,"Anand District Police Office, Gujarat",553
Home affairs & National Security,https://jhpoliceverification.nic.in,"Guest Verification System, Jharkhand",554
Home affairs & National Security,https://haryanapolice.gov.in,"Haryana Police, Haryana",555
Home affairs & National Security,https://aurangabadcitypolice.gov.in,"Police Commissionerate, Chhatrapati Sambhajinagar, Maharashtra",556
Home affairs & National Security,https://asdma.assam.gov.in,Assam State Disaster Management Authority (ASDMA),557
Home affairs & National Security,https://www.homeguards.gujarat.gov.in,"Home Guards, Gujarat",558
Home affairs & National Security,https://www.prisons.gujarat.gov.in,"Inspector General of Prisons, Gujarat",559
Home affairs & National Security,https://crpf.gov.in,Central Reserve Police Force (CRPF),560
Home affairs & National Security,https://spgandhinagar.gujarat.gov.in,"Gandhinagar District Police Office, Gujarat",561
Home affairs & National Security,https://mlat.mha.gov.in,Mutual Legal Assistance in Criminal Matters with Foreign Countries,562
Home affairs & National Security,https://home.delhi.gov.in,"Home Department, Delhi",563
Home affairs & National Security,https://himachal.nic.in/index.php?lang=1&dpt_id=174,"State Forensic Science Laboratory, Himachal Pradesh",564
Home affairs & National Security,https://keralapolice.gov.in,"Kerala Police, Kerala",565
Home affairs & National Security,https://sheteamhydpolice.telangana.gov.in,"SHE TEAM - Hyderabad City Police, Telangana",566
Home affairs & National Security,https://idrn.nidm.gov.in,India Disaster Resource Network (IDRN),567
Home affairs & National Security,https://dgvigilance.assam.gov.in,"Vigilance & Anti Corruption, Assam",568
Home affairs & National Security,https://rehabcouncil.nic.in,Rehabilitation Council of India (RCI),569
Home affairs & National Security,https://www.dcpw.gov.in,Directorate of Coordination Police Wireless,570
Home affairs & National Security,https://spsurat.gujarat.gov.in,Surat District Police Office,571
Home affairs & National Security,https://www.bsf.gov.in,Border Security Force (BSF),574
Home affairs & National Security,https://www.ashtalakshmimahotsav.com,Ashtalakshmi Mahotsav,575
Home affairs & National Security,https://jalpaiguripolice.in,"Jalpaiguri Police, West Bengal",576
Home affairs & National Security,https://www.acb.gujarat.gov.in,"Anti Corruption Bureau, Gujarat",577
Home affairs & National Security,https://spjamnagar.gujarat.gov.in,"Jamnagar District Police Office, Gujarat",578
Home affairs & National Security,https://www.ndrf.gov.in,National Disaster Response Force (NDRF),579
Home affairs & National Security,https://delhipolice.gov.in,"Police Department, Delhi",581
Home affairs & National Security,https://www.mahapolice.gov.in,"Maharashtra State Police, Maharashtra",582
Home affairs & National Security,https://www.keralaprisons.gov.in,"Kerala Prisons & Correctional Services, Kerala",583
Home affairs & National Security,https://sppanchmahal.gujarat.gov.in,"Panchmahal District Police Office, Gujarat",584
Home affairs & National Security,https://wardhapolice.co.in,"Wardha Police, Maharashtra",585
Home affairs & National Security,https://amritsarcity.punjabpolice.gov.in,"Amritsar Police, Punjab",586
Home affairs & National Security,https://spkheda.gujarat.gov.in,"Kheda District Police Office, Gujarat",587
Home affairs & National Security,https://kozhikoderural.keralapolice.gov.in,"Kozhikode Rural Police, Kerala",588
Home affairs & National Security,https://ernakulamrural.keralapolice.gov.in,"Ernakulam Rural Police, Kerala",589
Home affairs & National Security,https://prakasampolice.ap.gov.in,"Prakasam District Police, Andhra Pradesh",590
Home affairs & National Security,https://www.acbmaharashtra.gov.in,"Anti Corruption Bureau, Maharashtra",591
Home affairs & National Security,https://mbvv.mahapolice.gov.in,"Mira Bhayandar, Vasai Virar Police, Maharashtra",592
Home affairs & National Security,https://upfireservice.gov.in,"Uttar Pradesh Fire and Emergency Services, Uttar Pradesh",593
Home affairs & National Security,https://spvalsad.gujarat.gov.in,"Valsad District Police Office, Gujarat",596
Home affairs & National Security,https://jind.haryanapolice.gov.in,"Police Department, Jind District, Haryana",597
Home affairs & National Security,https://acb.ap.gov.in,"Anti Corruption Bureau, Andhra Pradesh",598
Home affairs & National Security,https://rohtak.haryanapolice.gov.in,"Police Department, Rohtak District, Haryana",599
Home affairs & National Security,https://fireservice.tripura.gov.in,"Fire & Emergency Services, Tripura",600
Home affairs & National Security,https://digitalpolice.gov.in,"Digital Police Portal by NCRB, MHA",601
Home affairs & National Security,https://bpssc.bih.nic.in,Bihar Police Sub-ordinate Services Commission (BPSSC),602
Home affairs & National Security,https://spnarmada.gujarat.gov.in,"Narmada District Police Office, Gujarat",603
Home affairs & National Security,https://rpa.rajasthan.gov.in,"Rajas than Police Academy, Rajasthan",604
Home affairs & National Security,https://jail.cg.gov.in,"Jail Department, Chhattisgarh",605
Home affairs & National Security,https://cyberpolice.nic.in,Cyber Police Portal,606
Home affairs & National Security,https://ctp.gov.in,"Cyberabad Traffic Police, Telangana",607
Home affairs & National Security,https://ludhianacity.punjabpolice.gov.in,"Ludhiana City Police, Punjab",608
Home affairs & National Security,https://moga.punjabpolice.gov.in,"Moga Police, Punjab",609
Home affairs & National Security,https://angulpolice.nic.in,"Angul District Police, Odisha",610
Home affairs & National Security,https://www.police.gov.in,Indian Police in Service of the Nation,611
Home affairs & National Security,https://www.cpvadodara.gujarat.gov.in,"Police Commissioners Office, Vadodara, Gujarat",612
Home affairs & National Security,https://sainik.py.gov.in,"Sainik Welfare Department, Puducherry",613
Home affairs & National Security,https://yamunanagar.haryanapolice.gov.in,"Police Department, Yamunanagar District, Haryana",615
Home affairs & National Security,https://bankurapolice.org,"Bankura District Police, West Bengal",616
Home affairs & National Security,https://www.eprosecution.mp.gov.in,"MP Public Prosecution Portal, Madhya Pradesh",617
Home affairs & National Security,https://interstatecouncil.gov.in,Inter-State Council Secretariat,618
Home affairs & National Security,https://gurgaon.haryanapolice.gov.in,"Police Department, Gurugram District, Haryana",619
Home affairs & National Security,https://rachakondapolice.telangana.gov.in,"Rachakonda Police Commissionerate, Telangana",620
Home affairs & National Security,https://hisar.haryanapolice.gov.in,"Police Department, Hisar District, Haryana",621
Home affairs & National Security,https://www.police.gujarat.gov.in,"Director General of Police (DGP), Gujarat",622
Home affairs & National Security,https://1stbnirb.haryanapolice.gov.in,"1st India Reserve Battalion, Bhondsi, Gurugram, Haryana",624
Home affairs & National Security,https://dfs.delhi.gov.in,Department of Delhi Fire Service,625
Home affairs & National Security,https://stategarage.mp.gov.in,"Madhya Pradesh State Garage, Bhopal, Madhya Pradesh",627
Home affairs & National Security,https://sikkim-vigilance.gov.in,"Sikkim Vigilance Police, Sikkim",629
Home affairs & National Security,https://ncrb.gov.in,National Crime Records Bureau,630
Home affairs & National Security,https://rewari.haryanapolice.gov.in,"Police Department, Rewari District, Haryana",632
Home affairs & National Security,https://chandrapurpolice.gov.in,"Chandrapur Police, Maharashtra",633
Home affairs & National Security,https://www.cyberabadpolice.gov.in,"Cyberabad Metropolitan Police, Telangana",634
Home affairs & National Security,https://bsf.gov.in/Home,"Central Workshop and Stores, Border Security Force (BSF)",635
Home affairs & National Security,https://www.civildefence.gujarat.gov.in,"Civil Defence, Gujarat",636
Home affairs & National Security,https://www.sainikkalyan.mp.gov.in,"Directorate of Sainik Welfare, Madhya Pradesh",637
Home affairs & National Security,https://nia.gov.in,National Investigation Agency (NIA),638
Home affairs & National Security,https://beedpolice.gov.in,"Beed Police, Maharashtra",639
Home affairs & National Security,https://nisa.gov.in,"National Industrial Security Academy (NISA), CISF, Hyderabad",641
Home affairs & National Security,https://www.tspolice.gov.in,Telangana State Police Department,642
Home affairs & National Security,https://assamrifles.gov.in,Assam Rifles,643
Home affairs & National Security,https://thaneruralpolice.gov.in,"Thane Rural Police, Maharashtra",644
Home affairs & National Security,https://btp.gov.in,"Bengaluru Traffic Police, Karnataka",645
Home affairs & National Security,https://hgcdsdrf.nagaland.gov.in,"Directorate of Home Guards, Civil Defence & State Disaster Response Force (SDRF), Nagaland",646
Home affairs & National Security,https://ncrc.gov.in,National Crime Records Check,647
Home affairs & National Security,https://jhajjar.haryanapolice.gov.in,"Police Department, Jhajjar District, Haryana",648
Home affairs & National Security,https://pca.delhi.gov.in,"Police Complaints Authority (PCA), Delhi",649
Home affairs & National Security,https://cfslhyd.gov.in,"Central Forensic Science Laboratory (CFSL), Hyderabad",650
Home affairs & National Security,https://wbpolice.gov.in,"West Bengal Police, West Bengal",651
Home affairs & National Security,https://www.meity.gov.in/,Ministry of Electronics & Information Technology,652
Home affairs & National Security,https://mahpolwireless.gov.in,"Maharashtra State Police Wireless, Pune, Maharashtra",653
Home affairs & National Security,https://tiharprisons.delhi.gov.in,"Central Jail, Delhi",654
Home affairs & National Security,https://www.dvac.tn.gov.in,"Directorate of Vigilance & Anti-Corruption, Tamil Nadu",655
Home affairs & National Security,https://sainikwelfare.cg.gov.in/directorate/html/en/directorate_chhattisgarh_home_en.html,"Directorate of Sainik Welfare, Chhattisgarh",657
Home affairs & National Security,https://cdtihyd.gov.in,Central Detective Training Institute in Hyderabad,659
Home affairs & National Security,https://hpa.haryanapolice.gov.in,"Haryana Police Academy, Haryana",660
Home affairs & National Security,https://kannur.keralapolice.gov.in,"Kannur City Police, Kerala",661
Home affairs & National Security,https://jiyoparsi.minorityaffairs.gov.in,Jiyo Parsi Scheme Portal,663
Home affairs & National Security,https://hingolipolice.gov.in,"Hingoli Police, Maharashtra",664
Home affairs & National Security,https://meghalaya.gov.in/dept/33,"Home (Political) Department, Meghalaya",665
Home affairs & National Security,https://prisons.assam.gov.in,"Assam Prison Headquarters, Assam",666
Home affairs & National Security,https://panipat.haryanapolice.gov.in,"Police Department, Panipat District, Haryana",667
Home affairs & National Security,https://www.spamreli.gujarat.gov.in,"Amreli District Police Office, Gujarat",668
Home affairs & National Security,https://bprd.nic.in,Bureau of Police Research and Development (BPR&D),669
Home affairs & National Security,https://subhadra.odisha.gov.in,"SUBHADRA Yojana, Odisha",670
Home affairs & National Security,https://kollamcity.keralapolice.gov.in,"Kollam City Police, Kerala",671
Home affairs & National Security,https://bhubaneswarcuttackpolice.gov.in,"Police Commissionerate, Bhubaneswar-Cuttack, Odisha",672
Home affairs & National Security,https://www.dfes.goa.gov.in,"Directorate of Fire and Emergency Services, Goa",674
Home affairs & National Security,https://kasaragod.keralapolice.gov.in,"Kasaragod District Police, Kerala",675
Home affairs & National Security,https://nsg.gov.in,National Security Guard (NSG),676
Home affairs & National Security,https://grpajmerpolice.rajasthan.gov.in,"GRP Ajmer Police, Rajasthan",677
Home affairs & National Security,https://spsabarkantha.gujarat.gov.in,"Sabarkantha District Police Office, Gujarat",678
Home affairs & National Security,https://nmftindia.gov.in,No Money For Terror,679
Home affairs & National Security,https://www.tnfrs.tn.gov.in,"Fire and Rescue Services, Tamil Nadu",680
Home affairs & National Security,https://sprajkot.gujarat.gov.in,"Rajkot District Police Office, Gujarat",681
Home affairs & National Security,https://www.delhitrafficpolice.nic.in,Delhi Traffic Police,683
Home affairs & National Security,https://fatehabad.haryanapolice.gov.in,"Police Department, Fatehabad District, Haryana",684
Home affairs & National Security,https://nielitcyberforensics.in,Digital Forensic Virtual Classroom,686
Home affairs & National Security,https://jofs.jhpolice.gov.in,Jharkhand Online FIR System,687
Home affairs & National Security,https://ambala.haryanapolice.gov.in,"Police Department, Ambala District, Haryana",688
Home affairs & National Security,https://dgfscdhg.gov.in,"Directorate General-Fire Services, Civil Defense and Home Guards",689
Home affairs & National Security,https://gadchirolipolice.gov.in,"Gadchiroli Police, Maharashtra",690
Home affairs & National Security,https://srimuktsarsahib.punjabpolice.gov.in,"Sri Muktsar Sahib Police, Punjab",691
Home affairs & National Security,https://citizenportal-op.gov.in,"Crime and Criminal Tracking Network and Systems (CCTNS), Odisha",692
Home affairs & National Security,https://chti.rajbhasha.gov.in,Central Hindi Training Institute,693
Home affairs & National Security,https://ehrms.wbpolice.gov.in,"Online Human Resource Management System for West Bengal Police (eHRMS), West Bengal",694
Home affairs & National Security,https://apvc.ap.nic.in,Andhra Pradesh vigilance commission,695
Home affairs & National Security,https://pac.tripura.gov.in,"Police Accountability Commission (PAC), Tripura",696
Home affairs & National Security,https://mysurucitypolice.karnataka.gov.in,"Mysore City Police, Karnataka",697
Home affairs & National Security,https://www.htp.gov.in,"Hyderabad Traffic Police, Telangana",698
Home affairs & National Security,https://paschimmedinipurpolice.co.in,Paschim Medinipur District Police,699
Home affairs & National Security,https://sirsa.haryanapolice.gov.in,"Police Department, Sirsa District, Haryana",700
Home affairs & National Security,https://spvadodara.gujarat.gov.in,"Vadodara District Police Office, Gujarat",702
Home affairs & National Security,https://swachhatahiseva.gov.in,Swachhata Hi Seva 2024,703
Home affairs & National Security,https://cisf.gov.in,Central Industrial Security Force (CISF),704
Home affairs & National Security,https://forensic.assam.gov.in,"Directorate of Forensic Science, Government of Assam",705
Home affairs & National Security,https://citizen.appolice.gov.in,Andhra Pradesh Police,706
Home affairs & National Security,https://ncrmp.gov.in,National Cyclone Risk Mitigation Project (NCRMP),707
Home affairs & National Security,https://gondiapolice.gov.in,"Gondia Police, Maharashtra",708
Home affairs & National Security,https://kpa.gov.in,"Karnataka Police Academy, Mysuru, Karnataka",710
Home affairs & National Security,https://spmehsana.gujarat.gov.in,"Mehsana District Police Office, Gujarat",711
Home affairs & National Security,https://rtcbhondsi.haryanapolice.gov.in,"Recruit Training Centre Bhondsi (Gurugram), Haryana",713
Home affairs & National Security,https://panchkula.haryanapolice.gov.in,"Police Department, Panchkula District, Haryana",714
Home affairs & National Security,https://awards.gov.in,National Awards Portal,715
Home affairs & National Security,https://pcpc.gov.in,"Pimpri Chinchwad Police, Maharashtra",716
Home affairs & National Security,https://www.cfslbpl.gov.in,"Central Forensic Science Laboratory (CFSL), Bhopal",717
Home affairs & National Security,https://www.cpsurat.gujarat.gov.in,"Police Commissioners Office, Surat, Gujarat",718
Home affairs & National Security,https://ctb.rajbhasha.gov.in,Central Translation Bureau,719
Home affairs & National Security,https://jalnapolice.gov.in,"Jalna Police, Maharashtra",720
Home affairs & National Security,https://sppatan.gujarat.gov.in,"Patan District Police Office, Gujarat",721
Home affairs & National Security,https://home.wb.gov.in,"Home and Hill Affairs Department, West Bengal",722
Home affairs & National Security,https://arunpol.nic.in,Arunachal Pradesh Police,724
Home affairs & National Security,https://rajbhashasamiti.gov.in,Committee of Parliament on Official Language,725
Home affairs & National Security,https://ndma.gov.in,National Disaster Management Authority (NDMA),726
Home affairs & National Security,https://wayanad.keralapolice.gov.in,"Wayanad District Police, Kerala",727
Home affairs & National Security,https://prisons.tn.gov.in,"Prison Department, Tamil Nadu",728
Home affairs & National Security,https://nidm.gov.in,National Institute of Disaster Management (NIDM),729
Home affairs & National Security,https://spbanaskantha.gujarat.gov.in,"Banaskantha District Police Office, Gujarat",731
Home affairs & National Security,https://meghomeguards.gov.in,"Directorate of Civil Defence & Home Guards, Meghalaya",732
Home affairs & National Security,https://joinindiancoastguard.gov.in,"Online Application - Indian Coast Guard, Ministry of Defence",733
Home affairs & National Security,https://ndal-alis.gov.in,National Database of Arms Licenses,734
Home affairs & National Security,https://spahmedabad.gujarat.gov.in,"Ahmedabad District Police Office, Gujarat",735
Home affairs & National Security,https://maharashtrasrpf.gov.in,"Maharashtra State Reserve Police Force (SRPF), Maharashtra",736
Home affairs & National Security,https://narcoticsindia.nic.in,Narcotics Control Bureau (NCB),738
Home affairs & National Security,https://washimpolice.gov.in,"Washim Police, Maharashtra",739
Home affairs & National Security,https://cidwestbengal.gov.in,"Criminal Investigation Department, West Bengal",741
Home affairs & National Security,https://himachal.nic.in/fireservices,"Department of Fire Services, Himachal Pradesh",742
Home affairs & National Security,https://chittoorpolice.ap.gov.in,"Chittoor District Police, Andhra Pradesh",743
Home affairs & National Security,https://bhiwani.haryanapolice.gov.in,"Police Department, Bhiwani District, Haryana",744
Home affairs & National Security,https://www.cprajkot.gujarat.gov.in,"Police Commissioners Office, Rajkot, Gujarat",746
Home affairs & National Security,https://sonipat.haryanapolice.gov.in,"Police Department, Sonipat District, Haryana",747
Home affairs & National Security,https://arunprisons.nic.in,"Prison, Arunachal Pradesh",748
Home affairs & National Security,https://igirb.haryanapolice.gov.in,"India Reserve Battalion (IRB), Bhondsi, Gurugram, Haryana",749
Home affairs & National Security,https://bsf.gov.in/@frontierkashmir,"Srinagar Frontier, Border Security Force (BSF)",750
Home affairs & National Security,https://ratnagiripolice.co.in,"Ratnagiri Police, Maharashtra",751
Home affairs & National Security,https://barnala.punjabpolice.gov.in,"Barnala Police, Punjab",752
Home affairs & National Security,https://tsprisons.gov.in,"Prisons Department, Telangana",753
Home affairs & National Security,https://spnavsari.gujarat.gov.in,"Navsari District Police Office, Gujarat",754
Home affairs & National Security,https://www.cpahmedabad.gujarat.gov.in,"Police Commissioners Office, Ahmedabad, Gujarat",755
Home affairs & National Security,https://scsp.apcfss.in,"Scheduled Castes Component, Andhra Pradesh",756
Home affairs & National Security,https://prosecution.rajasthan.gov.in,"Prosecution Department, Rajasthan",757
Home affairs & National Security,https://manipurpolice.gov.in,"Manipur Police, Manipur",758
Home affairs & National Security,https://police.bihar.gov.in,Bihar Police,759
Home affairs & National Security,https://tspa.gov.in,"Telangana State Police Academy, Telangana",760
Home affairs & National Security,https://dharani.telangana.gov.in,"Integrated Land Records Management System, Telangana",761
Home affairs & National Security,https://www.bsf.gov.in/@frontierrajasthan_hi,"Rajasthan Frontier, Border Security Force (BSF)",762
Home affairs & National Security,https://nagpurpolice.gov.in,"Nagpur City Police, Maharashtra",763
Home affairs & National Security,https://nfscnagpur.nic.in,National Fire Service College,764
Home affairs & National Security,https://nidaan.nic.in/NIDAAN,National Integrated Database on Arrested Narco Offenders (NIDAAN),765
Home affairs & National Security,https://cbi.gov.in,Central Bureau of Investigation (CBI),766
Home affairs & National Security,https://ptcsunaria.haryanapolice.gov.in,"Police Training College (PTC), Sunaria, Rohtak, Haryana",767
Home affairs & National Security,https://kolhapurpolice.gov.in,"Kolhapur Police, Maharashtra",768
Home affairs & National Security,https://academy.mppolice.gov.in,"Madhya Pradesh Police Academy, Bhopal, Madhya Pradesh",769
Home affairs & National Security,https://amravatiruralpolice.gov.in,"Amravati Rural Police, Maharashtra",770
Home affairs & National Security,https://forensic.mizoram.gov.in,"Forensic Science Laboratory, Mizoram",771
Home affairs & National Security,https://www.svpnpa.gov.in,Sardar Vallabhbhai Patel National Police Academy,772
Home affairs & National Security,https://cgpolicehelp.cgstate.gov.in,Chhattisgarh Police,773
Home affairs & National Security,https://cytrain.ncrb.gov.in,National Cybercrime Training Centre (CyTrain),774
Home affairs & National Security,https://karnal.haryanapolice.gov.in,"Police Department, Karnal District, Haryana",775
Home affairs & National Security,https://puneruralpolice.gov.in,"Pune Rural Police, Maharashtra",776
Home affairs & National Security,https://boi.gov.in,Bureau of Immigration (BOI),777
Home affairs & National Security,https://narakas.rajbhasha.gov.in,Town Official Language Implementation Committee,778
Home affairs & National Security,https://spporbandar.gujarat.gov.in,"Porbandar District Police Office, Gujarat",779
Home affairs & National Security,https://polcitizen.assam.gov.in,Assam Police Seva Setu,782
Home affairs & National Security,https://odishafshgscd.gov.in,"Odisha Fire Service, Home Guards & Civil Defence, Odisha",784
Home affairs & National Security,https://itbpolice.nic.in,Indo Tibetan Border Police (ITBP),785
Home affairs & National Security,https://raigadpolice.gov.in,"Raigad Police, Maharashtra",786
Home affairs & National Security,https://tvmcity.keralapolice.gov.in,"Thiruvananthapuram City Police, Kerala",787
Home affairs & National Security,https://thrissurrural.keralapolice.gov.in,"Thrissur Rural Police, Kerala",788
Home affairs & National Security,https://spsurendranagar.gujarat.gov.in,"Surendranagar District Police Office, Gujarat",790
Home affairs & National Security,https://spkutch.gujarat.gov.in,"Kuchchh District Police Office, Gujarat",791
Home affairs & National Security,https://saarc-sdmc.org,SAARC Disaster Management Centre (SDMC),794
Home affairs & National Security,https://cvc.gov.in,Central Vigilance Commission (CVC),795
Home affairs & National Security,https://www.kolkatapolice.gov.in,"Kolkata Police, West Bengal",796
Home affairs & National Security,https://amravaticitypolice.gov.in,"Amravati City Police, Maharashtra",797
Information & Broadcasting,https://www.nic.in/,National Informatics Centre,798
Information & Broadcasting,https://karresults.nic.in,"Karnataka Examination Results, Karnataka",799
Information & Broadcasting,https://newsonair.gov.in,News on All India Radio,800
Information & Broadcasting,https://www.ecinepramaan.gov.in,E-Cinepramaan,801
Information & Broadcasting,https://edodisha.gov.in,"e-Despatch, Odisha",803
Information & Broadcasting,https://kcis.kerala.gov.in,"Kerala – Central Inspection System K-CIS, Kerala",804
Information & Broadcasting,https://www.nfdcindia.com,National Film Development Corporation (NFDC),806
Information & Broadcasting,https://deptpub.nic.in,Department of Publication,808
Information & Broadcasting,https://goir.ap.gov.in,"Government Order Issue Register, Secretariat, Andhra Pradesh",809
Information & Broadcasting,https://results.vtu.ac.in,"Visveswaraiah Technological University, Belgaum, Karnataka",810
Information & Broadcasting,https://ses2002.guj.nic.in,"Socio Economic Survey 2002-03, Gujarat",811
Information & Broadcasting,https://www.tnarchives.tn.gov.in,"Archives and Historical Research, Tamil Nadu",812
Information & Broadcasting,https://ftii.ac.in,"Film and Television Institute of India, Pune",813
Information & Broadcasting,https://cdit.org,"Centre for Development of Imaging Technology (C-DIT), Kerala",814
Information & Broadcasting,https://spc.uk.gov.in,"State Planning Commission, Uttrakhand",817
Information & Broadcasting,https://www.ashtalakshmimahotsav.com,Ashtalakshmi Mahotsav,818
Information & Broadcasting,https://mahresult.nic.in,"Maharashtra Examination 2023 - RESULT, Maharashtra",819
Information & Broadcasting,https://licensing.delhipolice.gov.in,Delhi Police Licensing,820
Information & Broadcasting,https://cpwdpims.nic.in/CEMS_2021,Contractor Online Registration Monitoring Sysytem - Central Public Works Department (CPWD),821
Information & Broadcasting,https://filmsdivision.org,Films Division,823
Information & Broadcasting,https://cfsindia.org,Children's Film Society,824
Information & Broadcasting,https://wbresults.nic.in,"Examination Results, West Bengal",825
Information & Broadcasting,https://www.becil.com,Broadcasting Engineering Corporation of India Limited (BECIL),826
Information & Broadcasting,https://upidadv.gov.in,"Vigyapan Portal, Department of Information, Uttar Pradesh",827
Information & Broadcasting,https://srfti.ac.in,Satyajit Ray Film and Television Institute,830
Information & Broadcasting,https://www.tcil.net.in,Telecommunications Consultants India Limited,831
Information & Broadcasting,https://www.publicationsdivision.nic.in,Publications Division,832
Information & Broadcasting,https://tnresults.nic.in,"Examination Results, Tamil Nadu",834
Information & Broadcasting,https://hte.rajasthan.gov.in,"Higher Technical and Medical Education, Rajasthan",835
Information & Broadcasting,https://iis.mib.gov.in,Indian Information Service,836
Information & Broadcasting,https://rni.nic.in,Office of Registrar of Newspapers for India (RNI),837
Information & Broadcasting,https://orissaresults.nic.in,"Odisha Examination Results, Odisha",838
Information & Broadcasting,https://cmet.gov.in,Centre for Materials for Electronics Technology (C-MET),839
Information & Broadcasting,https://janshikayat.cg.nic.in,"Janshikayat - Register Grievances online, Status of Grievance, Chhattisgarh",840
Information & Broadcasting,https://webcast.gov.in/lstvlive,Sansad TV,842
Information & Broadcasting,https://megresults.nic.in,"Examination Results - Meghalaya Board of School Education, Meghalaya",844
Information & Broadcasting,https://www.teaauction.gov.in,Tea e-Auction,846
Information & Broadcasting,https://dakkarmayogi.gov.in,Dak-Karmayogi,848
Information & Broadcasting,https://easynicsms.gov.in,"SMS Services, Press Information Bureau (PIB)",850
Information & Broadcasting,https://prasarbharati.gov.in,"Prasar Bharati, Broadcasting Corporation of India",851
Information & Broadcasting,https://www.meity.gov.in/,Ministry of Electronics & Information Technology,852
Information & Broadcasting,https://dte.punjab.gov.in,"Technical Education and Industrial Training Department, Punjab",853
Information & Broadcasting,https://jiyoparsi.minorityaffairs.gov.in,Jiyo Parsi Scheme Portal,857
Information & Broadcasting,https://subhadra.odisha.gov.in,"SUBHADRA Yojana, Odisha",858
Information & Broadcasting,https://pib.gov.in,Press Information Bureau (PIB),860
Information & Broadcasting,https://egov.rni.nic.in,"e-Filing Services, Registrar of Newspaper for India",861
Information & Broadcasting,https://archive.pib.gov.in,Press Information Bureau Archive,862
Information & Broadcasting,https://jaktrans.nic.in,"Motor Vehicles Department, Jammu and Kashmir",863
Information & Broadcasting,https://cbcerp.gov.in,Dynamics 365 Business Central,866
Information & Broadcasting,https://tbresults.tripura.gov.in,"Tripura Examination Results, Agartala , Tripura",867
Information & Broadcasting,https://www.cbfcindia.gov.in,"Central Board of Film Certification (CBFC), Mumbai",868
Information & Broadcasting,https://www.nbtindia.gov.in,National Book Trust (NBT),869
Information & Broadcasting,https://oomf.mib.gov.in,Output Outcome Monitoring Framework,870
Information & Broadcasting,https://swachhatahiseva.gov.in,Swachhata Hi Seva 2024,872
Information & Broadcasting,https://ddnews.gov.in,Doordarshan of India News,873
Information & Broadcasting,https://dipr.rajasthan.gov.in,"Information and Public Relations Department, Rajasthan",875
Information & Broadcasting,https://commercialtax.gujarat.gov.in,"Commissionerate of Entertainment Tax, Gujarat",876
Information & Broadcasting,https://prgi.gov.in,Press Registrar General of India,878
Information & Broadcasting,https://rajbhashaqpr.gov.in,Information Management System,879
Information & Broadcasting,https://newindiasamachar.pib.gov.in,New India Samachar,880
Information & Broadcasting,https://www.antiragging.in,National Anti-Ragging Portal by University Grants Commission (UGC),882
Information & Broadcasting,https://egroops.kerala.gov.in,"Egroops - Electronic Governance for Registration of Partnership and Societies, Kerala",883
Information & Broadcasting,https://mib.dashboard.nic.in,Performance Dashboard,885
Information & Broadcasting,https://presscouncil.nic.in,Press Council of India (PCI),886
Information & Broadcasting,https://gsauca.in,"Gujarat State Agricultural Universities - Common Admissions, Gujarat",889
Information & Broadcasting,https://des.uk.gov.in,"Directorate of Economics and Statistics, Uttarakhand",891
Information & Broadcasting,https://ffo.gov.in/en,"Film Facilitation Office (FFO), National Film Development Corporation",892
Information & Broadcasting,https://photodivision.gov.in,Photo Division of PIB,893
Information & Broadcasting,https://dipr.assam.gov.in,"Directorate of Information and Public Relations, Assam",894
Information & Broadcasting,https://results.puexam.in,"Panjab University Examination Results, Chandigarh",895
Information & Broadcasting,https://indiapostgdsonline.gov.in,GDS Online Engagement,896
Information & Broadcasting,https://dharani.telangana.gov.in,"Integrated Land Records Management System, Telangana",897
Information & Broadcasting,https://new.broadcastseva.gov.in,Broadcast Seva Portal,898
Information & Broadcasting,https://bharat6galliance.com,Bharat6G Alliance,899
Information & Broadcasting,https://go.uk.gov.in,"Uttarakhand Government Orders / Shasanadesh Portal, Uttarakhand",900
Information & Broadcasting,https://factcheck.pib.gov.in,Press Information Bureau Factcheck,901
Information & Broadcasting,https://www.iffigoa.org,International Film Festival of India,902
Information & Broadcasting,https://presssewa.prgi.gov.in,Press Sewa Portal,903
Information & Broadcasting,https://pmindiawebcast.nic.in,PM India Webcast,906
Information & Broadcasting,https://go.lsgkerala.gov.in,"Government Orders, Circulars and Gazettes Notifications, Kerala",909
Information & Broadcasting,https://upresults.nic.in,"Examination Results, Uttar Pradesh",912
Transport & Infrastructure,https://www.nic.in/,National Informatics Centre,913
Transport & Infrastructure,https://www.meity.gov.in/,Ministry of Electronics & Information Technology,915
Transport & Infrastructure,https://cot.gujarat.gov.in,"Commissioner of Transport, Gujarat",916
Transport & Infrastructure,https://digitalsky.dgca.gov.in,Digital Sky Portal,917
Transport & Infrastructure,https://www.cochinport.gov.in,Cochin Port Authority,921
Transport & Infrastructure,https://jiyoparsi.minorityaffairs.gov.in,Jiyo Parsi Scheme Portal,923
Transport & Infrastructure,https://blw.indianrailways.gov.in,"Banaras Locomotive Works, Varanasi",927
Transport & Infrastructure,https://bcasindia.gov.in,Bureau of Civil Aviation Security (BCAS),928
Transport & Infrastructure,https://www.ports.goa.gov.in/en,"Captain of Ports Department, Goa",929
Transport & Infrastructure,https://cr.indianrailways.gov.in,Central Railways,930
Transport & Infrastructure,https://www.cirtindia.com,Central Institute of Road Transport (CIRT),933
Transport & Infrastructure,https://cris.org.in,Centre for Railway Information Systems (CRIS),934
Transport & Infrastructure,https://subhadra.odisha.gov.in,"SUBHADRA Yojana, Odisha",936
Transport & Infrastructure,https://airsewa.gov.in,"AirSewa-Online Flight Details, Airport Information and Grievance Redressal",939
Transport & Infrastructure,https://aaib.gov.in,Aircraft Accident Investigation Bureau (AAIB),940
Transport & Infrastructure,https://www.chennaiport.gov.in,Chennai Port Authority,941
Transport & Infrastructure,https://clw.indianrailways.gov.in,Chittaranjan Locomotive Works (CLW),942
Transport & Infrastructure,https://cofmow.indianrailways.gov.in,"Central Organisation for Modernisation of Workshops, COFMOW",943
Transport & Infrastructure,https://dtc.delhi.gov.in,Delhi Transport Corporation (DTC),944
Transport & Infrastructure,https://www.aai.aero,Airports Authority of India (AAI),946
Transport & Infrastructure,https://ports.ap.gov.in,Andhra Pradesh Maritime Board,948
Transport & Infrastructure,https://dharani.telangana.gov.in,"Integrated Land Records Management System, Telangana",950
Transport & Infrastructure,https://dfccil.com,Dedicated Freight Corridor Corporation of India (DFCCIL),951
Transport & Infrastructure,https://dmw.indianrailways.gov.in,Diesel Loco Modernisation Works,953
Transport & Infrastructure,https://aera.gov.in,Airports Economic Regulatory Authority (AERA),954
Transport & Infrastructure,https://www.deendayalport.gov.in,"Deendayal Port Authority, Gandhidham",955
Transport & Infrastructure,https://www.crridom.gov.in,Central Road Research Institute,956
Transport & Infrastructure,https://ants.andaman.gov.in,Andaman Nicobar State Transport Services,957
Transport & Infrastructure,https://civilaviation.arunachal.gov.in,"Civil Aviation Department, Arunachal Pradesh",958
Transport & Infrastructure,https://swachhatahiseva.gov.in,Swachhata Hi Seva 2024,961
Transport & Infrastructure,https://www.aiahl.in,Air india Assets Holding Limited (AIAHL),963
Transport & Infrastructure,https://apsts.arunachal.gov.in,Arunachal Pradesh State Transport Services (APSTS),964
Transport & Infrastructure,https://registrationandtouristcare.uk.gov.in,"Char Dham Yatra Registration And Hemkund Sahib Registration, Uttarakhand",965
Transport & Infrastructure,https://concorindia.co.in,Container Corporation of India Limited (CONCOR),966
Transport & Infrastructure,https://cochinshipyard.in,Cochin Shipyard Limited,969
Transport & Infrastructure,https://www.ashtalakshmimahotsav.com,Ashtalakshmi Mahotsav,975
Transport & Infrastructure,https://www.delhimetrorail.com,Delhi Metro Rail Corporation Limited,979
Transport & Infrastructure,https://dhr.indianrailways.gov.in,Darjeeling Himalayan Railway,984
Transport & Infrastructure,https://core.indianrailways.gov.in,Central Organisation for Railway Electrification (CORE),985
Governance & Administration,https://dpns.assam.gov.in,"Directorate of Printing and Stationery, Assam",986
Governance & Administration,https://jkgad.nic.in,"General Administration Department, Jammu and Kashmir",987
Governance & Administration,https://innovateindia.mygov.in,Innovate India (MyGov),988
Governance & Administration,https://thanepolice.gov.in,"Thane City Police, Maharashtra",989
Governance & Administration,https://www.jhansipropertytax.com,"Online Property Tax Management System, Jhansi, Uttar Pradesh",991
Governance & Administration,https://hanumakonda.telangana.gov.in,Hanumakonda,992
Governance & Administration,https://itanagar.nic.in,"Itanagar Capital Complex, Arunachal Pradesh",993
Governance & Administration,https://www.auda.org.in,"Ahmedabad Urban Development Authority (AUDA), Gujarat",994
Governance & Administration,https://www.nsdcindia.org,"National Skill Development Corporation India (NSDC), New Delhi",996
Governance & Administration,https://amritsarrural.punjabpolice.gov.in,"Amritsar Rural Police, Punjab",997
Governance & Administration,https://cpgrams.ts.nic.in,"Prajavani  - Centralized Public Grievance Redress and Monitoring System, Telangana",998
Governance & Administration,https://bapatla.ap.gov.in,Bapatla,999
Governance & Administration,https://welfarepension.lsgkerala.gov.in,"Sevana Pension - Social Security System, Kerala",1000
Governance & Administration,https://esamiksha.arunachal.gov.in,"Arunachal-eSamikSha, Arunachal Pradesh",1001
Governance & Administration,https://keralanews.gov.in,"Kerala News - I & PRD Portal, Kerala",1002
Governance & Administration,https://asdma.gov.in,"State Disaster Management Authority, Assam",1003
Governance & Administration,https://keralahouse.kerala.gov.in,"Kerala House & Office Of The Resident Commissioner in New Delhi, Kerala",1004
Governance & Administration,https://rti.sic.kerala.gov.in,"Kerala State Information Commission, Kerala",1005
Governance & Administration,https://stateexcise.maharashtra.gov.in,"Maharashtra State Excise Duty, Maharashtra",1007
Governance & Administration,https://mckarnal.in,Karnal Municipal Corporation,1009
Governance & Administration,https://bathinda.punjabpolice.gov.in,"Bathinda Police, Punjab",1011
Governance & Administration,https://meridian2024.gov.in,Meridian Conference 2024,1012
Governance & Administration,https://tseminyu.nic.in,Tseminyu,1013
Governance & Administration,https://tvc.telangana.gov.in,"Telangana Vigilance Commission, Telangana",1014
Governance & Administration,https://missionshakti.odisha.gov.in,"MIS System for Mission Shakti Portal, Odisha",1015
Governance & Administration,https://megdbt.gov.in,"Direct Benefit Transfer, Meghalaya",1016
Governance & Administration,https://notary.legalaffairs.gov.in,Notary Online Application Portal,1017
Governance & Administration,https://mplokayukt.nic.in,"Lokayukt Organisation, Madhya Pradesh",1018
Governance & Administration,https://dccws.delhi.gov.in,Delhi Consumer's Co-operative Wholesale Store Ltd.,1019
Governance & Administration,https://www.pmc.bihar.gov.in,Patna Municipal Corporation,1020
Governance & Administration,https://www.ashtalakshmimahotsav.com,Ashtalakshmi Mahotsav,1021
Governance & Administration,https://sewa-itihas.bih.nic.in,"Sewa Itihas (Service History Management) Portal, Bihar",1022
Governance & Administration,https://goaonline.gov.in,"Goa Online Services, Goa",1023
Governance & Administration,https://gdp.tn.gov.in,"CRA, CLA, CLR Management Information System, Tamil Nadu",1024
Governance & Administration,https://dgqi.gov.in,Data Governance Quality Index,1025
Governance & Administration,https://pensionersportal.gov.in,Pensioners' Portal,1030
Governance & Administration,https://ngdrsmanipur.nic.in,"National Generic Document Registration System, Manipur",1031
Governance & Administration,https://1000d.gujarat.gov.in,"Mukhyamantri Matrushakti Yojana, Gujarat",1034
Governance & Administration,https://www.indiabudget.gov.in,Union Budget,1035
Governance & Administration,https://eaadhaar.uidai.gov.in,e-Aadhaar Portal by UIDAI,1036
Governance & Administration,https://sso.rajasthan.gov.in,"Rajasthan Single Sign On (One Digital Identity for all Applications), Rajasthan",1037
Governance & Administration,https://dm.mcgm.gov.in,Greater Mumbai Municipal Corporation,1038
Governance & Administration,https://igr.assam.gov.in,"Inspector General of Registration, Assam",1039
Governance & Administration,https://nwcmc.gov.in,Nanded-Waghala Municipal Corporation,1040
Governance & Administration,https://iism.nic.in,National Institute for Geo-Informatics Science and Technology and Mapping (NIGST),1041
Governance & Administration,https://online.ulbharyana.gov.in,"Urban Local Bodies Department, Haryana",1042
Governance & Administration,https://egreetings.gov.in,eGreetings Portal,1043
Governance & Administration,https://jansunwai.up.nic.in,"Jansunwai - Samadhan (Integrated Public Grievance Redressal System), Uttar Pradesh",1044
Governance & Administration,https://kmy.gov.in/kmy,Kailash Mansarovar Yatra,1045
Governance & Administration,https://www.municipalcollegerkl.com,"Municipal College, Rourkela, Odisha",1047
Governance & Administration,https://tnsdma.tn.gov.in,"Tamil Nadu State Disaster Management Authority (TNSDMA), Tamil Nadu",1048
Governance & Administration,https://www.oswan.gov.in,"Odisha State Wide Area Network (OSWAN), Odisha",1050
Governance & Administration,https://fazilka.punjabpolice.gov.in,"Fazilka Police, Punjab",1052
Governance & Administration,https://nset.gov.in,National Symposium on Excellence in Training (NSET),1053
Governance & Administration,https://www.plrs.org.in,"Punjab Land Records Society (PLRS), Punjab",1054
Governance & Administration,https://tirupati.ap.gov.in,Tirupati,1055
Governance & Administration,https://igrpunjab.gov.in,"National Generic Document Registration System, Punjab",1056
Governance & Administration,https://gazette.kar.nic.in,"e-Gazette, Karnataka",1057
Governance & Administration,https://esopb.gov.in,"Directorate of Statistics, Punjab",1058
Governance & Administration,https://hcmripa.rajasthan.gov.in,"HCMRIPA - Rajasthan State Institute of Public Administration, Rajasthan",1061
Governance & Administration,https://rahat.up.nic.in,"COVID-19 updates by Office of the Relief Commissioner, Uttar Pradesh",1062
Governance & Administration,https://abp.championsofchange.gov.in,Aspirational Blocks Programme,1063
Governance & Administration,https://esla.delhi.gov.in,"e-Monitoring - Service Level Agreement, Delhi",1064
Governance & Administration,https://tnhouse.tn.gov.in,"Tamil Nadu House - New Delhi, Tamil Nadu",1065
Governance & Administration,https://aatmanirbharbharat.mygov.in,AatmaNirbharBharat (MyGov),1066
Governance & Administration,https://hojai.assam.gov.in,Hojai,1067
Governance & Administration,https://112.gov.in,Emergency Response Support System with a Single Emergency Number 112,1069
Governance & Administration,https://spark.gov.in,"Service and Payroll Administrative Repository for Kerala (SPARK), Kerala",1070
Governance & Administration,https://consumerhelpline.gov.in,INGRAM Portal-National Consumer Helpline,1071
Governance & Administration,https://dct.delhi.gov.in,Delhi Cooperative Tribunal,1074
Governance & Administration,https://parvathipurammanyam.ap.gov.in,Parvathipuram Manyam,1075
Governance & Administration,https://postagestamps.gov.in,Postage Stamps,1076
Governance & Administration,https://suratdp.gujarat.gov.in,"Surat District Panchayat, Gujarat",1077
Governance & Administration,https://jaankari.bihar.gov.in,"Right to Information (RTI) Jaankari Facilitation Centre, Bihar",1078
Governance & Administration,https://varanasi.nic.in,Varanasi,1079
Governance & Administration,https://goir.telangana.gov.in,"Government Orders Issue Register, Telangana",1080
Governance & Administration,https://rtiportal.kerala.gov.in,"Right to Information (RTI), Kerala",1081
Governance & Administration,https://www.regional-commissioner-belgaum.gov.in,"Regional Commissioner Office Belgaum, Karnataka",1082
Governance & Administration,https://darbhangadivision.bih.nic.in,"Divisional Commissioner, Darbhanga Division, Bihar",1083
Governance & Administration,https://rajpatrahimachal.nic.in,"eGazette Rajpatra, Himachal Pradesh",1084
Governance & Administration,https://subhadra.odisha.gov.in,"SUBHADRA Yojana, Odisha",1086
Governance & Administration,https://bwsajala.karnataka.gov.in,Bangalore Water Supply and Sewerage Board,1091
Governance & Administration,https://blog.mygov.in,Blog (MyGov),1092
Governance & Administration,https://soreng.nic.in,Soreng,1093
Governance & Administration,https://transformingindia.mygov.in,Transforming India (MyGov),1095
Governance & Administration,https://ras.gov.in,"Rapid Assessment System (RAS), Government of India",1096
Governance & Administration,https://eprastuti.assam.gov.in,"Eprastuti, Assam",1097
Governance & Administration,https://pmdahry.org.in,"Panchkula Metropolitan Development Authority, Haryana",1098
Governance & Administration,https://planning.gujarat.gov.in,"Planning Division, General Administration Department, Gujarat",1099
Governance & Administration,https://scrb.haryanapolice.gov.in,"State Crime Record Bureau, Haryana",1100
Governance & Administration,https://tnregipayment.gov.in,"e-Payment System, Tamil Nadu",1101
Governance & Administration,https://evaluation.nagaland.gov.in,"Directorate of Evaluation, Nagaland",1102
Governance & Administration,https://sampark.rajasthan.gov.in,"Sampark-Grievances Redressal System, Rajasthan",1104
Governance & Administration,https://arunachalilp.com,"Inner Line Permit Management System, Arunachal Pradesh",1106
Governance & Administration,https://www.india.gov.in,National Portal of India,1110
Governance & Administration,https://ekmc.in,"e-Governance Solution - Kohima Municipal Corporation, Nagaland",1111
Governance & Administration,https://www.upkisankarjrahat.upsdc.gov.in,"Farmer Loan Redemption Scheme, Uttar Pradesh",1112
Governance & Administration,https://assembly.rajasthan.gov.in,"Legislative Assembly, Rajasthan",1113
Governance & Administration,https://egazette.odisha.gov.in,"Odisha e-Gazette, Odisha",1114
Governance & Administration,https://swagat.gujarat.gov.in,"SWAGAT (State Wide Attention on Grievances by Application of Technology) System, Gujarat",1115
Governance & Administration,https://www.uidai.gov.in,Unique Identification Authority of India (UIDAI),1116
Governance & Administration,https://bharuchdp.gujarat.gov.in,"Bharuch District Panchayat, Gujarat",1117
Governance & Administration,https://dlrar.assam.gov.in,"Directorate of Land Requisition Acquisition & Reforms, Assam",1118
Governance & Administration,https://cbud.gov.in,Call Before u Dig,1120
Governance & Administration,https://e-housing.kerala.gov.in,"e-Housing Online Disbursement of Housing Assistance to the SC, Kerala",1124
Governance & Administration,https://eprosecution.gov.in,e-Prosecution,1125
Governance & Administration,https://sindhudurgpolice.gov.in,"Sindhudurg Police, Maharashtra",1126
Governance & Administration,https://www.cmgi.org.in,"Centre for Modernizing Government Initiative, Odisha",1128
Governance & Administration,https://mpbhawan.gov.in,"Madhya Pradesh Bhawan - New Delhi, Madhya Pradesh",1129
Governance & Administration,https://www.myscheme.gov.in,MyScheme,1130
Governance & Administration,https://www.panvelcorporation.com,Panvel Municipal Corporation,1131
Governance & Administration,https://www.hyderabadwater.gov.in/en,Hyderabad Metropolitan Water Supply and Sewerage Board,1133
Governance & Administration,https://neemkathana.rajasthan.gov.in,Neem Ka Thana,1134
Governance & Administration,https://jalandharcity.punjabpolice.gov.in,"Police Commissionerate Jalandhar, Punjab",1135
Governance & Administration,https://goicharters.nic.in,Citizens Charters in Government of India,1137
Governance & Administration,https://gandhinagardp.gujarat.gov.in,"Gandhinagar District Panchayat, Gujarat",1139
Governance & Administration,https://eservices.tn.gov.in,"Survey and Settlement Department, Tamil Nadu",1140
Governance & Administration,https://kutchdp.gujarat.gov.in,"Kachchh District Panchayat, Gujarat",1141
Governance & Administration,https://commhsr.haryana.gov.in,"Divisional Commissioner Hisar, Haryana",1142
Governance & Administration,https://gujaratbhawan.gujarat.gov.in,"Gujarat Bhawan and Office of the Resident Commissioner, Gujarat",1143
Governance & Administration,https://www.census.tn.nic.in,"Directorate of Census Operations, Tamil Nadu",1144
Governance & Administration,https://iojn.guj.nic.in,"Integrated Online Junction on Net for Decentralised District Planning (iOjN 4 Planning), Gujarat",1145
Governance & Administration,https://nnvns.org.in,"Nagar Nigam Varanasi, Uttar Pradesh",1146
Governance & Administration,https://budgetlive.nic.in,Webcast of Hon'ble Finance Minister's Presentation of Union Budget in the Parliament,1147
Governance & Administration,https://vijayapura.nic.in,Vijayapura,1150
Governance & Administration,https://s24pgs.gov.in,South 24 Parganas,1152
Governance & Administration,https://sohra.gov.in,"Sohra Civil Sub-Division, East Khasi Hills District, Meghalaya",1153
Governance & Administration,https://echallan.cg.nic.in,"e-Challan, Chhattisgarh",1154
Governance & Administration,https://www.kic.gov.in,"Karnataka Information Commission, Karnataka",1159
Governance & Administration,https://sikkim.gov.in,Official Portal of Sikkim Government,1160
Governance & Administration,https://www.sikkim.gov.in/mygovernment/gazettes,"Gazettes, Sikkim",1162
Governance & Administration,https://eniwas.bih.nic.in,"eNiwas - Quarter Allotment Management System, Bihar",1163
Governance & Administration,https://mahasdb.maharashtra.gov.in,"Maharashtra State Data Bank, Maharashtra",1164
Governance & Administration,https://artd.gujarat.gov.in,"Administrative Reforms and Training Division, General Administration Department, Gujarat",1165
Governance & Administration,https://mcphagwara.in,Phagwara Municipal Corporation,1166
Governance & Administration,https://ntr.ap.gov.in,Ntr,1167
Governance & Administration,https://kutumba.karnataka.gov.in,"Kutumba Portal, Karnataka",1168
Governance & Administration,https://gad.delhi.gov.in,"General Administration Department, Delhi",1169
Governance & Administration,https://prd.kerala.gov.in/council-of-ministers,"Minister for Information Public Relations Department, Kerala",1170
Governance & Administration,https://socialsecuritymission.gov.in,"Kerala Social Security Mission, Kerala",1171
Governance & Administration,https://meraparivar.haryana.gov.in,"Parivar Pehchan Patra Yojna, Haryana",1173
Governance & Administration,https://localbodies.up.nic.in,"Directorate of Local Bodies, Uttar Pradesh",1174
Governance & Administration,https://upvidhansabhaproceedings.gov.in,"Legislative Assembly, Uttar Pradesh",1175
Governance & Administration,https://www.ceopunjab.gov.in,"Chief Electoral Officer, Punjab",1176
Governance & Administration,https://dlrs.assam.gov.in,"Directorate of Land Records, Assam",1177
Governance & Administration,https://portal.treasury.kerala.gov.in,"Treasury Department, Kerala",1178
Governance & Administration,https://ddma.delhi.gov.in,Delhi Disaster Management Authority,1179
Governance & Administration,https://bhulekh.ori.nic.in,Bhulekh - Land Records Web Portal of Odisha,1180
Governance & Administration,https://prosecution.delhi.gov.in,"Directorate of Prosecution, Delhi",1181
Governance & Administration,https://sanchore.rajasthan.gov.in,Sanchore,1183
Governance & Administration,https://hryguesthouse.gov.in,"Rest House Room Booking Portal, Haryana",1184
Governance & Administration,https://odisha.data.gov.in,"Open Government Data Portal, Odisha",1185
Governance & Administration,https://amlarem.gov.in,"Amlarem Civil Sub-Division, Meghalaya",1186
Governance & Administration,https://mcpanchkula.in,Panchkula Municipal Corporation,1187
Governance & Administration,https://hcraj.nic.in/erti,"eRTI Portal (High Court & District Judiciary), Rajasthan",1188
Governance & Administration,https://nagarnigamjagdalpur.in,Jagdalpur Municipal Corporation,1189
Governance & Administration,https://rtgs.ap.gov.in,"Real Time Governance Society, Andhra Pradesh",1190
Governance & Administration,https://meripehchaan.gov.in,MeriPehchaan-National Single Sign-On (NSSO),1191
Governance & Administration,https://sdgindiaindex.niti.gov.in,SDG India Dashboard,1192
Governance & Administration,https://kumaon.gov.in,"Kumaon Division, Uttarkhand",1194
Governance & Administration,https://cdma.ap.gov.in,"Commissioner & Director of Municipal Administration, Andhra Pradesh",1195
Governance & Administration,https://biharbhumi.bihar.gov.in,"Online Mutation, Department of Revenue and Land Reforms, Bihar",1196
Governance & Administration,https://tripura.gov.in/chief-secretary-profile,"Chief Secretary, Tripura",1197
Governance & Administration,https://intraawards.gov.in,National Awards Intra Portal,1198
Governance & Administration,https://eqjcourts.gov.in,e-Quasi Judicial Courts Information System,1199
Governance & Administration,https://nagarnigampanipat.in,Panipat Municipal Corporation,1200
Governance & Administration,https://satnamunicipalcorporation.com,Satna Municipal Corporation,1201
Governance & Administration,https://manipurgovtpress.nic.in,"Directorate of Printing and Stationary, Manipur",1202
Governance & Administration,https://aadhaar.jharkhand.gov.in,"UID - Aadhaar Portal, Jharkhand",1203
Governance & Administration,https://tenders.ladakh.gov.in/nicgep/app,"eProcurement System, Ladakh",1204
Governance & Administration,https://emantrimandal.uk.gov.in,"e-Cabinet, Uttarakhand",1205
Governance & Administration,https://www.kmckatni.org,Murwara - Katni Municipal Corporation,1206
Governance & Administration,https://umd.nic.in/noida,"New Okhla Industrial Development Authority (NOIDA), Uttar Pradesh",1209
Governance & Administration,https://megrssa.nic.in,"The Meghalaya Residents Safety and Security Act, 2016, Meghalaya",1210
Governance & Administration,https://eauction.gov.in/eauction,eAuction India,1211
Governance & Administration,https://serviceonline.gov.in,ServicePlus - Integrated eService Delivery Framework of NIC,1212
Governance & Administration,https://arunachalgovernor.gov.in,"Governor, Arunachal Pradesh",1213
Governance & Administration,https://janasunani.odisha.gov.in,"Department of General Administration and Public Grievance, Odisha",1214
Governance & Administration,https://hap3rdbn.haryanapolice.gov.in,"3rd Battalion, Haryana Armed Police Hisar, Haryana",1216
Governance & Administration,https://traffic.haryanapolice.gov.in,"Haryana Traffic Police, Haryana",1219
Governance & Administration,https://akolapolice.gov.in,"Akola Police, Maharashtra",1220
Governance & Administration,https://khanna.punjabpolice.gov.in,"Khanna Police, Punjab",1221
Governance & Administration,https://gwaliordivisionmp.nic.in,"Commissioner, Gwalior Division, Madhya Pradesh",1223
Governance & Administration,https://statelotteries.goa.gov.in,"Directorate of Small Savings and Lotteries, Goa",1224
Governance & Administration,https://kakinada.ap.gov.in,Kakinada,1225
Governance & Administration,https://www.padmaawards.gov.in,Padma Awards,1226
Governance & Administration,https://rishramunicipality.org,"Rishra Municipality, West Bengal",1227
Governance & Administration,https://mpedistrict.gov.in,"State Public Service Agency, Madhya Pradesh",1229
Governance & Administration,https://ccla.ap.gov.in,"Chief Commissioner of Land Administration (CCLA), Andhra Pradesh",1230
Governance & Administration,https://www.censusgujarat.gov.in,"Directorate of Census Operations, Gujarat",1231
Governance & Administration,https://mcbatala.co.in,Batala Municipal Corporation,1232
Governance & Administration,https://phalodi.rajasthan.gov.in,Phalodi,1235
Governance & Administration,https://nawanshahr.nic.in,Shahid Bhagat Singh Nagar,1237
Governance & Administration,https://republicday.nic.in,Republic Day Celebrations,1238
Governance & Administration,https://msdma.gov.in,"State Disaster Management Authority, Shillong, Meghalaya",1240
Governance & Administration,https://dudubasantgarh.gov.in,"Dudu Basantgarh Sub Division, Jammu and Kashmir",1241
Governance & Administration,https://amravaticorporation.in,Amravati Municipal Corporation,1242
Governance & Administration,https://tender.mizoram.gov.in,"e-Tender, Mizoram",1243
Governance & Administration,https://directoratesainikwelfare.assam.gov.in,"Directorate of Sainik Welfare, Assam",1244
Governance & Administration,https://www.cgstate.gov.in,Official Portal of Chhattisgarh Government,1245
Governance & Administration,https://jkpolice.gov.in,"Jammu and Kashmir Police, Jammu and Kashmir",1246
Governance & Administration,https://onoe.gov.in,One Nation one Election,1247
Governance & Administration,https://eproc2.bihar.gov.in,"e-Procurement System, Bihar",1248
Governance & Administration,https://shaadi.edisha.gov.in,"Haryana Marriage Registration, Haryana",1249
Governance & Administration,https://pakur.nic.in,Pakur,1250
Governance & Administration,https://welfarerecruitments.apcfss.in,"Andhra Pradesh Social Welfare Residential Educational Institutions Society, Recruitment Processing System",1252
Governance & Administration,https://lokshikayat.bihar.gov.in,Bihar Public Grievance Redressal System,1254
Governance & Administration,https://epension.wbhed.gov.in,"ePension of Teachers & Non-Teaching Staff of Grant-in-Aid Colleges Under Administrative Control of Department of Higher Education, West Bengal",1256
Governance & Administration,https://mpdistricts.nic.in,"Districts Portal, Madhya Pradesh",1257
Governance & Administration,https://annamayya.ap.gov.in,Annamayya,1259
Governance & Administration,https://jiyoparsi.minorityaffairs.gov.in,Jiyo Parsi Scheme Portal,1263
Governance & Administration,https://cooperatives.gov.in/en,National Cooperative Database,1264
Governance & Administration,https://biswanath.gov.in,Biswanath,1265
Governance & Administration,https://dgipr.maharashtra.gov.in,"Directorate General of Information and Public Relations, Maharashtra",1266
Governance & Administration,https://www.ard.rajasthan.gov.in,"Administrative Reforms Department, Rajasthan",1268
Governance & Administration,https://ukvidhansabha.uk.gov.in,"Legislative Assembly (Vidhan Sabha), Uttarakhand",1273
Governance & Administration,https://ladakh.nic.in/cooperative,"Cooperative Department, Ladakh",1274
Governance & Administration,https://nadia.gov.in,Nadia,1275
Governance & Administration,https://dudu.rajasthan.gov.in,Dudu,1276
Governance & Administration,https://fatehgarhsahib.punjabpolice.gov.in,"Fatehgarh Sahib Police, Punjab",1277
Governance & Administration,https://dcwestrev.delhi.gov.in,West,1278
Governance & Administration,https://himkosh.hp.nic.in,IFMIS - Government Receipts Accounting System,1280
Governance & Administration,https://pmawards.gov.in,Prime Ministers Award for Excellence in Public Administration,1281
Governance & Administration,https://reg.goa.gov.in,"Online Registration of Marriage, Goa",1282
Governance & Administration,https://jklm.nic.in,"Department of Legal Metrology, Jammu and Kashmir",1283
Governance & Administration,https://collectorvadodara.gujarat.gov.in,"Collectorate - District Vadodara, Gujarat",1284
Governance & Administration,https://swachhatahiseva.gov.in,Swachhata Hi Seva 2024,1285
Governance & Administration,https://gujaratindia.gov.in,Official Portal of Gujarat Government,1290
Governance & Administration,https://batala.punjabpolice.gov.in,"Batala Police, Punjab",1291
Governance & Administration,https://iems.eci.gov.in,"Integrated Election Expenditure Monitoring System, Election Commision",1292
Governance & Administration,https://khairthaltijara.rajasthan.gov.in,Khairthal-Tijara,1294
Governance & Administration,https://neva.gov.in,"National eVidhan Application, Digital Legislatures",1295
Governance & Administration,https://rpg.rajasthan.gov.in,"RPG (Redressal of Public Grievances), Rajasthan",1297
Governance & Administration,https://grievances.maharashtra.gov.in,"Grievances Redressal Portal, Maharashtra",1298
Governance & Administration,https://beawar.rajasthan.gov.in,Beawar,1299
Governance & Administration,https://eunnat.jk.gov.in/pages/Home.aspx,"e-UNNAT UNified INtegrated Accessible, Transparent, Jammu and Kashmir",1300
Governance & Administration,https://ddrs.delhi.gov.in,Delhi Dispute Resolution Society (Regd.),1301
Governance & Administration,https://www.berhampur.gov.in,Berhampur Municipal Corporation,1306
Governance & Administration,https://eservices.punjab.gov.in,"eServices, Punjab",1307
Governance & Administration,https://www.nri.gujarat.gov.in,"Gujarat State Non-Resident Gujaratis Foundation, Gujarat",1308
Governance & Administration,https://shahpura.rajasthan.gov.in,Shahpura,1310
Governance & Administration,https://censusindia.gov.in,Office of the Registrar General and Census Commissioner,1311
Governance & Administration,https://bncmc.gov.in,Bhiwandi Municipal Corporation,1312
Governance & Administration,https://sevasamadhan.bihar.gov.in,Bihar Government Servant Grievance Redressal System,1314
Governance & Administration,https://ortpsa.odisha.gov.in,"Odisha Right To Public Services Act, Odisha",1315
Governance & Administration,https://gac.gov.in,Grievance Appellate Committee,1318
Governance & Administration,https://stampsregistration.gujarat.gov.in,"Inspector General of Registration and Suprintendent of Stamps, Gujarat",1319
Governance & Administration,https://ap.meeseva.gov.in,"MeeSeva - Interated Services Delivery GateWay, Andhra Pradesh",1321
Governance & Administration,https://ccpgoa.com,Corporation of the city of Panji,1322
Governance & Administration,https://gangapurcity.rajasthan.gov.in,Gangapurcity,1325
Governance & Administration,https://www.cgca.gov.in,Controller General Of Communication Accounts (CGCA),1328
Governance & Administration,https://dpgs.delhi.gov.in,Delhi Parks and Gardens Society,1329
Governance & Administration,https://egrasmanipur.nic.in,"GRAS-Government Receipt Accounting System, Manipur",1330
Governance & Administration,https://mizoramhouse.nic.in,"Mizoram House - New Delhi, Mizoram",1332
Governance & Administration,https://upparliamentaryaffairs.gov.in,"Parliamentary Affairs Department, Uttar Pradesh",1333
Governance & Administration,https://www.udaipurmc.org,Udaipur Municipal Corporation,1335
Governance & Administration,https://www.dmcdewas.com,Dewas Municipal Corporation,1336
Governance & Administration,https://mohla-manpur-ambagarhchowki.cg.gov.in,Mohla-Manpur-Ambagarh Chouki,1337
Governance & Administration,https://www.data.gov.in,Open Government Data Platform India,1339
Governance & Administration,https://jkcpis.nic.in,"Centralized Personnel Information System, Jammu and Kashmir",1341
Governance & Administration,https://www.murshidabadpolice.org,"Murshidabad Police, West Bengal",1342
Governance & Administration,https://edistrict.andaman.gov.in,"e-District Project, Andaman & Nicobar Administration",1344
Governance & Administration,https://etender.cpwd.gov.in,Central Public Works Department - eTenders,1345
Governance & Administration,https://ngdrs.tripura.gov.in/NGDRS_TR/Users/welcomenote,"National Generic Document Registration System, Tripura",1346
Governance & Administration,https://karbianglong.gov.in,Karbi Anglong,1347
Governance & Administration,https://himkosh.hp.nic.in/halomis,"Online House Allotment Management System, Himachal Pradesh",1348
Governance & Administration,https://cgstrajkot.gov.in,"Central GST Commissionerate, Rajkot",1349
Governance & Administration,https://egazette.chd.gov.in,"e-Gazette, Chandigarh",1350
Governance & Administration,https://sagardivisionmp.nic.in,"Commissioner, Sagar Division, Madhya Pradesh",1351
Governance & Administration,https://egazette.cg.nic.in,"e-Gazette, Chhattisgarh",1353
Governance & Administration,https://badrinath-kedarnath.gov.in,"Shri Badarinath Kedarnath Temple Committee, Uttarakhand",1354
Governance & Administration,https://epanjiyan.rajasthan.gov.in,"e-Panjiyan, Property Registration and Land Records Integration, Rajasthan",1356
Governance & Administration,https://www.cmcchandrapur.com,Chandrapur Municipal Corporation,1357
Governance & Administration,https://rtionline.delhi.gov.in,"Right to Information, Delhi",1358
Governance & Administration,https://home.rajasthan.gov.in/acb,"Anti Corruption Bureau, Rajasthan",1359
Governance & Administration,https://anakapalli.ap.gov.in,Anakapalli,1360
Governance & Administration,https://esankhyiki.mospi.gov.in,e - Sankhyiki Portal,1361
Governance & Administration,https://prayas.nic.in,PRAYAS Portal,1362
Governance & Administration,https://ulbharyana.gov.in/WebCMS/Start/191,"Municipal Corporation Faridabad (MCF), Haryana",1363
Governance & Administration,https://archives.assam.gov.in,"Directorate of Archives, Assam",1364
Governance & Administration,https://ananthapuramu.ap.gov.in,Ananthapuramu,1366
Governance & Administration,https://www.tdscpc.gov.in,TRACES - TDS (Tax Deducted at Source) Reconciliation Analysis and Correction Enabling System,1368
Governance & Administration,https://umd.nic.in/gnida,"Greater Noida Industrial Development Authority,  Uttar Pradesh",1369
Governance & Administration,https://meghalayaone.gov.in,MeghalayaONE,1371
Governance & Administration,https://rti.goa.gov.in,"Right to Information (RTI), Goa",1372
Governance & Administration,https://cpwdpims.nic.in,"Personnel Information and Management System, Central Public Works Department, Delhi",1373
Governance & Administration,https://srisathyasai.ap.gov.in,Sri Sathya Sai,1374
Governance & Administration,https://eservicesmanipur.gov.in,"e-District, Manipur",1375
Governance & Administration,https://rupnagar.punjabpolice.gov.in,"Rupnagar Police, Punjab",1376
Governance & Administration,https://www.wastetowealth.gov.in,Waste to Wealth,1377
Governance & Administration,https://ogpress.nic.in,"Directorate of Printing, Stationery & Publication, Odisha",1379
Governance & Administration,https://bhagalpurnagarnigam.in,Bhagalpur Municipal Corporation(BMC),1380
Governance & Administration,https://maharashtracdhg.gov.in,"Civil Defence, Home Guards, Maharashtra",1383
Governance & Administration,https://myvisit.gov.in,MyVisit : Visitor Management Simplified for Government and Citizens,1384
Governance & Administration,https://hppsconline.hp.gov.in/HPPSC/ApplicantRegistration/Home/Login,"Public Service Commission, Himachal Pradesh",1385
Governance & Administration,https://hphamirpur.nic.in,Hamirpur,1386
Governance & Administration,https://upahaar.rashtrapatibhavan.gov.in,"eUPAHAAR, Gift Auction of Items Presented to Honorable President",1387
Governance & Administration,https://ucc.uk.gov.in,"Committee of Experts, Laws Regulating Personal Civil Matters & Uniform Civil Code, Uttarakhand",1388
Governance & Administration,https://apegazette.cgg.gov.in,"e-Gazette, Andhra Pradesh",1390
Governance & Administration,https://shillongpolice.gov.in,"East Khasi Hills District Police, Shillong, Meghalaya",1391
Governance & Administration,https://ndmc.gov.in,New Delhi Muncipal Council (NDMC),1393
Governance & Administration,https://www.xn--i1bj3fqcyde.xn--11b7cb3a6a.xn--h2brj9c,National Portal of India (Hindi Version),1394
Governance & Administration,https://allurisitharamaraju.ap.gov.in,Alluri Sitharama Raju,1395
Governance & Administration,https://wbregistration.gov.in,"Directorate of Registration and Stamp Revenue, West Bengal",1397
Governance & Administration,https://kosidivision.bih.nic.in,"Koshi Division, Saharsa, Bihar",1399
Governance & Administration,https://aurangabad.bih.nic.in,Aurangabad,1402
Governance & Administration,https://eproc.rajasthan.gov.in,"eProcurement System, Rajasthan",1404
Governance & Administration,https://korba.gov.in,Korba,1405
Governance & Administration,https://hrms.jharkhand.gov.in,"Manav Sampada - Human Resource Management System for Jharkhand Government Employees, Jharkhand",1406
Governance & Administration,https://louchapathap.nic.in,"LouchaPathap - Land Record Information System, Manipur",1407
Governance & Administration,https://eprocure.gov.in,Indian Government Tenders Information System,1408
Governance & Administration,https://www.pension.mp.gov.in,"Directorate of Pension Provident Fund and Insurance (DoPPFI), Madhya Pradesh",1410
Governance & Administration,https://trafficpolicemumbai.maharashtra.gov.in,"Mumbai Traffic Police, Maharshtra",1411
Governance & Administration,https://www.goa.gov.in,Official Portal of Goa Government,1412
Governance & Administration,https://vijayanagara.nic.in,Vijayanagar,1413
Governance & Administration,https://projectuday.gov.in,"Urban Water Supply & Environmental Improvement, Madhya Pradesh",1414
Governance & Administration,https://dnh.gov.in,Dadra And Nagar Haveli,1415
Governance & Administration,https://kapurthalapolice.gov.in,"Kapurthala Police, Punjab",1416
Governance & Administration,https://www.egazetteodisha.nic.in,"e-Gazette, Odisha",1417
Governance & Administration,https://www.rmcratlam.in,Ratlam Municipal Corporation,1418
Governance & Administration,https://puruliapolice.org,"Purulia District Police, West Bengal",1419
Governance & Administration,https://www.birdgroup.co.in,Bird Group of Companies,1421
Governance & Administration,https://garvibeta.gujarat.gov.in,"Inspector General of Registration, Gujarat",1422
Governance & Administration,https://eproc.karnataka.gov.in,"Karnataka Public Procurement Portal, Karnataka",1423
Governance & Administration,https://www.mygov.in,MyGov India,1424
Governance & Administration,https://www.jda.gov.in/en,Jalandhar Development Authority,1425
Governance & Administration,https://mauganj.nic.in/en,MAUGANJ,1426
Governance & Administration,https://www.lbsnaa.gov.in,Lal Bahadur Shastri National Academy of Administration (LBSNAA),1427
Governance & Administration,https://www.jhpolice.gov.in,"Jharkhand Police, Jharkhand",1429
Governance & Administration,https://mplads.gov.in,Member of Parliament Local Area Development Scheme (MPLADS),1430
Governance & Administration,https://addaonline.in,"ASANSOL Durgapur Development Authority, West Bengal",1431
Governance & Administration,https://aaplesarkar.maharashtra.gov.in,"Aaple Sarkar, Maharashtra state Application for Grievances Information and Collaboration, Maharashtra",1432
Governance & Administration,https://dse.bihar.gov.in,"Directorate of Economics and Statistics, Bihar",1433
Governance & Administration,https://eservices.tnpolice.gov.in,"Tamil Nadu Police, Tamil Nadu",1434
Governance & Administration,https://himachalforms.nic.in,"Forms Repository, Himachal Pradesh",1435
Governance & Administration,https://ladakh.nic.in,Official Portal of Ladakh Government,1436
Governance & Administration,https://aadhaar.rajasthan.gov.in,"UID - Aadhaar Portal, Rajasthan",1437
Governance & Administration,https://rmc.nic.in,Rourkela Municipal Corporation,1439
Governance & Administration,https://s3waas.gov.in,"S3WaaS - Secure, Scalable and Sugamya Website as a Service for District Websites",1440
Governance & Administration,https://hbdivmmmsy.jharkhand.gov.in,"Maiya Samman Yojana, Jharkhand",1441
Governance & Administration,https://sangrur.punjabpolice.gov.in,"Sangrur Police, Punjab",1442
Governance & Administration,https://salumber.rajasthan.gov.in,Salumbar,1443
Governance & Administration,https://edharamshala.in,Dharamshala Municipal Corporation,1444
Governance & Administration,https://pgportal.gov.in,Centralised Public Grievance Redress and Monitoring System,1445
Governance & Administration,https://pledge.mygov.in,Pledge (MyGov),1446
Governance & Administration,https://panchayatsgoa.gov.in,"Directorate of Panchayats, Goa",1447
Governance & Administration,https://terms.kerala.gov.in,"Stationery Department, Kerala",1451
Governance & Administration,https://register.csc.gov.in,Services Portal of Common Services Centers (CSC) Scheme,1452
Governance & Administration,https://imc.mn.gov.in,Imphal Municipal Corporation,1453
Governance & Administration,https://palnadu.ap.gov.in,Palnadu,1454
Governance & Administration,https://rtionline.gov.in,RTI applications/First Appeals to Central Government Organisations (RTI Online),1455
Governance & Administration,https://tendersutl.gov.in,"eProcurement System, Lakshadweep",1457
Governance & Administration,https://punepolice.gov.in,"Pune City Police, Maharashtra",1458
Governance & Administration,https://abadirecords.punjab.gov.in,"Mera Ghar Mere Naam, Punjab",1459
Governance & Administration,https://gaurela-pendra-marwahi.cg.gov.in,Gaurela-Pendra-Marwahi,1462
Governance & Administration,https://balotra.rajasthan.gov.in,Balotra,1464
Governance & Administration,https://e-hrms.gujarat.gov.in,"eHRMS - Human Resource Management System Of NIC, Gujarat",1465
Governance & Administration,https://www.smcsrinagar.in,Srinagar Municipal Corporation,1466
Governance & Administration,https://mapservice.gov.in,National Portal of Map Services powered by Bharatmaps GIS Platform,1467
Governance & Administration,https://bhopal.nic.in/en/dm-profiles,"List of District Magistrates, Madhya Pradesh",1468
Governance & Administration,https://chumoukedima.nic.in,Chumoukedima,1470
Governance & Administration,https://kekri.rajasthan.gov.in,Kekri,1471
Governance & Administration,https://moprngo.gov.in,NGO Portal,1472
Governance & Administration,https://www.odishaone.gov.in,Odisha One Unified Citizen Portal,1473
Governance & Administration,https://gaestate.in,"GA Estate, Conversion, Mutation and Mortgage Permission (NOC), Odisha",1475
Governance & Administration,https://mathura.nic.in,Mathura,1477
Governance & Administration,https://meebhoomi.ap.gov.in,"MEE BHOOMI - Public Portal of Land Records, Andhra Pradesh",1478
Governance & Administration,https://upbhunaksha.gov.in,"BhuNaksha (Indian Cadastral Mapping Solution), Uttar Pradesh",1479
Governance & Administration,https://khadc.nic.in,"Khasi Hills Autonomous District Council (KHADC), Meghalaya",1480
Governance & Administration,https://bpsm.bihar.gov.in,Bihar Prashasnik Sudhar Mission Society,1481
Governance & Administration,https://campus.mygov.in,Campus Ambassador Programme (MyGov),1482
Governance & Administration,https://www.yashada.org,"Yeshwantrao Chavan Academy of Development Administration (YASHADA), Maharashtra",1483
Governance & Administration,https://imcindore.mp.gov.in,"Indore Municipal Corporation, Indore, Madhya Pradesh",1484
Governance & Administration,https://delhiassembly.delhi.gov.in,"Legislative Assembly, Delhi",1485
Governance & Administration,https://divcomkonkan.in,"Divisional Commissioner, Konkan, Maharashtra",1486
Governance & Administration,https://evigilance.chd.gov.in,"e-Vigilance, Chandigarh",1487
Governance & Administration,https://haj.gujarat.gov.in,"Gujarat State Haj Committee, Gujarat",1488
Governance & Administration,https://www.exwel.tn.gov.in,"Directorate of Ex-Servicemen's Welfare, Tamil Nadu",1489
Governance & Administration,https://ifcjmu.gov.in,"Jal Shakti Department, Irrigation & Flood Control, Jammu",1490
Governance & Administration,https://www.mcynr.com,Yamunanagar Municipal Corporation,1492
Governance & Administration,https://nrcassam.nic.in,"State Coordinator of National Registration (NRC), Assam",1493
Governance & Administration,https://hpsvacb.hp.gov.in,"State Vigilance & Anti Corruption Bureau, Himachal Pradesh",1495
Governance & Administration,https://odishaassembly.nic.in,"Legislative Assembly, Odisha",1497
Governance & Administration,https://kwa.kerala.gov.in,"Kerala Water Authority, Kerala",1498
Governance & Administration,https://vigilancebureau.punjab.gov.in,"Vigilance Bureau, Punjab",1499
Governance & Administration,https://jami.tripura.gov.in,"Digital India Land Records Modernization Programme (DILRMP), Tripura",1500
Governance & Administration,https://mp.census.gov.in,"Directorate of Census Operation, Madhya Pradesh",1501
Governance & Administration,https://egazette.gov.in,eGazette of India,1504
Governance & Administration,https://mumbaipolice.maharashtra.gov.in,"Greater Mumbai Police, Maharashtra",1505
Governance & Administration,https://www.nic.in/,National Informatics Centre,1506
Governance & Administration,https://ecostat.tripura.gov.in,"Directorate of Economics & Statistics, Tripura",1508
Governance & Administration,https://analytics.gov.in,"Analytics, NIC",1509
Governance & Administration,https://kla.kar.nic.in,Karnataka Legislative,1510
Governance & Administration,https://ncsconf.gov.in,National Conference of Chief Secretaries,1511
Governance & Administration,https://apsac.ap.gov.in,Andhra Pradesh Space Applications Centre (APSAC),1512
Governance & Administration,https://nraa.gov.in,National Rainfed Area Authority (NRAA),1513
Governance & Administration,https://pkdapuri.nic.in,"Puri Konark Development Authority (PKDA), Odisha",1514
Governance & Administration,https://konaseema.ap.gov.in,Dr. B.R. Ambedkar Konaseema,1515
Governance & Administration,https://rgmwb.gov.in,"Registrar General of Marriages, West Bengal",1517
Governance & Administration,https://samagra.gov.in,"Samagra Portal - Samagra Social Security Mission, Madhya Pradesh",1519
Governance & Administration,https://ssp.uk.gov.in,"eSPAN - Social Security State Portal, Uttarakhand",1520
Governance & Administration,https://saathi.mygov.in,MyGov Saathi,1522
Governance & Administration,https://rashtrapatibhavan.gov.in,Rashtrapati Bhavan,1524
Governance & Administration,https://www.aphrdi.ap.gov.in,Andhra Pradesh Human Resource Development Institute (APHRDI),1525
Governance & Administration,https://rti.gov.in,"Right to Information Act (RTI), India",1526
Governance & Administration,https://odishalandrevenue.nic.in,"e-Pauti, Online Land Revenue Payment, Odisha",1528
Governance & Administration,https://cmdashboard.assam.gov.in,"CM Dashboard, Assam",1532
Governance & Administration,https://ganganagar.raj.nic.in,"Election Buddy, Rajasthan",1537
Governance & Administration,https://amravatidivision.gov.in,"Divisional Commissioner Office Amravati, Maharashtra",1539
Governance & Administration,https://www.imc.arunachal.gov.in,Itanagar Municipal Corporation,1540
Governance & Administration,https://www.aplegislature.org,Andhra Pradesh Legislative,1542
Governance & Administration,https://esameeksha.hp.nic.in,"e-Sameeksha, Himachal Pradesh",1544
Governance & Administration,https://nichimachal.nic.in,"Himachal Pradesh State Centre, National Informatics Centre (NIC)",1545
Governance & Administration,https://smcsambalpur.nic.in,Sambalpur Municipal Corporation,1547
Governance & Administration,https://www.tnesevai.tn.gov.in,"Tamil Nadu eSevai Portal, Tamil Nadu",1548
Governance & Administration,https://pmevents.ncog.gov.in,PMEvents,1549
Governance & Administration,https://www.hbcse.tifr.res.in,"Homi Bhabha Centre for Science Education, Tata Institute of Fundamental Research",1554
Governance & Administration,https://www.nitiforstates.gov.in,National Institution for Transforming India for States Portal,1555
Governance & Administration,https://quiz.mygov.in,Quiz (MyGov),1556
Governance & Administration,https://www.tn.gov.in/crop,"Season & Crop Report Tamilnadu, Tamil Nadu",1557
Governance & Administration,https://ngdrs.ladakh.gov.in,"Registrations Department, Ladakh",1560
Governance & Administration,https://mmpcrk.gov.in,"Mukh Mantri Punjab Cancer Raahat Kosh (MMPCRK), Punjab",1562
Governance & Administration,https://ecabinet.ap.gov.in,"eCabinet, Andhra Pradesh",1563
Governance & Administration,https://vvcmc.in,Vasai-Virar Municipal Corporation,1564
Governance & Administration,https://mcmohali.org,S.A.S.Nagar - Mohali Municipal Corporation,1565
Governance & Administration,https://www.wbmdfc.org,"West Bengal Minorities Development and Finance Corporation, West Bengal",1566
Governance & Administration,https://www.aurangabadmahapalika.org,Chhatrapati Sambhajinagar Municipal Corporation,1569
Governance & Administration,https://patentcentre.kerala.gov.in,"Patent Information Centre, Kerala",1570
Governance & Administration,https://hoshiarpur.punjabpolice.gov.in,"Hoshiarpur Police, Punjab",1571
Governance & Administration,https://groundwater.kerala.gov.in,"Ground Water Department, Kerala",1572
Governance & Administration,https://goaulbservice.gov.in,Directorate of Municipal Administration,1573
Governance & Administration,https://ayodhya.nic.in,Ayodhya,1577
Governance & Administration,https://nagardarshan.ulbharyana.gov.in,"Nagar Darshan, Haryana",1578
Governance & Administration,https://dcopudu.attendance.gov.in,"Directorate of Census Operations, Puducherry",1579
Governance & Administration,https://ambikapur.urbanecg.gov.in,Ambikapur Municipal Corporation,1580
Governance & Administration,https://resident.uidai.gov.in,Resident Portal for Online Aadhaar Services by UIDAI,1581
Governance & Administration,https://rti.rajasthan.gov.in,"Right To Information (RTI), Rajasthan",1582
Governance & Administration,https://mungerdivision.bih.nic.in,"Munger Division, Bihar",1584
Governance & Administration,https://lokayukta.arunachal.gov.in,"Lokayukta, Arunachal Pradesh",1585
Governance & Administration,https://edistrict.odisha.gov.in,"eDistrict Portal, Odisha",1586
Governance & Administration,https://edistrict.kerala.gov.in,"eDistrict - Services, Kerala",1587
Governance & Administration,https://manipuruniv.ac.in,"Manipur University, Manipur",1588
Governance & Administration,https://www.meity.gov.in/,Ministry of Electronics & Information Technology,1589
Governance & Administration,https://rtionline.assam.gov.in,"Right to Information Online Portal, Assam",1591
Governance & Administration,https://deeg.rajasthan.gov.in,Deeg,1593
Governance & Administration,https://iscs-eresource.gov.in/web,Inter-State Council Secretariat Digital Resource,1594
Governance & Administration,https://rcmysore.gov.in,"Regional Commissioner Office Mysore, Karnataka",1595
Governance & Administration,https://saralharyana.gov.in,"Antyodaya SARAL Portal, Haryana",1598
Governance & Administration,https://hpsdma.nic.in,"State Disaster Management Authority, Himachal Pradesh",1599
Governance & Administration,https://kochicity.keralapolice.gov.in,"Kochi City Police, Kerala",1600
Governance & Administration,https://eproc.punjab.gov.in,"eProcurement System, Punjab",1601
Governance & Administration,https://ecostatjk.nic.in,"Directorate of Economics and Statistics, Jammu and Kashmir",1602
Governance & Administration,https://skipa.nic.in,"Shri Krishna Institute of Public Administration (SKIPA), Jharkhand",1603
Governance & Administration,https://barpeta.assam.gov.in,Barpeta,1604
Governance & Administration,https://nlcpr.mdoner.gov.in,Non-Lapsable Central Pool of Resource (NLCPR),1606
Governance & Administration,https://shimlamc.hp.gov.in,Shimla Municipal Corporation,1607
Governance & Administration,https://www.mcbathinda.com,Bathinda Municipal Corporation,1608
Governance & Administration,https://dks.delhi.gov.in,Delhi Kalyan Samiti,1609
Governance & Administration,https://bajali.assam.gov.in,Bajali,1611
Governance & Administration,https://ncm.nic.in,National Commission for Minorities (NCM),1612
Governance & Administration,https://core.ap.gov.in/CMDashBoard/Index.aspx,CORE Dashboard - CM Office Real-Time Executive Dashboard,1613
Governance & Administration,https://tsird.gov.in,"Telangana State Institute of Rural Development (TSIRD), Telangana",1614
Governance & Administration,https://lrd.kerala.gov.in,"Land Revenue Department, Kerala",1615
Governance & Administration,https://meerutdivision.nic.in,"Office of the Divisional Commissioner, Meerut Division, Uttar Pradesh",1616
Governance & Administration,https://upbhulekh.gov.in,"Bhulekh - Land Records Computerization, Board of Revenue, Uttar Pradesh",1617
Governance & Administration,https://vnss-mission.gov.in,"Vasantrao Naik Sheti Swavlamban Mission (VNSSM), Amravati, Maharashtra",1619
Governance & Administration,https://psc.ap.gov.in,Andhra Pradesh Public Service Commission,1621
Governance & Administration,https://tender.lsgkerala.gov.in,"Local Self Government Department, Kerala",1622
Governance & Administration,https://nagarnigambhilaicharoda.com,Bhilai Charoda Municipal Corporation,1623
Governance & Administration,https://odishapolice.gov.in,"Odisha Police, Odisha",1624
Governance & Administration,https://purneadivision.bih.nic.in,"Purnea Division, Bihar",1625
Governance & Administration,https://www.ecostat.kerala.gov.in,"Economics & Statistics Department, Kerala",1626
Governance & Administration,https://sbsnagar.punjabpolice.gov.in,"Shahid Bhagat Singh Nagar Police, Punjab",1627
Governance & Administration,https://www.assembly.mn.gov.in,"Legislative Assembly, Manipur",1628
Governance & Administration,https://karnataka.census.gov.in,"Directorate of Census Operations, Karnataka",1629
Governance & Administration,https://rtionline.maharashtra.gov.in,"Right to Information Online (RTI), Maharashtra",1630
Governance & Administration,https://obps.py.gov.in,"Online Building Permission System, Puducherry",1631
Governance & Administration,https://indiamaps.gov.in,Survey of India Maps,1632
Governance & Administration,https://cpao.nic.in,Central Pension Accounting Office (CPAO),1633
Governance & Administration,https://nccdte.uk.gov.in,"National Cadet Corps Directorate, Uttarakhand",1634
Governance & Administration,https://baran.rajasthan.gov.in,Baran,1635
Governance & Administration,https://eluru.ap.gov.in,Eluru,1636
Governance & Administration,https://hrmsorissa.gov.in,"Human Resources Management System, Odisha",1637
Governance & Administration,https://www.mahadiscom.in,"Maharashtra State Electricity Distribution Co. Ltd., Maharashtra",1638
Governance & Administration,https://nandyal.ap.gov.in,Nandyal,1639
Governance & Administration,https://osms.wbsed.gov.in,"Integrated Salary Management System - iOSMS, West Bengal",1641
Governance & Administration,https://ladakh.nic.in/general-administration-department,"General Administration Department, Ladakh",1642
Governance & Administration,https://sslcexam.kerala.gov.in,"Integrated Examination Management System &#40;iExaMS&#41;, Kerala",1643
Governance & Administration,https://epanjeeyan.cg.gov.in,"E-Panjeeyan - Online Property Registration Portal by Department of Registration, Chhattisgarh",1644
Governance & Administration,https://dnhtenders.gov.in,"e-Procurement System, UT of Dadra and Nagar Haveli and Daman and Diu",1645
Governance & Administration,https://shamator.nic.in,Shamator,1646
Governance & Administration,https://www.bmc.gov.in,Bhubaneswar Municipal Corporation,1647
Governance & Administration,https://patnadivision.bih.nic.in,"Patna Division, Bihar",1649
Governance & Administration,https://legislature.telangana.gov.in,Telangana Legislative Council,1651
Governance & Administration,https://www.jkimpa.nic.in,"J&K Institute of Management Public Administration & Rural Development, Jammu and Kashmir",1652
Governance & Administration,https://egazette.ladakh.gov.in,"The Ladakh Gazette, Ladakh",1653
Governance & Administration,https://anupgarh.rajasthan.gov.in,Anupgarh,1654
Governance & Administration,https://ignca.gov.in,Indira Gandhi National Centre for the Arts (IGNCA),1658
Governance & Administration,https://megrti.gov.in,"Right to Information (RTI), Meghalaya",1659
Governance & Administration,https://up.gov.in,Official Portal of Uttar Pradesh Government,1660
Governance & Administration,https://directorit.gujarat.gov.in,"Directorate of ICT and e-Governance, Gujarat",1661
Governance & Administration,https://kamrupmetro.assam.gov.in,Kamrup Metro,1662
Governance & Administration,https://www.rtiodisha.gov.in,"RTI Central Monitoring Mechanism, Odisha",1663
Governance & Administration,https://acb.mizoram.gov.in,"Anti Corruption Bureau, Mizoram",1664
Governance & Administration,https://kotputlibehror.rajasthan.gov.in,Kotputli-Behror,1665
Governance & Administration,https://mangan.nic.in,Mangan,1666
Governance & Administration,https://rdccdcuttack.nic.in,"Revenue Divisional Commissioner (Central Division), Cuttack, Odisha",1667
Governance & Administration,https://dharani.telangana.gov.in,"Integrated Land Records Management System, Telangana",1668
Governance & Administration,https://haryanaprisons.gov.in,"Haryana Prisons, Panchkula, Haryana",1669
Governance & Administration,https://minicoy.utl.gov.in,"Minicoy Island, Lakshadweep",1670
Governance & Administration,https://csharyana.gov.in,"Chief Secretary Office, Haryana",1671
Governance & Administration,https://dashboard-padmaawards.gov.in,Padma Awards Dashboard,1673
Governance & Administration,https://bhopaldivisionmp.nic.in,"Bhopal Division, Madhya Pradesh",1674
Governance & Administration,https://dbtharyana.gov.in,"Direct Benefit Transfer (DBT), Haryana",1675
Governance & Administration,https://tn.data.gov.in,"Open Government Data Portal, Tamil Nadu",1676
Governance & Administration,https://anyror.gujarat.gov.in,"Any RoR - Land Record Details, Gujarat",1678
Governance & Administration,https://mcrjn.com,Rajnandgaon Municipal Corporation,1679
Governance & Administration,https://dilrmp.gov.in,Digital India Land Records Modernization Programme (DILRMP),1681
Governance & Administration,https://tripuraassembly.nic.in,"Legislative Assembly, Tripura",1682
Governance & Administration,https://rajkotdp.gujarat.gov.in,"Rajkot District Panchayat, Gujarat",1683
Governance & Administration,https://cmharyanacell.nic.in,"CM Grievances Redressal & Monitoring System, Haryana",1685
Governance & Administration,https://hrms.punjab.gov.in,"Integrated Human Resource Management System, Punjab",1686
Governance & Administration,https://xn--11b3cgab9b4bm5d.xn--h2brj9c/hi,MyGov India-Hindi,1687
Governance & Administration,https://appanchayats.ap.gov.in,"Panchayat Raj and Rural Development, Andhra Pradesh",1689
Governance & Administration,https://9years.mygov.in,9 Years of Government,1690
Governance & Administration,https://www.jkaritrainings.nic.in,"Administrative Reforms, Inspections, Trainings & Grievances Department, Jammu and Kashmir",1691
Governance & Administration,https://pgd.punjabpolice.gov.in,"Public Grievances Division, Punjab Police, Punjab",1692
Governance & Administration,https://land.utl.gov.in,"Land Records Management System, Lakshadweep",1693
Governance & Administration,https://cybertreasury.gujarat.gov.in,"Pension Portal and Cyber Treasury Portal, Gujarat",1694
Governance & Administration,https://cooperation.telangana.gov.in,"Cooperation Department, ​Telangana",1697
Governance & Administration,https://ehrms.meghalaya.gov.in,"eHRMS - Online Human Resource Management System, Meghalaya",1698
Governance & Administration,https://pwdpunjab.gov.in,"Public Works Department, Punjab",1700
Food & Public Distribution,https://www.nic.in/,National Informatics Centre,1701
Food & Public Distribution,https://www.mpwarehousing.mp.gov.in,"Madhya Pradesh Warehousing and Logistics Corporation, Madhya Pradesh",1702
Food & Public Distribution,https://dfpd.nic.in/?q=node/981,Quality Control Cells (QCC),1703
Food & Public Distribution,https://feastjk.gov.in,"National Food Security Program, Jammu and Kashmir",1704
Food & Public Distribution,https://cewacor.nic.in,Central Warehousing Corporation (CWC),1705
Food & Public Distribution,https://e-jagriti.gov.in,e-Jagriti,1706
Food & Public Distribution,https://www.mpeuparjan.nic.in,"e-Uparjan, Online Procurement Monitoring System, Madhya Pradesh",1707
Food & Public Distribution,https://ncdrc.nic.in,National Consumer Disputes Redressal Commission (NCDRC),1708
Food & Public Distribution,https://hpfoodcommission.nic.in,"State Food Commission, Himachal Pradesh",1709
Food & Public Distribution,https://nsi.gov.in,National Sugar Institute,1710
Food & Public Distribution,https://nth.gov.in,National Test House,1712
Food & Public Distribution,https://sikkimfcs.sikkim.gov.in,"Food, Civil Supplies and Consumer Affairs Department, Sikkim",1714
Food & Public Distribution,https://wdra.gov.in,Warehousing Development and Regulatory Authority (WDRA),1715
Food & Public Distribution,https://www.wrd.tn.gov.in,"Water Resources Department, Tamil Nadu",1716
Food & Public Distribution,https://controllerofrationing-mumbai.gov.in,"Controller of Rationing & Director of Civil Supplies, Mumbai, Maharashtra",1717
Food & Public Distribution,https://chdfood.gov.in,"Food & Supplies and Consumer Affairs & Legal Metrology Department, Chandigarh",1719
Food & Public Distribution,https://dfpd.nic.in/?q=node/980,Indian Grain Storage Management and Research Institute (IGMRI),1720
Food & Public Distribution,https://coffeeboard.gov.in,Coffee Board,1721
Food & Public Distribution,https://fdawhogmp.maharashtra.gov.in,"Online WHO-GMP System, Food & Drug Administration, Maharashtra",1722
Food & Public Distribution,https://www.ashtalakshmimahotsav.com,Ashtalakshmi Mahotsav,1725
Food & Public Distribution,https://epds.telangana.gov.in,"National Food Security Cards, Telangana",1726
Food & Public Distribution,https://annavitran.nic.in,Integrated Management of Public Distribution System,1728
Food & Public Distribution,https://pds.assam.gov.in,"Public Distribution System, Assam",1729
Food & Public Distribution,https://legalmetrology-up.gov.in,"Department of Legal Metrology (Weights & Measures), Uttar Pradesh",1730
Food & Public Distribution,https://epos.haryanafood.gov.in,"Aadhaar enabled Public Distribution System (AePDS), Haryana",1731
Food & Public Distribution,https://www.dcs-dof.gujarat.gov.in,"Directorate of Food and Civil Supplies, Gujarat",1733
Food & Public Distribution,https://dfpd.nic.in/?q=node/89,Directorate of Sugar,1735
Food & Public Distribution,https://cpiodisha.nic.in,"Retail Price Survey, Odisha",1736
Food & Public Distribution,https://capdkashmir.nic.in,"Department of Food  Civil Supplies & Consumer Affairs , Jammu and Kashmir",1737
Food & Public Distribution,https://nfsa.gov.in,National Food Security Dashboard,1738
Food & Public Distribution,https://bis.gov.in,Bureau of Indian Standards (BIS),1740
Food & Public Distribution,https://pds.utl.gov.in,"Public Distribution System Portal, Lakshadweep",1741
Food & Public Distribution,https://mpscsc.mp.gov.in,"MP State Civil Supplies Corporation Ltd., Madhya Pradesh",1742
Food & Public Distribution,https://mifco.mizoram.gov.in,"Mizoram Food And Allied Industries Corporation Limited (MIFCO), Mizoram",1746
Food & Public Distribution,https://consumer.tn.gov.in,"Civil Supplies and Consumer Protection Department, Tamil Nadu",1748
Food & Public Distribution,https://aepos.ap.gov.in,"Aadhaar enabled Public Distribution System - AePDS, Andhra Pradesh",1749
Food & Public Distribution,https://gama.gov.in,Portal for Grievances Against Misleading Advertisements (GAMA),1750
Food & Public Distribution,https://www.meity.gov.in/,Ministry of Electronics & Information Technology,1752
Food & Public Distribution,https://weightnmeasures.delhi.gov.in,"Weights and Measures Department, Delhi",1753
Food & Public Distribution,https://pmiig.dpiit.gov.in,Grievances for Violation of Public Procurement (PPP-MII),1754
Food & Public Distribution,https://jiyoparsi.minorityaffairs.gov.in,Jiyo Parsi Scheme Portal,1758
Food & Public Distribution,https://foscos.fssai.gov.in/consumergrievance,Food Safety and Compliance System,1759
Food & Public Distribution,https://fsd.delhi.gov.in,"Food Supplies and Consumer Affairs Department, Delhi",1760
Food & Public Distribution,https://subhadra.odisha.gov.in,"SUBHADRA Yojana, Odisha",1761
Food & Public Distribution,https://www.tncsc.tn.gov.in,"Tamilnadu Civil Supplies Corporation, Tamil Nadu",1763
Food & Public Distribution,https://idmla.gujarat.gov.in,"Industry Portal for Drugs Manufacturing Licence (Allopathic)-IDMLA, Gujarat",1764
Food & Public Distribution,https://ipds.gujarat.gov.in,"iPDS Portal, Public Distribution System, Gujarat",1765
Food & Public Distribution,https://dscsc.delhi.gov.in,Delhi State Civil Supplies Corporation Limited (DSCSC),1767
Food & Public Distribution,https://fci.gov.in,Food Corporation of India,1769
Food & Public Distribution,https://righttorepairindia.gov.in,Right to Repair Portal India,1770
Food & Public Distribution,https://swachhatahiseva.gov.in,Swachhata Hi Seva 2024,1772
Food & Public Distribution,https://dfpd.nic.in/?q=node/131,Directorate of Sugar and Edible Oils,1773
Food & Public Distribution,https://feasttr.gov.in,"Food and Essential Commodities Assurance & Security Target (FEAST), Tripura",1774
Food & Public Distribution,https://epostr.gov.in,"Aadhaar enabled Public Distribution System - AePDS, Tripura",1777
Food & Public Distribution,https://ladakh.nic.in/food-civil-supplies-consumer-affairs,"Food Civil Supplies & Consumer Affairs Department, Ladakh",1778
Food & Public Distribution,https://dfpd.nic.in/?q=node/979,Central Grain Analysis Laboratory (CGAL),1780
Food & Public Distribution,https://poshangyan.niti.gov.in,Poshan Gyan,1781
Food & Public Distribution,https://epos.kerala.gov.in,"Aadhaar enabled Public Distribution System - AePDS, Kerala",1784
Food & Public Distribution,https://aplm.gov.in,"Legal Metrology Department, Andhra Pradesh",1786
Food & Public Distribution,https://edaakhil.nic.in,E-Daakhil Portal,1787
Food & Public Distribution,https://edaakhil.nic.in/edaakhil,Edaakhil-Consumer Commission Online Application Portal for Online Consumer Complaint Filing,1789
Food & Public Distribution,https://fcsca.assam.gov.in,"Food, Civil Supplies and Consumer Affairs Department, Assam",1790
Food & Public Distribution,https://iilm.gov.in,Indian Institute of Legal Metrology,1791
Food & Public Distribution,https://dharani.telangana.gov.in,"Integrated Land Records Management System, Telangana",1792
Food & Public Distribution,https://legalmetrology.maharashtra.gov.in,"Legal Metrology Organization, Maharashtra",1793
Food & Public Distribution,https://www.paddyprocurement.ap.gov.in,"Paddy Procurement System, Andhra Pradesh",1794
Food & Public Distribution,https://dfpd.nic.in/?q=node/974,Hindustan Vegetable Oils Corporation Ltd. (HVOC),1795
Food & Public Distribution,https://epds.nic.in,e-PDS Portal of India,1796
Food & Public Distribution,https://megfeast.gov.in,"National Food Security Program, Meghalaya",1800
Food & Public Distribution,https://mahaepos.gov.in,"Aadhaar enabled Public Distribution System (AePDS), Maharashtra",1801
Food & Public Distribution,https://worldfoodindia.gov.in,World Food India,1802
Food & Public Distribution,https://tnpds.gov.in,"Public Distribution Scheme (PDS), Tamil Nadu",1804
Food & Public Distribution,https://jkfcsca.gov.in,"Department of Food, Civil Supplies & Consumer Affairs, Jammu & Kashmir",1807
Rural Development & Panchayati Raj,https://www.nic.in/,National Informatics Centre,1808
Rural Development & Panchayati Raj,https://pmidc.punjab.gov.in,"Punjab Municipal Infrastructure Development Company (PMIDC), Punjab",1809
Rural Development & Panchayati Raj,https://egramswaraj.gov.in,E-Gramswaraj,1810
Rural Development & Panchayati Raj,https://www.aasara.telangana.gov.in,"Aasara - Soceity for Elimination of Rural Poverty, Telangana",1811
Rural Development & Panchayati Raj,https://reorganisation.ap.gov.in,"Reorganisation, Andhra Pradesh",1812
Rural Development & Panchayati Raj,https://ahmedabaddp.gujarat.gov.in,"Ahmedabad District Panchayat, Gujarat",1813
Rural Development & Panchayati Raj,https://www.nirdnerc.nic.in,North Eastern Regional Centre of National Institute,1814
Rural Development & Panchayati Raj,https://pmgsytendersup.gov.in,"eTendering System-Pradhan Mantri Gram Sadak Yojana (PMGSY), Uttar Pradesh",1815
Rural Development & Panchayati Raj,https://pmgsytendershp.gov.in,"eTendering System-Pradhan Mantri Gram Sadak Yojana (PMGSY), Himachal Pradesh",1816
Rural Development & Panchayati Raj,https://pmgsytendersngl.gov.in,"eTendering System-Pradhan Mantri Gram Sadak Yojana (PMGSY), Nagaland",1817
Rural Development & Panchayati Raj,https://ikppwd.telangana.gov.in,"Society for Elimination of Rural Poverty - Inclusive Development for Person with Disabilities, Telangana",1820
Rural Development & Panchayati Raj,https://panchayatsabha.odisha.gov.in,"e-Panchayat Sabha Digital Plateform for Panchayat, Odisha",1821
Rural Development & Panchayati Raj,https://pmgsytendersasm.gov.in,"eTendering System-Pradhan Mantri Gram Sadak Yojana (PMGSY), Assam",1822
Rural Development & Panchayati Raj,https://grip.gov.in,GRameen Internal audit Portal (GRIP),1823
Rural Development & Panchayati Raj,https://harspagy.gov.in,"Adarsh Gram Yojana, Haryana",1824
Rural Development & Panchayati Raj,https://www.sirdup.in,"Deendayal Upadhyaya State Institute of Rural Development, Lucknow, Uttar Pradesh",1826
Rural Development & Panchayati Raj,https://garhwal.uk.gov.in,"Garhwal Division, Uttarakhand",1827
Rural Development & Panchayati Raj,https://drdahamirpurhp.nic.in,"District Rural Development Agency (DRDA), Hamirpur, Himachal Pradesh",1828
Rural Development & Panchayati Raj,https://kecua.ac.in,"Bipin Tripathi Kumaon Institue of Technology, Uttarakhand",1829
Rural Development & Panchayati Raj,https://www.serp.telangana.gov.in,"Society for Elimination of Rural Poverty (SERP), Telangana",1830
Rural Development & Panchayati Raj,https://sird.assam.gov.in,"State Institute of Panchayat and Rural Development (SIPRD), Assam",1831
Rural Development & Panchayati Raj,https://pmgsytendersmiz.gov.in,"eTendering System-Pradhan Mantri Gram Sadak Yojana (PMGSY), Mizoram",1832
Rural Development & Panchayati Raj,https://missionbhagiratha.telangana.gov.in,"Mission Bhagiratha, Telangana",1833
Rural Development & Panchayati Raj,https://meetingonline.gov.in,Vibrant Gram Sabha,1834
Rural Development & Panchayati Raj,https://amritsarovar.gov.in,Mission Amrit Sarovar,1835
Rural Development & Panchayati Raj,https://www.streenidhi.telangana.gov.in,"Stree Nidhi - Credit Cooperative Federation Ltd., Telangana",1836
Rural Development & Panchayati Raj,https://sspensions.ap.gov.in,"YSR Pension Kanuka , Andhra Pradesh",1837
Rural Development & Panchayati Raj,https://emarg.gov.in,Electronic Maintenance of Rural Roads under PMGSY (eMARG),1838
Rural Development & Panchayati Raj,https://unnatbharatabhiyan.gov.in,Unnat Bharat Abhiyan,1839
Rural Development & Panchayati Raj,https://ccla.ap.gov.in/CCLA/Index.aspx,"Chief Commissioner of Land Administration, Andhra Pradesh",1840
Rural Development & Panchayati Raj,https://www.ashtalakshmimahotsav.com,Ashtalakshmi Mahotsav,1843
Rural Development & Panchayati Raj,https://crda.ap.gov.in,"Andhra Pradesh Capital Region Development Authority (APCRDA), Vijayawada",1844
Rural Development & Panchayati Raj,https://sipard.tripura.gov.in,"State Institute of Public Administration and Rural Development (SIPARD), Tripura",1845
Rural Development & Panchayati Raj,https://www.serp.telangana.gov.in/HRMSTG,"Society for Elimination of Rural Poverty - Human Resource Management System - HRMS, Telangana",1847
Rural Development & Panchayati Raj,https://www.hirdnilokheri.com,"Haryana Institute of Rural Development (HIRD), Nilokheri, Haryana",1848
Rural Development & Panchayati Raj,https://pmgsytenderstrp.gov.in,"eTendering System-Pradhan Mantri Gram Sadak Yojana (PMGSY), Tripura",1849
Rural Development & Panchayati Raj,https://nsap.nic.in,National Social Assistance Programme (NSAP),1850
Rural Development & Panchayati Raj,https://pmgsytendersjk.gov.in,"eTendering System-Pradhan Mantri Gram Sadak Yojana (PMGSY), Jammu and Kashmir",1851
Rural Development & Panchayati Raj,https://auditonline.gov.in,AuditOnline,1854
Rural Development & Panchayati Raj,https://crdpr.tn.gov.in,"Commissionerate of Rural Development and Panchayat Raj (Training), Tamil Nadu",1855
Rural Development & Panchayati Raj,https://ruralbazaar.gov.in,"Rural Bazaar, Ministry of Panchayati Raj",1856
Rural Development & Panchayati Raj,https://ideas.msme.gov.in,Bank of Ideas and Innovations,1857
Rural Development & Panchayati Raj,https://pmgsytenderspb.gov.in,"eTendering System-Pradhan Mantri Gram Sadak Yojana (PMGSY), Punjab",1858
Rural Development & Panchayati Raj,https://svamitva.nic.in,Svamitva Scheme,1860
Rural Development & Panchayati Raj,https://mgnrega.cg.nic.in,"Mahatma Gandhi National Rural Employment Guarantee Scheme, Chhattisgah",1861
Rural Development & Panchayati Raj,https://pmgsytenderstn.gov.in,"eTendering System-Pradhan Mantri Gram Sadak Yojana (PMGSY), Tamilnadu",1862
Rural Development & Panchayati Raj,https://www.ikm.gov.in,"Information Kerala Mission (IKM), Kerala",1863
Rural Development & Panchayati Raj,https://ruraldev.gujarat.gov.in,"Commissionerate of Rural Development, Gujarat",1864
Rural Development & Panchayati Raj,https://jsactr.mowr.gov.in,Jal Shakti Abhiyan,1865
Rural Development & Panchayati Raj,https://sird.nagaland.gov.in,"Directorate of State Institute of Rural Development, Kohima, Nagaland",1866
Rural Development & Panchayati Raj,https://www.umed.in,"Maharashtra State Rural Livelihoods Mission, Maharashtra",1867
Rural Development & Panchayati Raj,https://pmgsytendersmah.gov.in,"eTendering System-Pradhan Mantri Gram Sadak Yojana (PMGSY), Maharashtra",1872
Rural Development & Panchayati Raj,https://pmgsytendersarn.gov.in,"eTendering System-Pradhan Mantri Gram Sadak Yojana (PMGSY), Arunachal Pradesh",1873
Rural Development & Panchayati Raj,https://pdi.gov.in,Panchayat Development Index Portal,1874
Rural Development & Panchayati Raj,https://www.uusdip.org,"Uttarakhand Urban Sector Development Agency (UUSDA), Uttarakhand",1875
Rural Development & Panchayati Raj,https://www.meity.gov.in/,Ministry of Electronics & Information Technology,1878
Rural Development & Panchayati Raj,https://bipard.bihar.gov.in,Bihar Institute of Public Administration and Rural Development (BIPARD),1879
Rural Development & Panchayati Raj,https://aajeevika.gov.in,Deendayal Antyodaya Yojana-NRLM,1882
Rural Development & Panchayati Raj,https://jiyoparsi.minorityaffairs.gov.in,Jiyo Parsi Scheme Portal,1883
Rural Development & Panchayati Raj,https://brds.bihar.gov.in,Bihar Rural Development Society (BRDS),1884
Rural Development & Panchayati Raj,https://pmgsytenders.gov.in,eProcurement System for Pradhan Mantri Gram Sadak Yojana (PMGSY),1886
Rural Development & Panchayati Raj,https://panchayataward.gov.in,National Panchayat Awards,1887
Rural Development & Panchayati Raj,https://subhadra.odisha.gov.in,"SUBHADRA Yojana, Odisha",1888
Rural Development & Panchayati Raj,https://tcp.tn.gov.in,"Directorate of Town and Country Planning, Tamil Nadu",1890
Rural Development & Panchayati Raj,https://megsird.gov.in,"State Institute of Rural Development (SIRD), Meghalaya",1891
Rural Development & Panchayati Raj,https://pmgsytendersman.gov.in,"eTendering System-Pradhan Mantri Gram Sadak Yojana (PMGSY), Manipur",1892
Rural Development & Panchayati Raj,https://vdavns.com,"Varanasi Development Authority, Uttar Pradesh",1893
Rural Development & Panchayati Raj,https://cdodoon.gov.in,"Chief Development Office, Dehradun, Uttarakhand",1894
Rural Development & Panchayati Raj,https://www.irma.ac.in,"Institute of Rural Management Anand (IRMA), Gujarat",1897
Rural Development & Panchayati Raj,https://rwss.telangana.gov.in,"Mission Bhagiratha Department, Telangana",1898
Rural Development & Panchayati Raj,https://mksp.gov.in,"Mahila Kisan Sashaktikaran Pariyojana (MKSP), NRLM",1899
Rural Development & Panchayati Raj,https://msrls.nic.in,"Meghalaya State Rural Livelihoods Society, Meghalaya",1900
Rural Development & Panchayati Raj,https://saanjhi.gov.in,Saansad Adarsh Gram Yojana (SAANJHI),1901
Rural Development & Panchayati Raj,https://swachhatahiseva.gov.in,Swachhata Hi Seva 2024,1903
Rural Development & Panchayati Raj,https://gpdp.nic.in,Panchayat Development Plan,1904
Rural Development & Panchayati Raj,https://rural.assam.gov.in,"Commissionerate of Rural Development, Assam",1907
Rural Development & Panchayati Raj,https://sadarem.telangana.gov.in,"Software for Assessment of Disabled for Access Rehabilitation and Empowerment (SADAREM), Telangana",1908
Rural Development & Panchayati Raj,https://dslr.goa.gov.in,"Directorate of Settlement & Land Records, Goa",1909
Rural Development & Panchayati Raj,https://rurban.gov.in,Shyama Prasad Mukherji Rurban Mission (SPMRM),1911
Rural Development & Panchayati Raj,https://pmgsytendersuk.gov.in,"eTendering System-Pradhan Mantri Gram Sadak Yojana (PMGSY), Uttarakhand",1912
Rural Development & Panchayati Raj,https://pmgsytenderswb.gov.in,"eTendering System-Pradhan Mantri Gram Sadak Yojana (PMGSY), West Bengal",1914
Rural Development & Panchayati Raj,https://www.apmepma.gov.in,"Mission for Elimination of Poverty in Municipal Areas (MEPMA), Andhra Pradesh",1915
Rural Development & Panchayati Raj,https://pmgsytendersraj.gov.in,"eTendering System-Pradhan Mantri Gram Sadak Yojana (PMGSY), Rajasthan",1916
Rural Development & Panchayati Raj,https://pmgsytendersskm.gov.in,"eTendering System-Pradhan Mantri Gram Sadak Yojana (PMGSY), Sikkim",1918
Rural Development & Panchayati Raj,https://dslr.kerala.gov.in,"Directorate of Survey and Land Records, Kerala",1920
Rural Development & Panchayati Raj,https://grammanchitra.gov.in,Gram Manchitra,1921
Rural Development & Panchayati Raj,https://www.nrega.telangana.gov.in,"The Mahatma Gandhi National Rural Employment Guarantee Scheme, Telangana",1922
Rural Development & Panchayati Raj,https://apeprocurement.gov.in,"e-Procurement Tender, Andhra Pradesh",1923
Rural Development & Panchayati Raj,https://evaluation.rajasthan.gov.in,"Evaluation Department, Rajasthan",1924
Rural Development & Panchayati Raj,https://tcp.assam.gov.in,"Directorate of Town and Country Planning, Assam",1925
Rural Development & Panchayati Raj,https://pesadarpan.gov.in,"The Provisions of the Panchayats (Extension to the Scheduled Areas) Act, 1996 (PESA)",1927
Rural Development & Panchayati Raj,https://usrlm.uk.gov.in,"Uttarakhand State Rural Livelihoods Mission, Uttarakhand",1928
Rural Development & Panchayati Raj,https://pmgsytendersker.gov.in,"eTendering System-Pradhan Mantri Gram Sadak Yojana (PMGSY), Kerala",1929
Rural Development & Panchayati Raj,https://trainingonline.gov.in,Training Management Portal,1930
Rural Development & Panchayati Raj,https://lgdirectory.gov.in,Local Government Directory (LGD),1931
Rural Development & Panchayati Raj,https://gramdarshan.haryana.gov.in,"Gram Drashan, Haryana",1932
Rural Development & Panchayati Raj,https://dharani.telangana.gov.in,"Integrated Land Records Management System, Telangana",1933
Rural Development & Panchayati Raj,https://basundhara.assam.gov.in,"Mission Basundhara, Assam",1934
Rural Development & Panchayati Raj,https://asrlms.assam.gov.in,Assam State Rural Livelihood Mission (ASRLM),1935
Rural Development & Panchayati Raj,https://bhuiyan.cg.nic.in,"Bhuiyan, Chhattisgarh Land Records",1936
Rural Development & Panchayati Raj,https://tsegmm.cgg.gov.in,"Employment Generation and Marketing Mission (EGMM), Telangana, Andhra Pradesh",1937
Rural Development & Panchayati Raj,https://pmgsytendersbih.gov.in,"eTendering System-Pradhan Mantri Gram Sadak Yojana (PMGSY), Bihar",1938
Rural Development & Panchayati Raj,https://iwmpmis.nic.in,Integrated Watershed Development Programme (IWMP),1939
Rural Development & Panchayati Raj,https://iwmp.ap.gov.in,"Watershed Development, Andhra Pradesh",1940
Rural Development & Panchayati Raj,https://lsba.bih.nic.in,"Lohiya Swachh Bihar Abhiyan (LSBA), Bihar",1941
Rural Development & Panchayati Raj,https://brahmaputraboard.gov.in,Brahmaputra Board,1945
Rural Development & Panchayati Raj,https://rgavp.rajasthan.gov.in,"Rajasthan Grameen Aajeevika Vikas Parishad, Rajasthan",1947
Rural Development & Panchayati Raj,https://www.tn.gov.in/dtp,"Directorate of Town Panchayats, Tamil Nadu",1948
Rural Development & Panchayati Raj,https://lakhpatididi.gov.in,Lakhpati Didi,1949
Rural Development & Panchayati Raj,https://www.ruraluniv.ac.in,"The Gandhigram Rural Institute (Deemed to be University), Telangana",1950
Rural Development & Panchayati Raj,https://aaby.ap.gov.in,"Community Managed Micro Insurance, Andhra Pradesh",1952
Rural Development & Panchayati Raj,https://www.socialaudit.telangana.gov.in,"Society for Social Audit, Accountability and Transparency (SSAAT), Telangana",1953
Rural Development & Panchayati Raj,https://disha.gov.in,District Development Coordination and Monitoring Committees (DISHA),1956
Communications & Information Technology,https://attendance.gov.in,Biometric Attendance System-Delhi Central (BAS),1957
Communications & Information Technology,https://chhattisgarh.nic.in,"Chhattisgarh State Centre, National Informatics Centre (NIC)",1958
Communications & Information Technology,https://apisetu.gov.in,API Setu,1959
Communications & Information Technology,https://ism.gov.in,India Semiconductor Mission (ISM),1963
Communications & Information Technology,https://egovstandards.gov.in,eGovernance Standards Portal,1964
Communications & Information Technology,https://mhpost.in,Maharashtra Postal Circle,1965
Communications & Information Technology,https://tejasvi.gov.in,Tejas Portal,1966
Communications & Information Technology,https://mppost.gov.in,Madhya Pradesh Postal Circle,1967
Communications & Information Technology,https://sikkim.data.gov.in,"Open Government Data Portal, Sikkim",1968
Communications & Information Technology,https://kolkata.bsnl.co.in,Calcutta Telephones,1970
Communications & Information Technology,https://www.ashtalakshmimahotsav.com,Ashtalakshmi Mahotsav,1971
Communications & Information Technology,https://www.tec.gov.in/next-generation-network-ngn-2,National Centre for Next Generation Network,1972
Communications & Information Technology,https://gandhinagar.stpi.in,"Software Technology Parks Of India (STPI), Gandhinagar, Gujarat",1973
Communications & Information Technology,https://dt.andaman.gov.in,"The Daily Telegrams, Andaman & Nicobar Islands",1974
Communications & Information Technology,https://cgca.gov.in/ccaap,"Controller General Of Communication Accounts, Andhra Pradesh",1975
Communications & Information Technology,https://indiaai.gov.in,INDIAai-Central hub for everything Artificial Intelligence (AI) in India and beyond,1976
Communications & Information Technology,https://chhattisgarh.mygov.in,MyGov Chhattisgarh,1977
Communications & Information Technology,https://mizo.nic.in,"Mizoram State Centre, National Informatics Centre (NIC)",1978
Communications & Information Technology,https://kerala.nic.in,"Kerala State Centre, National Informatics Centre (NIC)",1979
Communications & Information Technology,https://openforge.gov.in,OpenForge - A platform for open collaborative software development of e-governance applications,1980
Communications & Information Technology,https://www.sandes.gov.in,"SANDES, Government Instant Messaging System",1981
Communications & Information Technology,https://karnataka.bsnl.co.in,Karnataka Telecom Circle,1982
Communications & Information Technology,https://cetcell.mahacet.org,"State Common Entrance Test Cell, Maharashtra",1984
Communications & Information Technology,https://tdil-dc.in,Technology Development for Indian Languages (TDIL),1985
Communications & Information Technology,https://dit.tripura.gov.in,"Directorate of Information Technology, Tripura",1986
Communications & Information Technology,https://ditec.assam.gov.in,"Directorate of Information Technology, Electronics & Communication, Assam",1987
Communications & Information Technology,https://vikaspedia.in,Vikaspedia-India Development Gateway (InDG),1988
Communications & Information Technology,https://jandk.bsnl.co.in,Jammu and Kashmir Telecom Circle,1989
Communications & Information Technology,https://usof.gov.in,Universal Service Obligation Fund (USOF),1991
Communications & Information Technology,https://staysafeonline.in,Stay Safe Online,1992
Communications & Information Technology,https://haryanapost.gov.in,Haryana Postal Circle,1994
Communications & Information Technology,https://75dsn.nic.in,E-book of 75 Digital Solutions From NIC,1995
Communications & Information Technology,https://digitalindiaawards.india.gov.in,Digital India Awards,1996
Communications & Information Technology,https://anuvaad.bhashini.gov.in,"Anuvaad, Web Service Text Translation",1997
Communications & Information Technology,https://jharkhand.bsnl.co.in,Jharkhand Telecom Circle,1999
Communications & Information Technology,https://epost-indiapost.gov.in,ePOST-send messages to any address in India by India Post,2000
Communications & Information Technology,https://himachal.mygov.in,MyGov Himachal Pradesh,2001
Communications & Information Technology,https://www.trai.gov.in,Telecom Regulatory Authority of India (TRAI),2002
Communications & Information Technology,https://nagaland.mygov.in,MyGov Nagaland,2003
Communications & Information Technology,https://www.daiict.ac.in,"Dhirubhai Ambani Institute of Information and Communication Technology, Gandhinagar, Gujarat",2005
Communications & Information Technology,https://www.cgpost.gov.in,Chhattisgarh Postal Circle,2006
Communications & Information Technology,https://cgca.gov.in/ccaw/address,"Controller of Communication Accounts, Uttar Pradesh (West)",2007
Communications & Information Technology,https://subhadra.odisha.gov.in,"SUBHADRA Yojana, Odisha",2008
Communications & Information Technology,https://portal.bsnl.in,BSNL Portal - Online Payments and Recharge,2009
Communications & Information Technology,https://westbengalpost.gov.in,West Bengal Postal Circle,2010
Communications & Information Technology,https://www.bsnl.co.in,Bharat Sanchar Nigam Limited Portal (BSNL),2011
Communications & Information Technology,https://cycord.gov.in,CyCord Portal,2014
Communications & Information Technology,https://www.karnatakapost.gov.in,Karnataka Postal Circle,2015
Communications & Information Technology,https://student.nielit.gov.in,NIELIT-Online Student Information and Enrollment System,2016
Communications & Information Technology,https://manipur.nic.in,"Manipur State Centre, National Informatics Centre (NIC)",2019
Communications & Information Technology,https://karnataka.mygov.in,MyGov Karnataka,2020
Communications & Information Technology,https://bihar.bsnl.co.in,Bihar Telecom Circle,2021
Communications & Information Technology,https://wb.nic.in,"West Bengal State Centre, National Informatics Centre (NIC), West Bengal",2022
Communications & Information Technology,https://guwahati.stpi.in,"Software Technology Park of India (STPI), Guwahati, Assam",2023
Communications & Information Technology,https://www.chennai.bsnl.co.in,Chennai Telephones,2024
Communications & Information Technology,https://www.chips.gov.in,Chhattisgarh Infotech Promotional Society (CHIPS),2025
Communications & Information Technology,https://assam.nic.in,"Assam State Centre, National Informatics Centre (NIC)",2026
Communications & Information Technology,https://goa.mygov.in,MyGov Goa,2027
Communications & Information Technology,https://litss.utl.gov.in,"Lakshadweep Information Technology Services Society (LITSS), Lakshadweep",2028
Communications & Information Technology,https://cgca.gov.in/ccaupeast,"Controller of Communication Accounts, Uttar Pradesh (East), Lucknow",2029
Communications & Information Technology,https://comtax.assam.gov.in,"Commissionerate of Taxes, Finance, Assam",2030
Communications & Information Technology,https://tccms.trai.gov.in,Online Telecom Consumer Complaints Monitoring System,2031
Communications & Information Technology,https://www.nic.in,National Informatics Centre (NIC),2032
Communications & Information Technology,https://tdsat.gov.in,Telecom Disputes Settlement and Appellate Tribunal (TDSAT),2033
Communications & Information Technology,https://egranthalaya.nic.in,e-Granthalaya - A Digital Agenda for Library Automation and Networking,2034
Communications & Information Technology,https://mobileseva.gov.in,"Mobile Seva-National Mobile Governance Initiative, DeitY, Govt. of India",2035
Communications & Information Technology,https://cgca.gov.in/ccapb,"Controller of Communication Accounts, Punjab",2036
Communications & Information Technology,https://www.technopark.org,"Technopark, Thiruvananthapuram, Kerala",2037
Communications & Information Technology,https://crispindia.com,"Centre for Research and Industrial Staff Performance, Madhya Pradesh",2038
Communications & Information Technology,https://cbcindia.gov.in,Central Bureau of Communication (CBC),2040
Communications & Information Technology,https://digitallocker.gov.in,"DigiLocker-Dedicated personal storage space, linked to residentas Aadhaar number",2042
Communications & Information Technology,https://heliservice.ladakh.gov.in,"Ladakh Heli Services, Ladakh",2043
Communications & Information Technology,https://ptcmysore.gov.in,Postal Training Centre (PTC),2044
Communications & Information Technology,https://arunachal.mygov.in,MyGov Arunachal Pradesh,2045
Communications & Information Technology,https://mp.bsnl.co.in,Madhya Pradesh Telecom Circle,2046
Communications & Information Technology,https://presentations.gov.in,Presentation Gov: NIC,2047
Communications & Information Technology,https://pbsc.nic.in,"Punjab State Centre, National Informatics Centre (NIC)",2049
Communications & Information Technology,https://upw.bsnl.co.in,Uttar Pradesh (West) Telecom Circle,2050
Communications & Information Technology,https://www.registry.ernet.in,"Domain Name Registration Services under AC.IN, EDU.IN and RES.IN - ERNET India",2051
Communications & Information Technology,https://sancharsaathi.gov.in,Sanchar Saathi Portal,2052
Communications & Information Technology,https://nicjharkhand.nic.in,"Jharkhand State Centre, National Informatics Centre (NIC)",2053
Communications & Information Technology,https://brbraitt.bsnl.co.in,"Bharat Ratna Bhim Rao Ambedkar Institute of Telecom Training (BRBRAITT), Jabalpur",2054
Communications & Information Technology,https://mp.mygov.in,MyGov Madhya Pradesh,2055
Communications & Information Technology,https://www.scl.gov.in,Semi-Conductor Laboratory,2056
Communications & Information Technology,https://uttarakhand.mygov.in,MyGov Uttarakhand,2057
Communications & Information Technology,https://cbseresults.nic.in,CBSE Exam Results,2058
Communications & Information Technology,https://negd.gov.in,National E-Governance Division (NEGD),2059
Communications & Information Technology,https://mpstate.nic.in,"Madhya Pradesh State Centre, National Informatics Centre (NIC)",2060
Communications & Information Technology,https://dipr.karnataka.gov.in,"Information and Publicity Department, Karnataka",2061
Communications & Information Technology,https://www.abhilekh-patal.in/jspui,Abhilekh Patal,2062
Communications & Information Technology,https://gis.rajasthan.gov.in,"Rajdharaa - Global Information System, Rajasthan",2063
Communications & Information Technology,https://tnega.tn.gov.in,"Tamil Nadu e-Governance Agency, Tamil Nadu",2064
Communications & Information Technology,https://edistrict.wb.gov.in,"eDistrict 2.0, West Bengal",2065
Communications & Information Technology,https://www.chennai.stpi.in,"Software Technology Parks of India (STPI), Chennai, Tamilnadu",2066
Communications & Information Technology,https://www.cyberswachhtakendra.gov.in,"Cyber Swachhta Kendra, Gujarat",2067
Communications & Information Technology,https://dic.gov.in,Digital India Corporation,2068
Communications & Information Technology,https://www.nielit.gov.in/shillong,"National Institute of Electronics and Information Technology (NIELIT), Shillong",2070
Communications & Information Technology,https://bengaluru.stpi.in,"Software Technology Parks of India (STPI), Bangalore, Karnataka",2071
Communications & Information Technology,https://sugamyaweb.gov.in,SugamyaWeb,2072
Communications & Information Technology,https://chips-dli.gov.in/DLI/HomePage,Design Linked Incentive (DLI),2073
Communications & Information Technology,https://bsedc.bihar.gov.in,"Bihar State Electronics Development Corporation Limited, Beltron, Patna",2074
Communications & Information Technology,https://del.nic.in,"Delhi State Centre, National Informatics Centre (NIC)",2076
Communications & Information Technology,https://wb.bsnl.co.in,West Bengal Telecom Circle,2077
Communications & Information Technology,https://thiruvananthapuram.stpi.in,"Software Technology Parks of India (STPI), Thiruvananthapuram, Kerala",2079
Communications & Information Technology,https://www.opengovplatform.org,Open Government Platform (OGPL),2081
Communications & Information Technology,https://jiyoparsi.minorityaffairs.gov.in,Jiyo Parsi Scheme Portal,2082
Communications & Information Technology,https://mahadbt.maharashtra.gov.in,"Aaple Sarkar DBT Portal (Direct Benefit Transfer), Maharashtra",2083
Communications & Information Technology,https://www.tamilnadupost.nic.in,Tamil Nadu Postal Circle,2084
Communications & Information Technology,https://nicharyana.nic.in,"Haryana State Centre, National Informatics Centre (NIC)",2085
Communications & Information Technology,https://mtnlmumbai.in,"Mahanagar Telephone Nigam Limited (MTNL), Mumbai",2086
Communications & Information Technology,https://upite.gov.in,"Department of IT & Electronics, Government of Uttar Pradesh",2087
Communications & Information Technology,https://it.delhi.gov.in,"Information Technology Department, Delhi",2088
Communications & Information Technology,https://itbtst.karnataka.gov.in,"Electronics  Information Technology  Biotechnology and Science and Technology Department, Karnataka",2089
Communications & Information Technology,https://swachhatahiseva.gov.in,Swachhata Hi Seva 2024,2090
Communications & Information Technology,https://emc-lab.appspot.com,"EMC Division, SAMEER Center for Electromagnetics",2091
Communications & Information Technology,https://odisha.nic.in,"Odisha State Centre, National Informatics Centre (NIC)",2092
Communications & Information Technology,https://www.digitalgujarat.gov.in,Digital Gujarat,2094
Communications & Information Technology,https://registry.gov.in,GOV.IN Registration Services,2095
Communications & Information Technology,https://mizoram.mygov.in,MyGov Mizoram,2096
Communications & Information Technology,https://www.nielit.gov.in/shimla,"National Institute of Electronics and Information Technology (NIELIT), Shimla",2097
Communications & Information Technology,https://haryana.mygov.in,MyGov Haryana,2098
Communications & Information Technology,https://digibunai.dic.gov.in,DigiBunai CAD Software,2099
Communications & Information Technology,https://saralsanchar.gov.in,Saral Sanchar Portal,2100
Communications & Information Technology,https://www.bharat5glabs.gov.in,Bharat 5G Portal,2101
Communications & Information Technology,https://ap.nic.in,"Andhra Pradesh State Centre, National Informatics Centre (NIC)",2102
Communications & Information Technology,https://arunachal.nic.in,"Arunachal Pradesh State Centre, National Informatics Centre (NIC)",2103
Communications & Information Technology,https://etaal.gov.in,eTaal-Electronic Transaction Aggregation and Analysis Layer,2105
Communications & Information Technology,https://pharmaceuticals.gov.in/bengal-chemicals-pharmaceuticals-limited,Bengal Chemicals and Pharmaceuticals Limited,2107
Communications & Information Technology,https://independenceday.nic.in,"Independence Day Celebrations, 15th August",2108
Communications & Information Technology,https://kolkata.stpi.in,"Software Technology Parks of India (STPI), Kolkata, West Bengal",2109
Communications & Information Technology,https://www.ildc.in,Indian Language Data Centre (ILDC),2110
Communications & Information Technology,https://www.nielit.gov.in/srinagar,"National Institute of Electronics and Information Technology (NIELIT), Srinagar, Jammu",2111
Communications & Information Technology,https://nicgoa.nic.in,"Goa State Centre, National Informatics Centre (NIC)",2112
Communications & Information Technology,https://cic.gov.in,Central Information Commission (CIC),2113
Communications & Information Technology,https://www.cdot.in,Centre for Development of Telematics (C-Dot),2114
Communications & Information Technology,https://govtprocurement.delhi.gov.in,"eProcurement System, Delhi",2115
Communications & Information Technology,https://www.stqc.gov.in,Standardisation Testing and Quality Certification (STQC),2116
Communications & Information Technology,https://dcis.dot.gov.in,Digital Communication Innovation Square,2117
Communications & Information Technology,https://pmwani.gov.in/wani,PM-WANI Central Registry,2119
Communications & Information Technology,https://sewasetu.assam.gov.in,"Sewasetu Portal, Assam",2120
Communications & Information Technology,https://ipr.punjab.gov.in,"Directorate of Information & Public Relation, Punjab",2121
Communications & Information Technology,https://www.nielit.gov.in/aurangabad,"National Institute of Electronics and Information Technology (NIELIT), Aurangabad",2123
Communications & Information Technology,https://www.cife.edu.in,ICAR-Central Institute of Fisheries Education,2124
Communications & Information Technology,https://www.bsnl.co.in/opencms/bsnl/BSNL/circleweb/NTR,Northern Telecom Project Circle,2125
Communications & Information Technology,https://www.nicf.gov.in,National Institute of Communication Finance (NICF),2126
Communications & Information Technology,https://assam.mygov.in,MyGov Assam,2127
Communications & Information Technology,https://informatics.nic.in,Informatics - NIC Newsletter,2128
Communications & Information Technology,https://nicsi.nic.in,National Informatics Centre Services Incorporated (NICSI),2129
Communications & Information Technology,https://www.cert-in.org.in,Indian Computer Emergency Response Team (CERT-In),2131
Communications & Information Technology,https://bihar.nic.in,"Bihar State Centre, National Informatics Centre (NIC)",2132
Communications & Information Technology,https://maharashtra.mygov.in,MyGov Maharashtra,2133
Communications & Information Technology,https://www.cpct.mp.gov.in,"Computer Proficiency Certification Test (CPCT), Madhya Pradesh",2135
Communications & Information Technology,https://bhashini.gov.in/en,Bhashini: National Public Digital Platform for languages,2136
Communications & Information Technology,https://www.tidelpark.com,"Information Technology Park, Chennai (TIDEL Park), Tamil Nadu",2138
Communications & Information Technology,https://kerala.bsnl.co.in,Kerala Telecom Circle,2139
Communications & Information Technology,https://csc.gov.in,Common Services Centers Scheme (CSC),2140
Communications & Information Technology,https://assam.bsnl.co.in,Assam Telecom Circle,2141
Communications & Information Technology,https://eparinam.gov.in,ePARINAM,2142
Communications & Information Technology,https://www.nielit.gov.in/delhi,"National Institute of Electronics and Information Technology, Delhi",2144
Communications & Information Technology,https://sanvardhan-post.gov.in,SANVARDHAN,2145
Communications & Information Technology,https://navigatebharat.gov.in,National Video Gateway of Bharat,2146
Communications & Information Technology,https://greene.gov.in,GREENE-An E-Waste Awareness Initiative,2147
Communications & Information Technology,https://www.nielit.gov.in/kolkata,"National Institute of Electronics and Information Technology (NIELIT), Kolkata",2148
Communications & Information Technology,https://napix.gov.in,NIC API Exchange Platform (NAPIX),2149
Communications & Information Technology,https://www.isea.gov.in,Information Security Education and Awareness (ISEA),2150
Communications & Information Technology,https://chavi.ai,CHAVI-Comprehensive Archive of Imaging in Oncology,2151
Communications & Information Technology,https://eservice.arunachal.gov.in,"eServices Portal, Arunachal Pradesh",2152
Communications & Information Technology,https://cgca.gov.in/ccauk,"Controller of Communication Accounts (CCA), Uttarakhand",2154
Communications & Information Technology,https://tarangsanchar.gov.in,Tarang Sanchar Portal,2156
Communications & Information Technology,https://gswan.gujarat.gov.in,"Gujarat State Wide Area Network (GSWAN), Gujarat",2157
Communications & Information Technology,https://upocmms.nic.in,"Online Consent Management & Monitoring System, Uttar Pradesh",2158
Communications & Information Technology,https://i4c.mha.gov.in,Indian Cybercrime Coordination Centre (I4C),2159
Communications & Information Technology,https://nicchandigarh.nic.in,"Chandigarh State Centre, National Informatics Centre (NIC)",2160
Communications & Information Technology,https://www.tec.gov.in,"Telecommunication Engineering Centre, New Delhi",2161
Communications & Information Technology,https://sikkim.nic.in,"Sikkim State Centre, National Informatics Centre (NIC)",2163
Communications & Information Technology,https://divya.gov.in,Digital India Video Yantriki Application (DIVYA),2164
Communications & Information Technology,https://up.nic.in,"Uttar Pradesh State Centre, National Informatics Centre (NIC)",2165
Communications & Information Technology,https://utl.nic.in/directory,"Lakshadweep State Centre, National Informatics Centre (NIC)",2167
Communications & Information Technology,https://tamilnadupost.cept.gov.in,"Tamilnadu Postal Circle, Tamil Nadu",2168
Communications & Information Technology,https://jharkhand.mygov.in,MyGov Jharkhand,2170
Communications & Information Technology,https://ne1.bsnl.co.in,BSNL - North East-I Telecom Circle,2171
Communications & Information Technology,https://maharashtra.bsnl.co.in,Maharashtra Telecom Circle,2172
Communications & Information Technology,https://jk.mygov.in,MyGov Jammu and Kashmir,2173
Communications & Information Technology,https://ap.bsnl.co.in,Andhra Pradesh Telecom Circle,2175
Communications & Information Technology,https://www.nielit.gov.in/guwahati,"National Institute of Electronics and Information Technology (NIELIT), Guwahati",2177
Communications & Information Technology,https://maharashtra.nic.in,"Maharashtra State Centre, National Informatics Centre (NIC)",2179
Communications & Information Technology,https://ngc.gov.in,National Government Cloud Services,2180
Communications & Information Technology,https://tamilnadu.mygov.in,MyGov Tamil Nadu,2181
Communications & Information Technology,https://odisha.bsnl.co.in,BSNL Odisha Circle,2182
Communications & Information Technology,https://raknpa.gov.in,"Rafi Ahmed Kidwai National Postal Academy (RAKNPA), Ghaziabad",2185
Communications & Information Technology,https://web.umang.gov.in,Unified Mobile Application for New-age Governance (UMANG),2186
Communications & Information Technology,https://mpsedc.mp.gov.in,"M.P. State Electronics Development Corporation Ltd., Madhya Pradesh",2187
Communications & Information Technology,https://www.stpi.in,Software Technology Parks of India (STPI),2188
Communications & Information Technology,https://pli.indiapost.gov.in,Directorate of Postal Life Insurance,2189
Communications & Information Technology,https://www.cdac.in,Centre for Development of Advanced Computing (C-DAC),2190
Communications & Information Technology,https://digipay.gov.in/dashboard/Default.aspx,DigiDhan Dashboard,2191
Communications & Information Technology,https://uk.nic.in,"Uttarakhand State Centre, National Informatics Centre (NIC)",2192
Communications & Information Technology,https://www.registry.in,".IN Registry, National Internet eXchange of India (NIXI)",2193
Communications & Information Technology,https://www.keralapost.gov.in,Kerala Postal Circle,2194
Communications & Information Technology,https://ticelbiopark.com,"TICEL Biopark Ltd., Tamil Nadu",2195
Communications & Information Technology,https://cdg.nic.in,"NIC, Central for Data Governance",2196
Communications & Information Technology,https://nkn.gov.in,"National Knowledge Network-Connecting Knowledge Institutions, New Delhi",2197
Communications & Information Technology,https://www.nic.in/,National Informatics Centre,2199
Communications & Information Technology,https://hyderabad.stpi.in,"Software Technology Parks of India (STPI), Hyderabad",2200
Communications & Information Technology,https://sicldr.gov.in,Semiconductor Integrated Circuits Layout Design Registry (SICLDR),2201
Communications & Information Technology,https://dla.gov.in,Digital Locker Authority (DLA),2202
Communications & Information Technology,https://ntiprit.gov.in,"National Telecommunications Institute for Policy Research, Innovation and Training (NTIPRIT)",2203
Communications & Information Technology,https://msegs.mizoram.gov.in,"Mizoram State E-Governance Society, Mizoram",2205
Communications & Information Technology,https://nceg.gov.in,National Conference on e-Governance,2206
Communications & Information Technology,https://epramaan.gov.in,"e-Pramaan - Framework for e-Authentication by CDAC, MeitY",2208
Communications & Information Technology,https://vijayawadapost.gov.in,AP Postal Circle,2209
Communications & Information Technology,https://rajasthan.mygov.in,MyGov Rajasthan,2210
Communications & Information Technology,https://webcast.gov.in,"Webcast Services of National Informatics Centre, DIT, Govt. of India",2211
Communications & Information Technology,https://nccs.gov.in,National Centre for Communication Security,2212
Communications & Information Technology,https://ladakh.mygov.in,MyGov Ladakh,2213
Communications & Information Technology,https://dff.nic.in,Directorate of Film Festivals,2214
Communications & Information Technology,https://guj.nic.in,"Gujarat State Centre, National Informatics Centre (NIC)",2215
Communications & Information Technology,https://www.nielit.gov.in/imphal,"National Institute of Electronics and Information Technology (NIELIT), Imphal",2219
Communications & Information Technology,https://cca.gov.in,Controller of Certifying Authorities (CCA),2220
Communications & Information Technology,https://www.nielit.gov.in/calicut,"National Institute of Electronics and Information Technology (NIELIT), Calicut",2221
Communications & Information Technology,https://meg.nic.in,"Meghalaya State Centre, National Informatics Centre (NIC)",2222
Communications & Information Technology,https://www.graphenecentre.in,India Innovation Centre for Graphene (IICG),2223
Communications & Information Technology,https://jk.nic.in,"Jammu and Kashmir State Centre, National Informatics Centre (NIC)",2224
Communications & Information Technology,https://recruitment.nic.in,"Online Recruitment , National Informatics Centre (NIC)",2227
Communications & Information Technology,https://andaman-nicobar.bsnl.co.in,Andaman and Nicobar Telecom Circle,2228
Communications & Information Technology,https://gatishaktisanchar.gov.in,GatiShakti Sanchar Portal,2230
Communications & Information Technology,https://rathjatra.nic.in,"Rath Jatra, Festival of Chariots at Puri",2231
Communications & Information Technology,https://manipur.mygov.in,MyGov Manipur,2232
Communications & Information Technology,https://eproc.cgstate.gov.in,"Integrated e-Procurement Portal, Chhattisgarh",2235
Communications & Information Technology,https://digitalindia.gov.in,Digital India Programme,2237
Communications & Information Technology,https://www.meity.gov.in/,Ministry of Electronics & Information Technology,2238
Communications & Information Technology,https://raj.nic.in,"Rajasthan State Centre, National Informatics Centre (NIC)",2239
Communications & Information Technology,https://dbttripura.gov.in,"Direct Benefit Transfer, Tripura",2242
Communications & Information Technology,https://cept.gov.in,Center for Excellence in Postal Technology (CEPT),2243
Communications & Information Technology,https://www.telecomepc.in,"Telecom Equipment and Services Export Promotion Council (TEPC), New Delhi",2245
Communications & Information Technology,https://hp.bsnl.co.in,Himachal Pradesh Telecom Circle,2246
Communications & Information Technology,https://guidelines.india.gov.in,Guidelines for Indian Government Websites (GIGW),2247
Communications & Information Technology,https://karnataka.nic.in,"Karnataka State Centre, National Informatics Centre (NIC)",2248
Communications & Information Technology,https://www.epostoffice.gov.in,ePost Office-India Post on Your Desktop,2249
Communications & Information Technology,https://tripura.mygov.in,MyGov Tripura,2250
Communications & Information Technology,https://mgov.gov.in,Mobile Seva-National Mobile Governance Initiative,2251
Communications & Information Technology,https://www.itiltd.in,Indian Telephone Industries Limited (ITI),2252
Communications & Information Technology,https://up.mygov.in,MyGov Uttar Pradesh,2253
Communications & Information Technology,https://vidcon.nic.in,Video Conferencing Services of NIC,2254
Communications & Information Technology,https://gil.gujarat.gov.in,"Gujarat Informatics Limited (GIL), Gujarat",2255
Communications & Information Technology,https://gepnic.gov.in,Electronic Procurement (GePNIC),2256
Communications & Information Technology,https://c2s.gov.in,Chips to Startup (C2S),2257
Communications & Information Technology,https://dii.nic.in,Digital India Internship,2258
Communications & Information Technology,https://bharatmaps.gov.in,Bharat Maps,2259
Communications & Information Technology,https://rajasthan.bsnl.co.in,Rajasthan Telecom Circle,2260
Communications & Information Technology,https://ncog.gov.in,National Centre of Geo-Informatics,2261
Communications & Information Technology,https://www.alttc.bsnl.co.in,Advanced Level Telecommunication Training Centre (ALTTC),2262
Communications & Information Technology,https://cmf.gov.in,Content Management Framework (CMF) for Government Websites,2264
Communications & Information Technology,https://rttctvm.bsnl.co.in,"Regional Telecom Training centre (RTTC), Trivandrum",2265
Communications & Information Technology,https://edistrict.assam.gov.in,"e - District, Assam",2266
Communications & Information Technology,https://ts.nic.in,"Telangana State Centre, National Informatics Centre (NIC)",2267
Communications & Information Technology,https://bbnl.nic.in,Bharat Broadband Network Limited (BBNL),2268
Communications & Information Technology,https://dharani.telangana.gov.in,"Integrated Land Records Management System, Telangana",2269
Communications & Information Technology,https://bharat6galliance.com,Bharat6G Alliance,2270
Communications & Information Technology,https://tamilnadu.bsnl.co.in,Tamil Nadu Telecom Circle,2271
Communications & Information Technology,https://andaman.nic.in,"Andaman And Nicobar State Centre, National Informatics Centre (NIC)",2272
Communications & Information Technology,https://bhubaneswar.stpi.in,"Software Technology Parks of India (STPI), Bhubaneswar, Odisha",2273
Communications & Information Technology,https://nagaland.nic.in,"Nagaland State Centre, National Informatics Centre (NIC)",2274
Communications & Information Technology,https://www.noida.stpi.in,"Software Technology Parks Of India (STPI), Noida, Uttar Pradesh",2275
Communications & Information Technology,https://gujarat.mygov.in,MyGov Gujarat,2276
Communications & Information Technology,https://trustedtelecom.gov.in,Trusted Telecom Portal,2279
Communications & Information Technology,https://www.nielit.gov.in/agartala,"National Institute of Electronics and Information Technology (NIELIT), Agartala",2280
Coal & Mine,https://geodataindia.gov.in,National Geoscience Data Repository,2281
Coal & Mine,https://www.nic.in/,National Informatics Centre,2283
Coal & Mine,https://www.meity.gov.in/,Ministry of Electronics & Information Technology,2284
Coal & Mine,https://www.secl-cil.in,South Eastern Coalfields Limited (SECL),2285
Coal & Mine,https://jiyoparsi.minorityaffairs.gov.in,Jiyo Parsi Scheme Portal,2290
Coal & Mine,https://www.coalindia.in,Coal India Limited (CIL),2291
Coal & Mine,https://www.bcclweb.in,Bharat Coking Coal Limited (BCCL),2296
Coal & Mine,https://www.mahanadicoal.in,Mahanadi Coalfields Limited,2297
Coal & Mine,https://subhadra.odisha.gov.in,"SUBHADRA Yojana, Odisha",2300
Coal & Mine,https://www.nclcil.in,Northern Coalfields Limited,2302
Coal & Mine,https://scienceandtech.cmpdi.co.in,Science and Technology Research in Coal and Lignite Sector,2304
Coal & Mine,https://www.hindustancopper.com,Hindustan Copper Limited (HCL),2305
Coal & Mine,https://ibmreg.nic.in,"Mineral Concessionaires Registration System, Indian Bureau of Mines",2306
Coal & Mine,https://tamra.gov.in,TAMRA Web Portal,2307
Coal & Mine,https://www.cimfr.nic.in,"Central Institute of Mining and Fuel Research (CIMFR), Jharkhand",2308
Coal & Mine,https://nalcoindia.co.in,National Aluminium Company Limited (NALCO),2309
Coal & Mine,https://www.kmml.com,"The Kerala Minerals and Metals Limited, Kerala",2311
Coal & Mine,https://dharani.telangana.gov.in,"Integrated Land Records Management System, Telangana",2314
Coal & Mine,https://dgmup.gov.in,"Directorate of Geology & Mining, Uttar Pradesh",2315
Coal & Mine,https://mmtclimited.gov.in,Minerals and Metals Trading Corporation Limited (MMTC),2317
Coal & Mine,https://swcs.coal.gov.in/admin,Single Window Clearance System gateway for Operationalization of Coal Mines,2318
Coal & Mine,https://www.centralcoalfields.in/hindi/ind/indexh.php,Central Coalfields Limited (CCL),2319
Coal & Mine,https://dmg.kerala.gov.in,"Mining and Geology Department, Kerala",2320
Coal & Mine,https://tanmag.org,"Tamilnadu Magnesite Limited (TANMAG), Tamil Nadu",2323
Coal & Mine,https://swachhatahiseva.gov.in,Swachhata Hi Seva 2024,2324
Coal & Mine,https://www.cmpdi.co.in/index.php?lang=Eng,"Central Mine Planning and Design Institute Limited, Ranchi",2327
Coal & Mine,https://www.jandkminerals.in,"J&K Minerals Limited, Jammu and Kashmir",2328
Coal & Mine,https://www.easterncoal.nic.in,Eastern Coal Fields Limited,2330
Coal & Mine,https://www.ashtalakshmimahotsav.com,Ashtalakshmi Mahotsav,2336
Coal & Mine,https://dmg.goa.gov.in,"Directorate of Mines and Geology, Goa",2339
Coal & Mine,https://www.nlcindia.in,NLC India Limited (NLCIL),2340
Coal & Mine,https://mecl.co.in,Mineral Exploration Corporation Limited (MECL),2342
Coal & Mine,https://cmpfo.gov.in,Coal Mines Provident Fund Organisation (CMPFO),2347
Coal & Mine,https://fagmil.nic.in,FCI Aravali Gypsum and Minerals India Limited (FAGMIL),2348
Coal & Mine,https://jnarddc.gov.in,Jawaharlal Nehru Aluminium Research Development and Design Centre (JNARDDC),2349
Coal & Mine,https://ibm.gov.in,Indian Bureau of Mines,2350
Coal & Mine,https://www.dgms.gov.in,Directorate General of Mines Safety (DGMS),2351
Chemicals & Fertilizers,https://urvarak.nic.in,e-Urvarak,2352
Chemicals & Fertilizers,https://www.nic.in/,National Informatics Centre,2354
Chemicals & Fertilizers,https://www.meity.gov.in/,Ministry of Electronics & Information Technology,2355
Chemicals & Fertilizers,https://fact.co.in,Fertilizers and Chemicals Travancore Limited (FACT),2359
Chemicals & Fertilizers,https://jiyoparsi.minorityaffairs.gov.in,Jiyo Parsi Scheme Portal,2361
Chemicals & Fertilizers,https://www.hoclindia.com,Hindustan Organic Chemicals Limited (HOCL),2365
Chemicals & Fertilizers,https://urban.rajasthan.gov.in,"Urban Sector, Rajasthan",2366
Chemicals & Fertilizers,https://www.kribhco.net,Krishak Bharati Cooperative Limited (KRIBHCO),2369
Chemicals & Fertilizers,https://subhadra.odisha.gov.in,"SUBHADRA Yojana, Odisha",2371
Chemicals & Fertilizers,https://www.hil.gov.in,Hindustan Insecticides Limited (HIL),2373
Chemicals & Fertilizers,https://bengalchemicals.co.in,Bengal Chemicals and Pharmaceuticals Limited (BCPL),2375
Chemicals & Fertilizers,https://www.nationalfertilizers.com,National Fertilizers Limited (NFL),2376
Chemicals & Fertilizers,https://www.larpm.gov.in,"Laboratory for Advanced Research in Polymeric Materials (LARPM), CIPET",2377
Chemicals & Fertilizers,https://pharmexcil.com,Pharmaceuticals Export Promotion Council of India (PHARMEXCIL),2379
Chemicals & Fertilizers,https://fertcorpindia.nic.in,Fertilizer Corporation of India Limited (FCIL),2381
Chemicals & Fertilizers,https://tflonline.co.in,Talcher Fertilizer LTD. (TFL),2382
Chemicals & Fertilizers,https://dharani.telangana.gov.in,"Integrated Land Records Management System, Telangana",2383
Chemicals & Fertilizers,https://www.nppaindia.nic.in,National Pharmaceutical Pricing Authority (NPPA),2385
Chemicals & Fertilizers,https://odcl.nic.in,Orissa Drugs and Chemicals Limited,2386
Chemicals & Fertilizers,https://www.rcfltd.com,Rashtriya Chemicals and Fertilizers Limited (RCF),2388
Chemicals & Fertilizers,https://bcplonline.co.in,"Brahmaputra Cracker and Polymer Limited (BCPL), Guwahati",2389
Chemicals & Fertilizers,https://biorrap.gov.in,Biological Research Regulatory Approval Portal,2390
Chemicals & Fertilizers,https://chemexcil.in,"CHEMEXCIL-Basic Chemicals, Cosmetics and Dyes Export Promotion Council",2391
Chemicals & Fertilizers,https://www.madrasfert.co.in,Madras Fertilizers Limited (MFL),2392
Chemicals & Fertilizers,https://www.gnfc.in,"Gujarat Narmada Valley Fertilizers & Chemicals Limited, Gujarat",2394
Chemicals & Fertilizers,https://swachhatahiseva.gov.in,Swachhata Hi Seva 2024,2396
Chemicals & Fertilizers,https://www.rfcl.co.in,Ramagundam Fertilizers and Chemicals Limited (RFCL),2398
Chemicals & Fertilizers,https://www.impclmohan.nic.in,Indian Medicines Pharmaceutical Corporation Limited (IMPCL),2402
Chemicals & Fertilizers,https://www.ashtalakshmimahotsav.com,Ashtalakshmi Mahotsav,2407
Chemicals & Fertilizers,https://bvfcl.com,Brahmaputra Valley Fertilizer Corporation Limited (BVFCL),2409
Chemicals & Fertilizers,https://www.ncl.res.in,National Chemical Laboratory (NCL),2410
Chemicals & Fertilizers,https://www.cipet.gov.in,Central Institute of Plastics Engineering and Technology (CIPET),2417
Chemicals & Fertilizers,https://www.pdilin.com,Projects and Development India Limited (PDIL),2418
Defence,https://www.nic.in/,National Informatics Centre,2419
Defence,https://dprmod.gov.in,Directorate of Public Relations,2421
Defence,https://domw.gov.in,"Defence Offsets Management Wing (DOMW), New Delhi",2422
Defence,https://www.navodaya.gov.in/nvs/nvs-school/Beed/hi/about_us/About-JNV,"Principal Controller of Defence Accounts (Southern Command), Pune",2423
Defence,https://almora.cantt.gov.in,"Cantonment Board, Almora",2424
Defence,https://delhi.cantt.gov.in,"Cantonment Board, Delhi",2425
Defence,https://www.joinindiannavy.gov.in,Indian Navy - Careers and Opportunities,2426
Defence,https://dehuroad.cantt.gov.in,"Cantonment Board, Dehuroad",2429
Defence,https://www.csdindia.gov.in,Cateen Stores Department,2430
Defence,https://saugor.cantt.gov.in,"Cantonment Board, Saugor",2431
Defence,https://eprocuremidhani.nic.in,eProcurement Portal of Mishra Dhatu Nigam Limited (MIDHANI),2432
Defence,https://morar.cantt.gov.in,"Cantonment Board, Morar",2433
Defence,https://www.cbdeolali.org.in,"Cantonment Board, Deolali, Maharashtra",2434
Defence,https://pune.cantt.gov.in,"Cantonment Board, Pune",2435
Defence,https://bel-india.in,"Bharat Electronics Limited (BEL), Bangalore",2436
Defence,https://mhow.cantt.gov.in,"Cantonment Board, Mhow",2437
Defence,https://jutogh.cantt.gov.in,"Cantonment Board, Jutogh",2439
Defence,https://wellington.cantt.gov.in,"Cantonment Board, Wellington",2440
Defence,https://pcafys.gov.in,"Principal Controller of Accounts (Factories), Kolkata",2441
Defence,https://indianarmy.nic.in,Indian Army,2442
Defence,https://policeservicemedals.gov.in,Police Service Medal,2443
Defence,https://ddpdos.gov.in,"Directorate of Standardisation, New Delhi",2444
Defence,https://nccauto.gov.in,NCC Alumni Association,2445
Defence,https://deolali.cantt.gov.in,"Cantonment Board, Deolali",2446
Defence,https://kamptee.cantt.gov.in,"Cantonment Board, Kamptee",2447
Defence,https://ina.gov.in,Indian Naval Academy,2448
Defence,https://indianairforce.nic.in,"Indian Airforce, New Delhi",2449
Defence,https://www.armyschooltrivandrum.in,"Army Public School Trivandrum, Kerala",2450
Defence,https://dalhousie.cantt.gov.in,"Cantonment Board, Dalhousie",2453
Defence,https://www.ashtalakshmimahotsav.com,Ashtalakshmi Mahotsav,2454
Defence,https://lansdowne.cantt.gov.in,"Cantonment Board, Lansdowne,",2455
Defence,https://www.nimindia.net,"Nehru Institute of Mountaineering (NIM), Uttarkashi",2456
Defence,https://ddpdoo.gov.in/units/NADP,"National Academy of Defence Production (NADP), Nagpur",2458
Defence,https://gsf.aweil.in,"Gun and Shell Factory, Cossipore",2459
Defence,https://pcdaopune.gov.in,"Principal Controller of Defence Accounts (Officers), Pune",2460
Defence,https://www.bemlindia.in,"Bharat Earth Movers Limited (BEML), Bangalore",2461
Defence,https://midhani-india.in,"Mishra Dhatu Nigam Limited (MIDHANI), Hyderabad",2462
Defence,https://capt.gov.in,"Central Academy For Police Training, Madhya Pradesh",2463
Defence,https://bro.gov.in,"Border Roads Organisation (BRO), New Delhi",2466
Defence,https://www.dgqadefence.gov.in,"Directorate General of Quality Assurance (DGQA), Bangalore",2467
Defence,https://jalapahar.cantt.gov.in,"Cantonment Board, Jalapahar",2468
Defence,https://dgrindia.gov.in,"Directorate General Resettlement (DGR), New Delhi",2469
Defence,https://avnl.co.in,"Armoured Vehicles Nigam Limited (AVNL), Chennai",2470
Defence,https://jalandhar.cantt.gov.in,"Cantonment Board, Jalandhar",2471
Defence,https://echs.gov.in,"Ex-Servicemen Contributory Health Scheme (ECHS), New Delhi",2472
Defence,https://ndc.nic.in,"National Defence College (NDC), New Delhi",2473
Defence,https://bareilly.cantt.gov.in,"Cantonment Board, Bareilly",2474
Defence,https://indiannavy.nic.in/nih/home,"National Institute of Hydrography, Goa",2475
Defence,https://sscbindia.in,"Services Sports Control Board (SSCB), New Delhi",2476
Defence,https://www.cbdelhi.in,"Cantonment Board, Delhi",2477
Defence,https://sainikschoolsociety.in,"Sainik School Society, New Delhi",2478
Defence,https://jammu.cantt.gov.in,"Cantonment Board, Jammu",2479
Defence,https://varanasi.cantt.gov.in,"Cantonment Board, Varanasi",2480
Defence,https://belgaum.cantt.gov.in,"Cantonment Board, Belgaum",2481
Defence,https://jabalpur.cantt.gov.in,"Cantonment Board, Jabalpur",2483
Defence,https://fatehgarh.cantt.gov.in,"Cantonment Board, Fatehgarh",2484
Defence,https://stm.cantt.gov.in,"Cantonment Board, St.Thomas Mount cum Pallavaram, Chennai",2485
Defence,https://munitionsindia.in,"Munitions India Limited (MIL), Pune",2486
Defence,https://cdarndhyd.gov.in,"Principal Controller of Defence Accounts (Research and Development), Hyderabad",2487
Defence,https://www.rashtriyamilitaryschools.edu.in,"Rashtriya Military School, Bangalore",2488
Defence,https://www.pcdasc.gov.in,"Principal Controller of Defence Accounts (Army), Pune",2489
Defence,https://www.troopcomfortslimited.co.in,"Troop Comforts Limited (TCL), Kanpur",2490
Defence,https://mes.gov.in,Military Engineering Service (MES),2491
Defence,https://nainital.cantt.gov.in,"Cantonment Board, Nainital",2492
Defence,https://kasauli.cantt.gov.in,"Cantonment Board, Kasauli",2493
Defence,https://ddpdoo.gov.in/units/RFI,"Rifle Factory Ishapore, West Bengal",2495
Defence,https://allahabad.cantt.gov.in,"Cantonment Board, Allahabad",2497
Defence,https://cdm.ap.nic.in,College of Defence Management,2500
Defence,https://rac.gov.in,"Recruitment And Assessment Centre (RAC), New Delhi",2501
Defence,https://ajmer.cantt.gov.in,"Cantonment Board, Ajmer",2502
Defence,https://meerut.cantt.gov.in,"Cantonment Board, Meerut",2503
Defence,https://www.ada.gov.in,Aeronautical Development Agency,2504
Defence,https://faizabad.cantt.gov.in,"Cantonment Board, Ayodhya",2506
Defence,https://pachmarhi.cantt.gov.in,"Cantonment Board, Pachmarhi",2507
Defence,https://bpdd.assam.gov.in,"Border Protection and Development Department, Assam",2508
Defence,https://dagshai.cantt.gov.in,"Cantonment Board, Dagshai",2509
Defence,https://www.meity.gov.in/,Ministry of Electronics & Information Technology,2510
Defence,https://clementtown.cantt.gov.in,"Cantonment Board, Clementtown",2511
Defence,https://kanpur.cantt.gov.in,"Cantonment Board, Kanpur",2512
Defence,https://barrackpore.cantt.gov.in,"Cantonment Board, Barrackpore",2513
Defence,https://indiancoastguard.gov.in,Indian Coast Guard,2515
Defence,https://gstdelhizone.gov.in/west/contact-west.php,"Central Board Of Indirect Taxes and Customs (CGST and CE), Delhi",2517
Defence,https://cdachennai.nic.in,"Controller of Defence Accounts, Chennai",2518
Defence,https://makeinindiadefence.gov.in,"Make in India Defence Production, New Delhi",2519
Defence,https://jiyoparsi.minorityaffairs.gov.in,Jiyo Parsi Scheme Portal,2521
Defence,https://nda.nic.in,National Defence Academy (NDA),2522
Defence,https://nimasdirang.com,"National Institute of Mountaineering and Adventure Sports, Dirang",2523
Defence,https://www.aweil.in,"Advanced Weapons And Equipment India Limited (AWEIL), Kanpur",2524
Defence,https://www.indiannavy.nic.in/insvalsura,Indian Naval Ship Valsura,2525
Defence,https://mod.gov.in/department-military-affairs,Department of Military Affairs (DMA),2526
Defence,https://pcdawc.gov.in,"Principal Controller of Defence Accounts, Western Command, Changigarh",2527
Defence,https://subhadra.odisha.gov.in,"SUBHADRA Yojana, Odisha",2528
Defence,https://ambala.cantt.gov.in,"Cantonment Board, Ambala",2529
Defence,https://dehradun.cantt.gov.in,"Cantonment Board, Dehradun",2531
Defence,https://www.cbaurangabad.in,"Cantonment Board, Aurangabad, Maharashtra",2532
Defence,https://babina.cantt.gov.in,"Cantonment Board, Babina",2533
Defence,https://lebong.cantt.gov.in,"Cantonment Board, Lebong",2535
Defence,https://cdm.gov.in,College of Defence Management,2536
Defence,https://shillong.cantt.gov.in,"Cantonment Board, Shillong",2538
Defence,https://cannanore.cantt.gov.in,"Cantonment Board, Cannanore",2539
Defence,https://defproc.gov.in,Defence eProcurement Portal,2540
Defence,https://buvik.gov.in,"Bureau of Naviks (BUVIK), Indian Coast Guard",2541
Defence,https://gallantrymuseum.gov.in/home/homepage,Gallery of gallants - A Virtual Museum,2542
Defence,https://agra.cantt.gov.in,"Cantonment Board, Agra",2544
Defence,https://ranikhet.cantt.gov.in,"Cantonment Board, Ranikhet",2545
Defence,https://cbkamptee.org,"Cantonment Board, Kamptee, Maharashtra",2546
Defence,https://swachhatahiseva.gov.in,Swachhata Hi Seva 2024,2547
Defence,https://ferozepur.cantt.gov.in,"Cantonment Board, Ferozepur",2548
Defence,https://www.defenceexim.gov.in,"Defence Exports Promotion, New Delhi",2549
Defence,https://www.glidersindia.in,"Gliders India Limited (GIL), Kanpur",2550
Defence,https://online.ksb.gov.in,"Kendriya Sainik Board Secretariat, New Delhi",2551
Defence,https://ramgarh.cantt.gov.in,"Cantonment Board, Ramgarh",2553
Defence,https://lucknow.cantt.gov.in,"Cantonment Board, Lucknow",2555
Defence,https://mathura.cantt.gov.in,"Cantonment Board, Mathura",2556
Defence,https://www.indiaoptel.in,"India Optel Limited (IOL), Dehradun",2557
Defence,https://ndacivrect.gov.in,"National Defence Academy (NDA), Pune",2558
Defence,https://nasirabad.cantt.gov.in,"Cantonment Board, Nasirabad",2559
Defence,https://www.hslvizag.in,"Hindustan Shipyard Limited, Visakhapatnam",2561
Defence,https://ddpdoo.gov.in,"Directorate of Ordnance (Coordination and Services), Kolkata",2563
Defence,https://aurangabad.cantt.gov.in,"Cantonment Board, Aurangabad",2564
Defence,https://indianarmyveterans.gov.in,Indian Army Veterans Grievance Handling Portal,2565
Defence,https://hmidarjeeling.com,"Himalayan Mountaineering Institute (HMI), Darjeeling",2566
Defence,https://www.ssb.gov.in,Sashastra Seema Bal (SSB),2567
Defence,https://bharatkeveer.gov.in,Bharat Ke Veer,2568
Defence,https://pcdanavy.gov.in,Principal Controller of Defence Accounts (Navy),2571
Defence,https://chakrata.cantt.gov.in,"Cantonment Board, Chakrata",2572
Defence,https://badamibagh.cantt.gov.in,"Cantonment Board, Badamibagh",2573
Defence,https://dgaeroqa.gov.in,"Directorate General of Aeronautical Quality Assurance (DGAQA), New Delhi",2574
Defence,https://idsa.in,"Manohar Parrikar Institute for Defence Studies and Analyses (MP-IDSA), New Delhi",2575
Defence,https://bakloh.cantt.gov.in,"Cantonment Board, Bakloh",2576
Defence,https://subathu.cantt.gov.in,"Cantonment Board, Subathu",2577
Defence,https://www.yantraindia.co.in,"Yantra India Limited (YIL), Nagpur",2579
Defence,https://ahmedabad.cantt.gov.in,"Cantonment Board, Ahmedabad",2580
Defence,https://www.dssc.gov.in,"Defence Services Staff College, Wellington",2581
Defence,https://www.mdsuajmer.ac.in,"Maharshi Dayanand Saraswati University, Ajmer, Rajasthan",2582
Defence,https://aftkolkata.nic.in,"Armed Forces Tribunal, Kolkata Bench, Kolkata",2583
Defence,https://cgda.nic.in,"Controller General of Defence Accounts, New Delhi",2584
Defence,https://roorkee.cantt.gov.in,"Cantonment Board, Roorkee",2585
Defence,https://pcdacc.gov.in,"Principal Controller of Defence Accounts (Central Command), Lucknow",2586
Defence,https://cdapatna.bihar.gov.in,"Controller of Defence Accounts (CDA), Patna",2587
Defence,https://www.hal-india.co.in,"Hindustan Aeronautics Limited, Bangalore",2588
Defence,https://indiannavy.nic.in,Indian Navy,2589
Defence,https://shahjahanpur.cantt.gov.in,"Cantonment Board, Shahjahanpur",2590
Defence,https://bdl-india.in,Bharat Dynamics Limited (BDL),2591
Defence,https://dharani.telangana.gov.in,"Integrated Land Records Management System, Telangana",2592
Defence,https://ksb.gov.in,"Kendriya Sainik Board Secretariat, New Delhi",2593
Defence,https://armyrecruitmentmp.nic.in,Headquarters Recruiting Zone Madhya Pradesh and Chhattisgarh,2594
Defence,https://cgda.nic.in/adm/other_links/transitFacility.html,"Guest House Booking Management System, Defence Accounts Department (DAD)",2595
Defence,https://secunderabad.cantt.gov.in,"Cantonment Board, Secunderabad",2596
Defence,https://cdasecbad.ap.nic.in,"Controller of Defence Accounts, Secunderabad",2597
Defence,https://rimc.gov.in,"Rashtriya Indian Military College, Dehradun",2598
Defence,https://eprocuregsl.nic.in,eProcurement Portal of Goa Shipyard Limited (GSL),2599
Defence,https://www.dgde.gov.in,"Director General of Defence Estates (DGDE), Delhi",2600
Defence,https://samar.gov.in,System for Advance Manufacturing Assessment and Rating,2601
Defence,https://ahmednagar.cantt.gov.in,"Cantonment Board, Ahmednagar",2602
Defence,https://afmc.nic.in,"Armed Forces Medical College (AFMC), Pune",2603
Defence,https://defenceinvestorcell.gov.in,"Defence Investor Cell, New Delhi",2604
Defence,https://nadfm.nic.in,"National Academy of Defence Financial Management (NADFM), Pune, Maharashtra",2608
Defence,https://rodra.gov.in,Retired Officers Digital Records Archive - Veteran Officers and Family Pensioners of Indian Army,2609
Defence,https://idex.gov.in,Innovations for Defence Excellence,2610
Defence,https://ddd.gov.in/police,"Police Department, UT of Dadra and Nagar Haveli and Daman and Diu",2612
Defence,https://sainikwelfare.kerala.gov.in,"Department of Sainik Welfare, Kerala",2615
Defence,https://danapur.cantt.gov.in,"Cantonment Board, Danapur",2616
International Affairs,https://nixi.in,National Internet eXchange of India (NIXI),2617
International Affairs,https://aponbangla.wb.gov.in,"NRI Cell, West Bengal",2619
International Affairs,https://www.nic.in/,National Informatics Centre,2620
International Affairs,https://madad.gov.in,Consular Services Management System,2621
International Affairs,https://meadashboard.gov.in,Performance Dashboard of Ministry of External Affairs (MEA),2622
International Affairs,https://www.meity.gov.in/,Ministry of Electronics & Information Technology,2623
International Affairs,https://jiyoparsi.minorityaffairs.gov.in,Jiyo Parsi Scheme Portal,2628
International Affairs,https://fcraonline.gov.in,Foreign Contribution Regulation Act Online Services (FCRA),2631
International Affairs,https://ssifs.mea.gov.in,Sushma Swaraj Institute of Foreign Service,2634
International Affairs,https://pbdindia.gov.in,Pravasi Bharatiya Divas (PBD),2636
International Affairs,https://indianfrro.gov.in,General Instructions for Registration and Other Services,2637
International Affairs,https://ociservices.gov.in,Online Overseas Citizen Of India Services (OCI),2638
International Affairs,https://subhadra.odisha.gov.in,"SUBHADRA Yojana, Odisha",2640
International Affairs,https://www.ircon.org,IRCON International Limited,2641
International Affairs,https://meaprotocol.nic.in,Protocol Division,2644
International Affairs,https://sjsdhaka.gov.in,Suborno Jayanti Scholarships,2647
International Affairs,https://dharani.telangana.gov.in,"Integrated Land Records Management System, Telangana",2649
International Affairs,https://videshapps.gov.in/videsh,Ministry of External Affairs Telephone Directory,2650
International Affairs,https://mealib.nic.in,"Library, Ministry of External Affairs",2652
International Affairs,https://passportindia.gov.in,Passport Seva Portal,2653
International Affairs,https://nri.up.gov.in,"NRI Department, Uttar Pradesh",2654
International Affairs,https://friendsofmp.gov.in,"Overseas Indian Department, Madhya Pradesh",2656
International Affairs,https://swachhatahiseva.gov.in,Swachhata Hi Seva 2024,2658
International Affairs,https://indiancitizenshiponline.nic.in,Indian Citizenship Online,2660
International Affairs,https://www.iccr.gov.in,Indian Council for Cultural Relations (ICCR),2661
International Affairs,https://spdcindia.gov.in,Scholarship Programme for Diaspora Children (SPDC),2662
International Affairs,https://www.indianvisaonline.gov.in,Online Portal for Visa Application to India,2665
International Affairs,https://brics2021.gov.in,BRICS INDIA 2021,2670
International Affairs,https://www.ashtalakshmimahotsav.com,Ashtalakshmi Mahotsav,2671
International Affairs,https://www.itecgoi.in,Indian Technical and Economic Cooperation Division (ITEC),2673
International Affairs,https://cgilagos.gov.in,Consulate of India,2681
Employment & Labour,https://www.nic.in/,National Informatics Centre,2682
Employment & Labour,https://indianlabourarchives.org,Indian Labour Archives (ILA),2684
Employment & Labour,https://ssp.rajasthan.gov.in,"Social Security Pension, Rajasthan",2685
Employment & Labour,https://www.sscsr.gov.in,"Staff Selection Commission (SSC), Southern Region",2686
Employment & Labour,https://sewayojan.up.nic.in,"Rojgaar Sangam, Uttar Pradesh",2687
Employment & Labour,https://dsssb.delhi.gov.in,Delhi Subordinate Services Selection Board,2688
Employment & Labour,https://www.rrbahmedabad.gov.in,"Railway Recruitment Board (RRB), Ahmedabad",2689
Employment & Labour,https://jssc.nic.in,"Jharkhand Staff Selection Commission, Jharkhand",2690
Employment & Labour,https://upati.gov.in,"U.P. Academy of Administration & Management, Uttar Pradesh",2691
Employment & Labour,https://tamilnaducareerservices.tn.gov.in,"Virtual Learning Portal, Commissionerate of Employment & Training, Tamil Nadu",2692
Employment & Labour,https://stc.gujarat.gov.in,"Staff Training College, Gandhinagar, Gujarat",2695
Employment & Labour,https://employmentnews.gov.in,Employment News,2696
Employment & Labour,https://labdirodisha.gov.in,"Labour Directorate, Odisha",2697
Employment & Labour,https://nqr.gov.in,National Qualifications Register,2698
Employment & Labour,https://hryesi.gov.in,"Employees State Insurance Healthcare under Ministry of Labour & Employment, Haryana",2699
Employment & Labour,https://dect.assam.gov.in,"Directorate of Employment and Craftsmen Training, Assam",2700
Employment & Labour,https://eshram.gov.in,eSHRAM Portal,2701
Employment & Labour,https://pmkvyofficial.org,Pradhan Mantri Kaushal Vikas Yojana (PMKVY),2702
Employment & Labour,https://skilltraining.tn.gov.in,"Commissionerate of Employmnet and Traning, Tamil Nadu",2703
Employment & Labour,https://www.kpsc.kar.nic.in,"Karnataka Public Service Commission, Karnataka",2705
Employment & Labour,https://onetimeregn.haryana.gov.in,"Haryana Staff Selection Commission, Haryana",2706
Employment & Labour,https://nimi.gov.in,National Instructional Media Institute (NIMI),2707
Employment & Labour,https://ladakh.nic.in/employment,"Employment Department, Ladakh",2708
Employment & Labour,https://iti.jharkhand.gov.in,"Directorate of Employment and Training, Jharkhand",2709
Employment & Labour,https://bmssy.wblabour.gov.in,"Bina Mulya Samajik Suraksha Yojana, West Bengal",2710
Employment & Labour,https://wbfactories.gov.in,"Directorate of Factories, West Bengal",2711
Employment & Labour,https://www.sscer.org,"Staff Selection Commission (SSC), Eastern Region (Kolkata)",2714
Employment & Labour,https://www.ashtalakshmimahotsav.com,Ashtalakshmi Mahotsav,2715
Employment & Labour,https://lc.kerala.gov.in,"Labour Commissionerate, Kerala",2716
Employment & Labour,https://factory.tripura.gov.in,"Factories and Boilers Organisation, Tripura",2717
Employment & Labour,https://karmic.andaman.gov.in,"Online Recruitment Portal, Andaman and Nicobar Administration",2719
Employment & Labour,https://eadhiyachan.pariksha.nic.in,e-Pariksha Adhiyachan Services,2720
Employment & Labour,https://jkepfo.gov.in,"Employees Provident Fund Organisation, Jammu and Kashmir",2721
Employment & Labour,https://rdsdetamilnadu.dgt.gov.in,"Regional Directorate of Apprenticeship Training (RDAT), Chennai",2722
Employment & Labour,https://employmentservicemanipur.nic.in,"Employment Exchange, Manipur",2725
Employment & Labour,https://clc.gov.in,Chief Labour Commissioner (Central),2726
Employment & Labour,https://epfigms.gov.in,"EPFiGMS - Employees Provident Fund, Grievance Management System, New Delhi",2727
Employment & Labour,https://www.rrbapply.gov.in,Railway Recruitment Board,2728
Employment & Labour,https://shramevjayate.cg.gov.in,"Labour Department, Chhattisgarh",2729
Employment & Labour,https://itimargao.goa.gov.in,"Margao Government Industrial Training Institute, Goa",2730
Employment & Labour,https://jeevanpramaan.gov.in,Jeevan Pramaan - Digital Life Certificate for Pensioners,2731
Employment & Labour,https://www.upsc.gov.in,Union Public Service Commission (UPSC),2732
Employment & Labour,https://onlineemploymentportal.delhi.gov.in,"Directorate of Employment, Delhi",2733
Employment & Labour,https://www.wblc.gov.in,"Labour Commissionerate (Maintains Industrial Relations), West Bengal",2734
Employment & Labour,https://shramsuvidha.gov.in,Shram Suvidha,2736
Employment & Labour,https://rajfab.rajasthan.gov.in,"Factories and Boilers Inspection Department, Rajasthan",2737
Employment & Labour,https://iie.gov.in,Indian Institute of Entrepreneurship,2738
Employment & Labour,https://itipanaji.goa.gov.in,"Panaji Government Industrial Training Institute, Goa",2739
Employment & Labour,https://dish.tn.gov.in,"Directorate of Industrial Safety and Health, Tamil Nadu",2741
Employment & Labour,https://karmayogibharat.gov.in,Karmayogi Bharat,2743
Employment & Labour,https://recruitment.py.gov.in,"Online Portal for Government Recruitments, Puducherry",2746
Employment & Labour,https://omc.ap.gov.in,"Overseas Manpower Company Andhra Pradesh Limited, Andhra Pradesh",2747
Employment & Labour,https://sampark.msme.gov.in,Micro Small and Medium Enterprises Sampark,2748
Employment & Labour,https://nstidehradun.dgt.gov.in,"National Skill Trainers Institute (NSTI), Dehradun",2749
Employment & Labour,https://www.ncs.gov.in,National Career Service,2750
Employment & Labour,https://employmentexchange.tn.gov.in,"Employment and Training Department, Tamil Nadu",2751
Employment & Labour,https://nstiwtura.dgt.gov.in,"National Skill Trainers Institute for Women, Tura",2753
Employment & Labour,https://empmission.odisha.gov.in,"Directorate of Employment, Odisha",2754
Employment & Labour,https://mahaegs.maharashtra.gov.in/en,"Employment Guarantee Scheme, Planning Department, Maharashtra",2755
Employment & Labour,https://irp.uk.gov.in,"Integrated Recruitment Portal, Uttarakhand",2756
Employment & Labour,https://dgfasli.gov.in,Directorate General Factory Advice Service and Labour Institutes (DGFASLI),2757
Employment & Labour,https://rojgar.mahaswayam.gov.in,"Commissionerate of Skill Development, Employment & Entrepreneurship, Maharashtra",2758
Employment & Labour,https://cib.assam.gov.in,"Inspectorate of Boilers, Assam",2759
Employment & Labour,https://itisattari.goa.gov.in,"Sattari Government Industrial Training Institute, Goa",2760
Employment & Labour,https://dtnbwed.cbwe.gov.in,Dattopant Thengadi National Board for Workers Education and Development,2761
Employment & Labour,https://www.meity.gov.in/,Ministry of Electronics & Information Technology,2762
Employment & Labour,https://www.cstaricalcutta.gov.in,"Central Staff Training and Research Institute (CSTARI), Kolkata",2763
Employment & Labour,https://e-hrms.gov.in,Electronic Human Resource Management System 2.0,2764
Employment & Labour,https://webtest.cgstate.gov.in,"Directorate of Training, Chhattisgarh",2767
Employment & Labour,https://jiyoparsi.minorityaffairs.gov.in,Jiyo Parsi Scheme Portal,2769
Employment & Labour,https://rrfams.nic.in,"Recruitment Rules Formulation, Amendment and Monitoring System",2770
Employment & Labour,https://subhadra.odisha.gov.in,"SUBHADRA Yojana, Odisha",2771
Employment & Labour,https://www.sscwr.net,"Staff Selection Commission (SSC), Western Region (Mumbai)",2772
Employment & Labour,https://iticanacona.goa.gov.in,"Canacona Government Industrial Training Institute, Goa",2773
Employment & Labour,https://cbc.gov.in,Capacity Building Commission,2775
Employment & Labour,https://dlwb.delhi.gov.in,Delhi Labour Welfare Board,2776
Employment & Labour,https://dge.gov.in,Directorate General of Employment (DGE),2779
Employment & Labour,https://talimrojgar.gujarat.gov.in,"Directorate of Employment and Training (DET), Gujarat",2780
Employment & Labour,https://berojgaribhatta.cg.nic.in,"Berojgari Bhatta Portal, Chhattisgarh",2781
Employment & Labour,https://epm.jk.gov.in,"Employee Performance Monitoring Portal (EPM), Jammu and Kashmir",2782
Employment & Labour,https://employmentexchange.tn.gov.in/Empower,"Employment and Training Department, Tamil Nadu",2783
Employment & Labour,https://unifiedportal.epfindia.gov.in,Unified Portal for Employers & Employees by Employees Provident Fund Organisation (EPFO),2784
Employment & Labour,https://pesb.gov.in,Public Enterprises Selection Board (PESB),2785
Employment & Labour,https://labourbureau.gov.in,Labour Bureau,2786
Employment & Labour,https://sssc.uk.gov.in,"Uttarakhand Subordinate Service Selection Commission, Uttarakhand",2788
Employment & Labour,https://swachhatahiseva.gov.in,Swachhata Hi Seva 2024,2789
Employment & Labour,https://megrecruitment.nic.in,"Online Recruitment Application System, Manipur",2790
Employment & Labour,https://itivasco.goa.gov.in,"Vasco Government Industrial Training Institute, Goa",2791
Employment & Labour,https://employment.kerala.gov.in,"National Employment Service, Kerala",2793
Employment & Labour,https://labour.sikkim.gov.in,"Labour Department, Sikkim",2794
Employment & Labour,https://employment.delhi.gov.in,"Directorate of Employment, Delhi",2796
Employment & Labour,https://sdis.gov.in,Skill Development Initiative Scheme (SDIS),2797
Employment & Labour,https://employment.tripura.gov.in,"Directorate of Employment Services and Manpower Planning, Tripura",2798
Employment & Labour,https://www.pgrkam.com,"Punjab Ghar Ghar Rozgar & Karobar Mission, Punjab",2799
Employment & Labour,https://www.sscnwr.org,"Staff Selection Commission (SSC), North Western Region Chandigarh",2800
Employment & Labour,https://cdisgr.org,"Craft Development Institute (CDI), Jammu and Kashmir",2801
Employment & Labour,https://www.sscmpr.org,"Staff Selection Commission (SSC), Madhya Pradesh Sub Region",2803
Employment & Labour,https://apssb.nic.in,Arunachal Pradesh Staff Selection Board,2804
Employment & Labour,https://wbshopsonline.gov.in,"Labour Commissionerate (Shops & Establishments Online Registration, Changes etc.), West Bengal",2805
Employment & Labour,https://rdsdetelangana.dgt.gov.in,"Regional Directorate of Skill Development and Entrepreneurship, Telangana",2806
Employment & Labour,https://hrex.gov.in,"Directorate of Employment, Haryana",2808
Employment & Labour,https://jakemp.nic.in,"Directorate of Employment, Jammu and Kashmir",2809
Employment & Labour,https://niesbud.nic.in,National Institute for Entrepreneurship and Small Business Development (NIESBUD),2810
Employment & Labour,https://employment.gujarat.gov.in,"Directorate of Employment & Training, Gujarat",2812
Employment & Labour,https://employmentbankwb.gov.in,"Employment Bank, West Bengal",2814
Employment & Labour,https://labourcommissioner.assam.gov.in,"Commissionerate of Labour, Assam",2815
Employment & Labour,https://mgli.gujarat.gov.in,"Mahatma Gandhi Labour Institute, Gujarat",2816
Employment & Labour,https://www.sscner.org.in,"Staff Selection Commission, Regional Office, (NER), Guwahati",2817
Employment & Labour,https://ciflabour.assam.gov.in,"Inspectorate of Factories, Assam",2819
Employment & Labour,https://mprojgar.gov.in,"Madhya Pradesh Employment Portal, Madhya Pradesh",2820
Employment & Labour,https://rsmssb.rajasthan.gov.in,"Rajasthan Staff Selection Board, Jaipur, Rajasthan",2821
Employment & Labour,https://asdm.assam.gov.in,Assam Skill Development Mission,2822
Employment & Labour,https://hkrnl.itiharyana.gov.in,"Haryana Kaushal Rozgar Nigam, Haryana",2823
Employment & Labour,https://www.ssc-cr.org,"Staff Selection Commission (SSC), Central Region",2824
Employment & Labour,https://itipernem.goa.gov.in,"Pernem Government Industrial Training Institute, Goa",2825
Employment & Labour,https://bocw.delhi.gov.in,Delhi Building and Other Construction Workers Welfare Board,2826
Employment & Labour,https://www.col.gujarat.gov.in,"Commissionerate of Labour, Labour, Skill Development & Employment Department, Gujarat",2827
Employment & Labour,https://odepc.kerala.gov.in,"Overseas Development and Employment Promotion Consultants Ltd. (ODEPC), Kerala",2828
Employment & Labour,https://dharani.telangana.gov.in,"Integrated Land Records Management System, Telangana",2829
Employment & Labour,https://rdsdemaharashtra.dgt.gov.in,"Regional Directorate of Apprenticeship Training, Mumbai (Western Region)",2830
Employment & Labour,https://workforindia.niti.gov.in,Work for India,2831
Employment & Labour,https://employment.assam.gov.in,"Employment Exchange Portal, Assam",2832
Employment & Labour,https://iticacora.goa.gov.in,"Cacora Government Industrial Training Institute, Goa",2833
Employment & Labour,https://ncvtmis.gov.in,National Council for Vocational Training (NCVT),2834
Employment & Labour,https://www.tnskill.tn.gov.in,"Tamil Nadu Skill Development Corporation (TNSDC), Tamil Nadu",2835
Employment & Labour,https://cgit.labour.gov.in,Central Government Industrial Tribunal,2836
Employment & Labour,https://dfb.odisha.gov.in,"Directorate of Factories and Boilers, Odisha",2837
Employment & Labour,https://dgt.gov.in,Directorate General of Training (DGT),2838
Employment & Labour,https://shramadhan.jharkhand.gov.in,"SHRAMADHAN - Comprehensive Labour Management System, Jharkhand",2839
Employment & Labour,https://sugamyabharat.gov.in,India Accessible Campaign,2842
Employment & Labour,https://boiler.gujarat.gov.in,"Directorate of Boilers, Gujarat",2844
Employment & Labour,https://dish.gujarat.gov.in,"Directorate of Industrial Safety and Health, Gujarat",2846
People & Organisations,https://www.nic.in/,National Informatics Centre,2848
People & Organisations,https://www.nrmindia.org,"National Rail Museum, New Delhi",2849
People & Organisations,https://kashmirdivision.nic.in,"Divisional Commissioner Kashmir, Jammu and Kashmir",2851
People & Organisations,https://www.surveyofindia.gov.in,"Survey of India, Dehradun",2852
People & Organisations,https://ccis.nic.in,Circular Management Information System,2854
People & Organisations,https://collectorkheda.gujarat.gov.in,"Collectorate - District Kheda, Gujarat",2855
People & Organisations,https://collectormehsana.gujarat.gov.in,"Collectorate - District Mehsana, Gujarat",2856
People & Organisations,https://collectorsk.gujarat.gov.in,"Collectorate - District Sabarkantha, Gujarat",2857
People & Organisations,https://revenueinspection.gujarat.gov.in,"Revenue Inspection Commissioner, Gujarat",2858
People & Organisations,https://dol.goa.gov.in,"Directorate of Official Language, Goa",2860
People & Organisations,https://www.irastimes.org,Indian Railway Accounts Service Association,2861
People & Organisations,https://collectorsurat.gujarat.gov.in,"Collectorate - District Surat, Gujarat",2862
People & Organisations,https://www.ashtalakshmimahotsav.com,Ashtalakshmi Mahotsav,2865
People & Organisations,https://hpvidhansabha.nic.in,"Legislative Assembly, Himachal Pradesh",2867
People & Organisations,https://prts-mppolice.nic.in,"Police Radio Training School, Indore, Madhya Pradesh",2868
People & Organisations,https://mpvidhansabha.nic.in,"Legislative Assembly, Madhya Pradesh",2869
People & Organisations,https://collectordahod.gujarat.gov.in,"Collectorate - District Dahod, Gujarat",2870
People & Organisations,https://ipr.ap.nic.in,"Department of Information and Public Relations, Andhra Pradesh",2871
People & Organisations,https://aftdelhi.nic.in,Armed Forces Tribunal,2872
People & Organisations,https://missionshakti.nagaland.gov.in,"State Resource Centre for Women, Nagaland",2876
People & Organisations,https://collectorkutch.gujarat.gov.in,"Collectorate - District Kutch, Gujarat",2881
People & Organisations,https://ncwwomenhelpline.in,National Commission of Women Women's HelpLine,2883
People & Organisations,https://collectorbk.gujarat.gov.in,"Banaskantha Collectorate, Gujarat",2884
People & Organisations,https://mbda.gov.in,"Meghalaya Basin Development Authority (MBDA), Meghalaya",2885
People & Organisations,https://www.meity.gov.in/,Ministry of Electronics & Information Technology,2886
People & Organisations,https://transgender.dosje.gov.in,National Portal For Transgender Persons,2887
People & Organisations,https://collectornavsari.gujarat.gov.in,"Collectorate - District Navsari, Gujarat",2890
People & Organisations,https://jiyoparsi.minorityaffairs.gov.in,Jiyo Parsi Scheme Portal,2892
People & Organisations,https://hri.py.gov.in,"Hindu Religious Institutions and Wakfu Department, Puducherry",2893
People & Organisations,https://collectorporbandar.gujarat.gov.in,"Collectorate - District Porbandar, Gujarat",2894
People & Organisations,https://nicsi.com,"Man Power and Management System, National Informatics Centre, New Delhi",2895
People & Organisations,https://subhadra.odisha.gov.in,"SUBHADRA Yojana, Odisha",2896
People & Organisations,https://sshrc.nic.in,"Sikkim State Human Rights Commission (SSHRC), Gangtok, Sikkim",2898
People & Organisations,https://collectorgandhinagar.gujarat.gov.in,"Collectorate - District Gandhinagar, Gujarat",2899
People & Organisations,https://collectordangs.gujarat.gov.in,"Collectorate - District Dang, Gujarat",2900
People & Organisations,https://www.thenationaltrust.gov.in,"National Trust for the Welfare of Persons with Autism, Cerebral Palsy, Mental Retardation and Multiple Disabilities, New Delhi",2904
People & Organisations,https://swachhatahiseva.gov.in,Swachhata Hi Seva 2024,2905
People & Organisations,https://arla.neva.gov.in,"Legislative Assembly, Arunachal Pradesh",2908
People & Organisations,https://froa.in,Federation of Railway Officers Association (FROA),2909
People & Organisations,https://collectorsurendranagar.gujarat.gov.in,"Collectorate - District Surendranagar, Gujarat",2911
People & Organisations,https://collectorjunagadh.gujarat.gov.in,"Collectorate - District Junagadh, Gujarat",2912
People & Organisations,https://collectorbhavnagar.gujarat.gov.in,"Bhavnagar Collectorate, Gujarat",2913
People & Organisations,https://www.airfindia.org,All India Railwaymen's Federation (AIRF),2915
People & Organisations,https://collectorrajkot.gujarat.gov.in,"Collectorate - District Rajkot, Gujarat",2917
People & Organisations,https://www.irwo.net,Indian Railway Welfare Organisation (IRWO),2919
People & Organisations,https://ssckkr.kar.nic.in,"Staff Selection Commission, Bangalore",2920
People & Organisations,https://collectorvalsad.gujarat.gov.in,"Collectorate - District Valsad, Gujarat",2921
People & Organisations,https://megassembly.gov.in,"Legislative Assembly, Meghalaya",2922
People & Organisations,https://www.mizoramassembly.in,"Legislative Assembly, Mizoram",2924
People & Organisations,https://devipatanmandal.nic.in,"Devipatan Mandal, Gonda, Uttar Pradesh",2925
People & Organisations,https://dharani.telangana.gov.in,"Integrated Land Records Management System, Telangana",2926
People & Organisations,https://aftjaipur.gov.in,"Armed Forces Tribunal, Regional Bench, Jaipur",2927
People & Organisations,https://collectornarmada.gujarat.gov.in,"Collectorate - District Narmada, Gujarat",2928
People & Organisations,https://icds.gov.in,"Integrated Child Development Services Scheme, Maharashtra",2929
People & Organisations,https://www.karhaj.in,"Karnataka State Haj Committee, Karnataka",2930
People & Organisations,https://www.nfirindia.com,National Federation of Indian Railwaymen (NFIR),2934
Animal Husbandry & Fishing,https://www.nic.in/,National Informatics Centre,2938
Animal Husbandry & Fishing,https://rsfpdhyd.nic.in,"Regional Station for Forage Production and Demonstration, Pahadi Sharif",2939
Animal Husbandry & Fishing,https://nrccamel.icar.gov.in,"National Research Center on Camel (NRCC), Bikaner",2940
Animal Husbandry & Fishing,https://fisheries.maharashtra.gov.in,"Fisheries Department, Maharashtra",2941
Animal Husbandry & Fishing,https://serimanipur.nic.in,"Sericulture Department, Manipur",2943
Animal Husbandry & Fishing,https://cicef.gov.in,"Central Institute of Coastal Engineering for Fishery, Bangalore",2945
Animal Husbandry & Fishing,https://agri.jharkhand.gov.in,"Agriculture, Animal Husbandry and Cooperative Department, Jharkhand",2946
Animal Husbandry & Fishing,https://agriportal.cg.nic.in/ahd,"Animal Husbandary Department, Chhattisgarh",2947
Animal Husbandry & Fishing,https://vahd.telangana.gov.in,"Veterinary and Animal Husbandry Department, Telangana",2948
Animal Husbandry & Fishing,https://mprdc.gov.in,"Madhya Pradesh Road Development Corporation Ltd. (MPRDC), Madhya Pradesh",2950
Animal Husbandry & Fishing,https://www.ashtalakshmimahotsav.com,Ashtalakshmi Mahotsav,2953
Animal Husbandry & Fishing,https://www.nihsad.nic.in,ICAR-National Institute of High Security Animal Diseases,2954
Animal Husbandry & Fishing,https://nfdb.gov.in,"National Fisheries Development Board (NFDB), Hyderabad",2955
Animal Husbandry & Fishing,https://kvkpapumpare.nic.in,"Krishi Vigyan Kendra (ICAR), Papum-Pare, Arunachal Pradesh",2956
Animal Husbandry & Fishing,https://pbgsbs.gov.in,"Paschim Banga Go-Sampad Bikash Sanstha (PBGSBS), West Bengal",2957
Animal Husbandry & Fishing,https://www.wbfisheries.in,"Fisheries Department, West Bengal",2960
Animal Husbandry & Fishing,https://www.benmilk.com,"West Bengal Cooperative Milk Producers Federation Ltd., West Bengal",2963
Animal Husbandry & Fishing,https://aqcsindia.gov.in,Animal Quarantine and Certification Service Station (AQCS),2964
Animal Husbandry & Fishing,https://nrcmeat.icar.gov.in,"ICAR-National Research Center on Meat, Hyderabad",2965
Animal Husbandry & Fishing,https://www.gadvasu.in,"Guru Angad Dev Veterinary and Animal Sciences University (GADVASU), Ludhiana Punjab",2966
Animal Husbandry & Fishing,https://himachal.nic.in/index.php?lang=1&dpt_id=228,"HP Aquaculture, Fishing and Marketing Society, Himachal Pradesh, India",2967
Animal Husbandry & Fishing,https://www.mafsu.in,"Maharashtra Animal and Fishery Sciences University, Maharashtra",2968
Animal Husbandry & Fishing,https://vci.dahd.gov.in,Veterinary Council of India (VCI),2969
Animal Husbandry & Fishing,https://www.nddb.coop,"National Dairy Development Board (NDDB), Anand",2970
Animal Husbandry & Fishing,https://ahidf.udyamimitra.in,Animal Husbandry Infrastructure Development Fund (AHIDF),2972
Animal Husbandry & Fishing,https://sheepjammu.nic.in,"Directorate of Sheep Husbandry Jammu, Jammu and Kashmir",2973
Animal Husbandry & Fishing,https://www.upvetuniv.edu.in,"U.P. Pandit Deen Dayal Upadhyaya pashu Chikitsa Vigyan Vishwavidyalaya Evam Go Anusandhan Sansthan (DUVASU), Uttar Pradesh",2976
Animal Husbandry & Fishing,https://hargauseva.gov.in,"Haryana Gau Seva Aayog, Haryana",2979
Animal Husbandry & Fishing,https://www.ahvs.goa.gov.in,"Animal Husbandry & Veterinary Services Department, Goa",2980
Animal Husbandry & Fishing,https://www.basu.org.in,Bihar Animal Sciences University (BASU),2982
Animal Husbandry & Fishing,https://sbb.haryanaforest.gov.in,"Haryana State Biodiversity Board, Haryana",2983
Animal Husbandry & Fishing,https://self.kerala.gov.in,"System for Easy and Legal Issuance of Fuel Permit and Fuel, Kerala",2984
Animal Husbandry & Fishing,https://www.meity.gov.in/,Ministry of Electronics & Information Technology,2985
Animal Husbandry & Fishing,https://jiyoparsi.minorityaffairs.gov.in,Jiyo Parsi Scheme Portal,2989
Animal Husbandry & Fishing,https://amul.com,"Gujarat Co - operative Milk Marketing Federation Limited (AMUL), Gujarat",2990
Animal Husbandry & Fishing,https://gvc.org.in,"Gujarat Veterinary Council, Gandhinagar, Gujarat",2991
Animal Husbandry & Fishing,https://subhadra.odisha.gov.in,"SUBHADRA Yojana, Odisha",2992
Animal Husbandry & Fishing,https://svvu.edu.in,"Sri Venkateswara Veterinary University, Tirupati, Andhra Pradesh",2995
Animal Husbandry & Fishing,https://www.cift.res.in,"ICAR-Central Institute of Fisheries Technology (CIFT), Cochin",2997
Animal Husbandry & Fishing,https://swachhatahiseva.gov.in,Swachhata Hi Seva 2024,2999
Animal Husbandry & Fishing,https://sanchidairy.com,"Madhya Pradesh State Cooperative Dairy Federation Limited (MPCDF), Bhopal, Madhya Pradesh",3000
Animal Husbandry & Fishing,https://jksheephusbandrykashmir.nic.in,"Directorate of Sheep Husbandry Kashmir, Jammu and Kashmir",3004
Animal Husbandry & Fishing,https://www.dcfr.res.in,"Directorate of Coldwater fisheries Research, Uttarakhand",3005
Animal Husbandry & Fishing,https://sarasmilkfed.rajasthan.gov.in,"Gopalan-Dairy (RCDF), Rajasthan",3006
Animal Husbandry & Fishing,https://ladakh.nic.in/animal-sheep-husbandry,"Animal/Sheep Husbandry Department, Ladakh",3011
Animal Husbandry & Fishing,https://www.rajuvas.org,"Rajasthan University of Veterinary and Animal Sciences, Bikaner, Rajasthan",3013
Animal Husbandry & Fishing,https://dof.gov.in,Department of Fisheries,3014
Animal Husbandry & Fishing,https://csbfhsr.com,"Central Sheep Breeding Farm, Hisar",3015
Animal Husbandry & Fishing,https://fsi.gov.in,"Fishery Survey of India (FSI), Mumbai",3016
Animal Husbandry & Fishing,https://caa.gov.in,Coastal Aquaculture Authority,3017
Animal Husbandry & Fishing,https://dharani.telangana.gov.in,"Integrated Land Records Management System, Telangana",3018
Animal Husbandry & Fishing,https://ccsea.gov.in,Committee Control and Supervision of Experiments on Animals,3019
Animal Husbandry & Fishing,https://jkash.nic.in,"Animal,Sheep Husbandry and Fisheries Department, Jammu and Kashmir",3020
Animal Husbandry & Fishing,https://tsvu.nic.in,"P.V. Narsimha Rao Telangana Veterinary University, RajendraNagar, Hyderabad, Telangana",3021
Animal Husbandry & Fishing,https://cifnet.gov.in,Central Institute of Fisheries Nautical and Engineering Training,3022
Animal Husbandry & Fishing,https://nifphatt.gov.in,"National Institute of Fisheries Post Harvest Technology and Training (NIFPHATT), Kochi",3023
Animal Husbandry & Fishing,https://fisheries.ap.gov.in,"Fisheries Department, Andhra Pradesh",3026
Animal Husbandry & Fishing,https://swa.haryana.gov.in,"State Wetland Authority, Haryana",3028
Animal Husbandry & Fishing,https://dahd.nic.in,"Ministry of Fisheries, Animal Husbandry and Dairying",3033
"Petroleum, Oil & Natural Gas",https://www.nic.in/,National Informatics Centre,3034
"Petroleum, Oil & Natural Gas",https://www.meity.gov.in/,Ministry of Electronics & Information Technology,3036
"Petroleum, Oil & Natural Gas",https://biogas.mnre.gov.in,Biogas Application Portal,3037
"Petroleum, Oil & Natural Gas",https://www.gailgas.com,Gas Authority of India Limited (GAIL),3038
"Petroleum, Oil & Natural Gas",https://www.nrl.co.in,Numaligarh Refinery Limited (NRL),3040
"Petroleum, Oil & Natural Gas",https://jiyoparsi.minorityaffairs.gov.in,Jiyo Parsi Scheme Portal,3044
"Petroleum, Oil & Natural Gas",https://petroleum.rajasthan.gov.in,"Directorate of Petroleum, Rajasthan",3049
"Petroleum, Oil & Natural Gas",https://pngrb.gov.in,"Petroleum and Natural Gas Regulatory Board (PNGRB), New Delhi",3051
"Petroleum, Oil & Natural Gas",https://ongcindia.com,Oil and Natural Gas Corporation Limited (ONGC),3052
"Petroleum, Oil & Natural Gas",https://bharatpetroresources.in,Bharat Petro Resources Limited,3053
"Petroleum, Oil & Natural Gas",https://www.oil-india.com,"Oil India Limited (OIL), Noida",3054
"Petroleum, Oil & Natural Gas",https://cpcletenders.nic.in,eProcurement Portal of Chennai Petroleum Corporation Limited,3055
"Petroleum, Oil & Natural Gas",https://isolaralliance.org,International Solar Alliance (ISA),3056
"Petroleum, Oil & Natural Gas",https://subhadra.odisha.gov.in,"SUBHADRA Yojana, Odisha",3057
"Petroleum, Oil & Natural Gas",https://mopng.gov.in,Ministry of Petroleum and Natural Gas,3061
"Petroleum, Oil & Natural Gas",https://www.ireda.in,Indian Renewable Energy Development Agency Limited,3062
"Petroleum, Oil & Natural Gas",https://www.mylpg.in,My LPG Portal,3063
"Petroleum, Oil & Natural Gas",https://ccdcwind.gov.in,Wind Energy Programme,3065
"Petroleum, Oil & Natural Gas",https://rsgl.rajasthan.gov.in,"Rajasthan State Gas Limited (RSGL), Rajasthan",3067
"Petroleum, Oil & Natural Gas",https://iiopr.icar.gov.in,"Directorate of Oil Palm Research, West Godavari",3069
"Petroleum, Oil & Natural Gas",https://www.mrpl.co.in,Mangalore Refinary and Petrochemicals Limited,3070
"Petroleum, Oil & Natural Gas",https://dharani.telangana.gov.in,"Integrated Land Records Management System, Telangana",3071
"Petroleum, Oil & Natural Gas",https://biourja.mnre.gov.in,BIO-URJA Portal,3072
"Petroleum, Oil & Natural Gas",https://www.hindustanpetroleum.com,Hindustan Petroleum Corporation Limited (HPCL),3074
"Petroleum, Oil & Natural Gas",https://assamgas.org,Assam Gas Company Limited,3076
"Petroleum, Oil & Natural Gas",https://ppac.gov.in,Petroleum Planning and Analysis Cell (PPAC),3077
"Petroleum, Oil & Natural Gas",https://www.seci.co.in,Solar Energy Corporation of India Limited,3078
"Petroleum, Oil & Natural Gas",https://www.iocl.com,Indian Oil Corporation Limited (IOCL),3080
"Petroleum, Oil & Natural Gas",https://swachhatahiseva.gov.in,Swachhata Hi Seva 2024,3082
"Petroleum, Oil & Natural Gas",https://hrd.mnre.gov.in,Human Resource Development,3085
"Petroleum, Oil & Natural Gas",https://cht.gov.in,"Centre for High Technology (CHT), Noida",3088
"Petroleum, Oil & Natural Gas",https://cpcl.co.in,Chennai Petroleum Corporation Limited (CPCL),3091
"Petroleum, Oil & Natural Gas",https://www.ashtalakshmimahotsav.com,Ashtalakshmi Mahotsav,3093
"Petroleum, Oil & Natural Gas",https://www.apgic.in,"Andhra Pradesh Gas Infrastructure Corporation (APGIC), Andhra Pradesh",3095
"Petroleum, Oil & Natural Gas",https://iocletenders.nic.in,eProcurement Portal of Indian Oil Corporation Limited,3100
"Petroleum, Oil & Natural Gas",https://www.isprlindia.com,"Indian Strategic Petroleum Reserves Limited, Noida",3103
"Petroleum, Oil & Natural Gas",https://akshayurja.gov.in,Akshay Urja,3105
"Petroleum, Oil & Natural Gas",https://www.bharatpetroleum.in,Bharat Petroleum Corporation Limited (BPCL),3106
"Petroleum, Oil & Natural Gas",https://indiapowermap.gov.in/rec,India Power map,3107
"Petroleum, Oil & Natural Gas",https://dghindia.gov.in,"Directorate General of Hydrocarbons (DGH), Noida",3108
Youth Affairs & Sports,https://www.nic.in/,National Informatics Centre,3109
Youth Affairs & Sports,https://www.meity.gov.in/,Ministry of Electronics & Information Technology,3111
Youth Affairs & Sports,https://sportsauthorityofindia.nic.in,Sports Authority of India,3112
Youth Affairs & Sports,https://nyks.nic.in,"Nehru Yuva Kendra Sangathan (NYKS), Delhi",3114
Youth Affairs & Sports,https://nsu.ac.in,"National Sports University, Imphal",3116
Youth Affairs & Sports,https://apcfss.in,"AP Centre for Financial Systems & Services (APCFSS), Andhra Pradesh",3118
Youth Affairs & Sports,https://jiyoparsi.minorityaffairs.gov.in,Jiyo Parsi Scheme Portal,3120
Youth Affairs & Sports,https://nsf.yas.gov.in,National Sports Federation Portal,3125
Youth Affairs & Sports,https://www.sportscouncil.kerala.gov.in,"Kerala State Sports Council, Kerala",3126
Youth Affairs & Sports,https://subhadra.odisha.gov.in,"SUBHADRA Yojana, Odisha",3129
Youth Affairs & Sports,https://dsya.goa.gov.in,"Directorate of Sports and Youth Affairs, Goa",3131
Youth Affairs & Sports,https://mybharat.gov.in,MyBharat,3132
Youth Affairs & Sports,https://www.lnipe.edu.in,"Lakshmibai National Institute of Physical Education (LNIPE), Gwalior",3134
Youth Affairs & Sports,https://sahityaacademy.gujarat.gov.in,"Gujarat Sahitya Academy, Gujarat",3135
Youth Affairs & Sports,https://booksaistadia.gov.in,Online Stadia Booking System by Sports Authority of India (SAI),3137
Youth Affairs & Sports,https://dharani.telangana.gov.in,"Integrated Land Records Management System, Telangana",3140
Youth Affairs & Sports,https://pbsports.punjab.gov.in,"Department of Sports, Punjab",3141
Youth Affairs & Sports,https://www.youthservices.ap.gov.in,"Department of Youth Services, Andhra Pradesh",3142
Youth Affairs & Sports,https://www.nsnis.org,Netaji Subhas National Institute of Sports (NSNIS),3144
Youth Affairs & Sports,https://fitindia.gov.in,Fit India Movement,3145
Youth Affairs & Sports,https://kheloindia.gov.in,Khelo India-National Programme for Development of Sports,3146
Youth Affairs & Sports,https://swachhatahiseva.gov.in,Swachhata Hi Seva 2024,3149
Youth Affairs & Sports,https://tnpesu.org,"Tamil Nadu Physical Education and Sports University, Chennai, Tamil Nadu",3150
Youth Affairs & Sports,https://nss.gov.in,National Service Scheme (NSS),3151
Youth Affairs & Sports,https://nyps.mpa.gov.in,National Youth Parliament Scheme (NYPS),3152
Youth Affairs & Sports,https://sgsu.gujarat.gov.in,"Swarnim Gujarat Sports University, Gujarat",3153
Youth Affairs & Sports,https://dbtyas-youth.gov.in,Direct Benefit Transfer (DBT) Portal - Department of Youth Affairs,3156
Youth Affairs & Sports,https://www.rgniyd.gov.in,Rajiv Gandhi National Institute of Youth Development (RGNIYD),3157
Youth Affairs & Sports,https://www.ashtalakshmimahotsav.com,Ashtalakshmi Mahotsav,3164
Youth Affairs & Sports,https://sfw.kheloindia.gov.in/public/index.php,Asmita Portal,3169
Youth Affairs & Sports,https://nadaindia.yas.gov.in,National Anti Doping Agency,3170
Youth Affairs & Sports,https://ndtlindia.com,National Dope Testing Laboratory (NDTL),3171
Youth Affairs & Sports,https://yuva.gov.in,YUVA Portal,3174
Health & Family welfare,https://www.nic.in/,National Informatics Centre,3176
Health & Family welfare,https://cfw.ap.nic.in,"Commissionerate of Health & Family Welfare, Andhra Pradesh",3177
Health & Family welfare,https://cmss.gov.in,Central Medical Services Society (CMSS),3178
Health & Family welfare,https://beneficiary.nha.gov.in,"Beneficiary Portal, Pradhan Mantri Jan Arogya Yojana",3179
Health & Family welfare,https://bsah.delhi.gov.in,"Dr. Baba Shahab Ambedkar Hospital, Delhi",3180
Health & Family welfare,https://tmc.kerala.gov.in,"Medical College Thiruvananthapuram, Kerala",3181
Health & Family welfare,https://mpmc.mp.gov.in,"Madhya Pradesh Medical Council, Bhopal, Madhya Pradesh",3182
Health & Family welfare,https://sgmh.delhi.gov.in,"Sanjay Gandhi Memorial Hospital, Delhi",3183
Health & Family welfare,https://www.manavatlas.in,MANAV-Human Atlas Initiative,3184
Health & Family welfare,https://apsacs.ap.gov.in,Andhra Pradesh State AIDS Control Society,3185
Health & Family welfare,https://www.rmrcbbsr.gov.in,"Regional Medical Research Centre (RMRC), Bhubaneswar, Odisha",3186
Health & Family welfare,https://www.nhmmp.gov.in,"National Health Mission, Madhya Pradesh",3188
Health & Family welfare,https://amch.edu.in,Assam Medical College,3189
Health & Family welfare,https://manipurhealthdirectorate.mn.gov.in,"Directorate of Health Services, Manipur",3190
Health & Family welfare,https://gmcnagpur.org,"Government Medical College and Hospital Nagpur (MS), Maharashtra",3192
Health & Family welfare,https://tmc.nic.in,"Society For Tripura Medical College & Dr. BRAM Teaching Hospital, Tripura",3193
Health & Family welfare,https://ladakh.nic.in/health-department,"Health Department, Ladakh",3195
Health & Family welfare,https://mcc.nic.in,Medical Counselling Committee (MCC),3196
Health & Family welfare,https://www.ism.kerala.gov.in,"Indian Systems of Medicine Department, Kerala",3197
Health & Family welfare,https://www.ccrhindia.nic.in,Central Council for Research in Homoeopathy (CCRH),3198
Health & Family welfare,https://www.nari-icmr.res.in,"National AIDS Research Institute (NARI), Pune",3199
Health & Family welfare,https://aaagh.delhi.gov.in,"Aruna Asaf Ali Government Hospital, Delhi",3200
Health & Family welfare,https://vvp.telangana.gov.in,"Telangana Vaidya Vidhana Parishad (TVVP), Telangana",3201
Health & Family welfare,https://bmh.delhi.gov.in,"Bhagwan Mahavir Hospital, Delhi",3202
Health & Family welfare,https://nirrh.res.in,"National Institute for Research in Reproductive and Child Health, Maharashtra",3203
Health & Family welfare,https://abdm.gov.in,Ayushman Bharat Digital Mission,3204
Health & Family welfare,https://ncdc.mohfw.gov.in,"National Centre for Disease Control (NCDC), New Delhi",3205
Health & Family welfare,https://gmers.gujarat.gov.in,"Gujarat Medical Education and Research Society (GMERS), Gujarat",3206
Health & Family welfare,https://www.pci.nic.in,Pharmacy Council of India,3207
Health & Family welfare,https://pharmacy.mponline.gov.in,"Madhya Pradesh State Pharmacy Council, Madhya Pradesh",3208
Health & Family welfare,https://gscbt.net,"Gujarat State Council for Blood Transfusion, Gujarat",3209
Health & Family welfare,https://asbtc.assam.gov.in,Assam State Blood Transfusion Council,3210
Health & Family welfare,https://accr.ayush.gov.in,Ayush Clinical Case Repository,3211
Health & Family welfare,https://cats.delhi.gov.in,"Centralised Accident and Trauma Services, Delhi",3212
Health & Family welfare,https://ipc.gov.in,Indian Pharmacopoeia Commission (IPC),3214
Health & Family welfare,https://www.kaplindia.com,"Karnataka Antibiotics and Pharmaceuticals Limited (KAPL), Bangalore",3215
Health & Family welfare,https://covid19cc.nic.in,COVID-19 Collection Centre for Rapid Antibody Test and RT-PCR by ICMR,3216
Health & Family welfare,https://ncdc.gov.in/index1.php?lang=1&level=1&sublinkid=703&lid=550,National Centre for Disease Control,3217
Health & Family welfare,https://notto.mohfw.gov.in,"National Organ and Tissue Transplant Organization (NOTTO), New Delhi",3218
Health & Family welfare,https://www.wbmsc.gov.in,"West Bengal Medical Services Corporation Ltd., West Bengal",3219
Health & Family welfare,https://aushada.kar.nic.in,e-Aushada Portal,3220
Health & Family welfare,https://www.tamilnadunursingcouncil.com,"Tamil Nadu Nurses and Midwives Council, Chennai, Tamil Nadu",3221
Health & Family welfare,https://cgdme.admissions.nic.in,Chhattisgarh Medical Counselling,3222
Health & Family welfare,https://emamata.odisha.gov.in,"e-Mamata, Odisha",3223
Health & Family welfare,https://eswasthyadham.uk.gov.in,"eSwasthya Dham, Uttarakhand",3224
Health & Family welfare,https://tbcindia.gov.in,Central Tuberculosis (TB) Division,3225
Health & Family welfare,https://pcimh.gov.in,Pharmacopoeia Commission for Indian Medicine and Homoeopathy (PCIMH),3226
Health & Family welfare,https://covid19cso.uk.gov.in,"Register as COVID-19 Volunteer, Uttarakhand",3227
Health & Family welfare,https://nhmc.delhi.gov.in,"Nehru Homoeopathic Medical College and Hospital, Delhi",3228
Health & Family welfare,https://br.raj.nic.in,"Sanstha Aadhaar, Rajasthan",3229
Health & Family welfare,https://dcbh.delhi.gov.in,"Deep Chand Bandhu Hospital, Delhi",3230
Health & Family welfare,https://e-manadeya.odisha.gov.in,"e-Manadeya 2.0, Odisha",3231
Health & Family welfare,https://transtan.tn.gov.in,"Transplant Authority, Tamil Nadu",3232
Health & Family welfare,https://phr.abdm.gov.in,"Personal Health Record Application, Ayushman Bharat Digital Mission",3233
Health & Family welfare,https://www.gmcoge.tn.gov.in,"Government Medical College, Omandurar Government Estate, Chennai, Tamil Nadu",3234
Health & Family welfare,https://aiia.gov.in,"All India Institute of Ayurveda (AIIA), New Delhi",3237
Health & Family welfare,https://nhsrcindia.org,National Health Systems Resource Centre (NHSRC),3238
Health & Family welfare,https://www.ashtalakshmimahotsav.com,Ashtalakshmi Mahotsav,3239
Health & Family welfare,https://namayush.gov.in,National AYUSH Mission (NAM),3240
Health & Family welfare,https://pranvayujagratha.uk.gov.in,"Pranvayu - Oxygen Management System, Uttarakhand",3241
Health & Family welfare,https://www.ipgmer.gov.in,"Institute of Post Graduate Medical Education & Research (IPGME&R), Kolkata, West Bengal",3242
Health & Family welfare,https://cmhtmanipur.gov.in,"PM - Jay & Chief Minister-GI Hakshelgi Tengbang (CMHT) - Health Assurance Scheme, Manipur",3243
Health & Family welfare,https://dghs.gov.in,Directorate General of Health Services (DGHS),3245
Health & Family welfare,https://www.jnchrc.com,"Jawaharlal Nehru Cancer Hospital & Research Centre (JNCHRC), Bhopal, Madhya Pradesh",3246
Health & Family welfare,https://nmpb.nic.in,"National Medicinal Plants Board (NMPB), Ministry of AYUSH",3247
Health & Family welfare,https://hmfw.ap.gov.in,"Health, Medical & Family Welfare Department, Andhra Pradesh",3248
Health & Family welfare,https://www.pmjay.gov.in,National Health Authority,3249
Health & Family welfare,https://arogyakeralam.gov.in,"Arogya Keralam, Kerala",3250
Health & Family welfare,https://ncismindia.org,"National Commission for Indian System of Medicine (NCISM), New Delhi",3251
Health & Family welfare,https://wcd.py.gov.in,"Women and Child Development Department, Puducherry",3252
Health & Family welfare,https://www.ksmha.org,"Kerala State Mental Health Authority (KSMHA), Kerala",3253
Health & Family welfare,https://healthnriregistration.maharashtra.gov.in,"Registration of NRIs for Medical Health Services, Maharashtra",3254
Health & Family welfare,https://rch.mohfw.gov.in,Reproductive and Child Health Portal (RCH),3255
Health & Family welfare,https://burari.delhi.gov.in,"Burari Hospital, Delhi",3256
Health & Family welfare,https://www.gsacsonline.org,"Gujarat State AIDS Control Society (GSACS), Gujarat",3257
Health & Family welfare,https://www.goa.gov.in/covid-19,"COVID-19 Information & Updates, Goa",3260
Health & Family welfare,https://www.maharashtramedicalcouncil.in,"Maharashtra Medical Council, Mumbai, Maharashtra",3261
Health & Family welfare,https://src.tripura.gov.in,"State Resource Centre (SRC), Society for Rehabilitation of Disabled, Tripura",3262
Health & Family welfare,https://ab-hwc.nhp.gov.in,Ayushman Arogya Mandir,3263
Health & Family welfare,https://www.nhmharyana.gov.in,"National Health Mission (NHM), Haryana",3264
Health & Family welfare,https://www.icmr.gov.in,Indian Council of Medical Research (ICMR),3265
Health & Family welfare,https://www.drugscontrol.tn.gov.in,"Food Safety and Drug Administration Department, Tamil Nadu",3266
Health & Family welfare,https://cdsco.gov.in,Central Drugs Standard Control Organization (CDSCO),3267
Health & Family welfare,https://cnbc.delhi.gov.in,"Chacha Nehru Bal Chikitsalaya, Delhi",3268
Health & Family welfare,https://covid19.odisha.gov.in,"COVID-19 Odisha State Portal, Odisha",3269
Health & Family welfare,https://rtrmh.delhi.gov.in,"Rao Tula Ram Memorial Hospital, Delhi",3270
Health & Family welfare,https://dciindia.gov.in,Dental Council of India,3271
Health & Family welfare,https://odls.telangana.gov.in,"Online Drugs Licensing System, Telangana",3272
Health & Family welfare,https://chfw.telangana.gov.in,"Commissionerate of Health and Family Welfare, National Health Mission, Telangana",3273
Health & Family welfare,https://bfuhs.ac.in,"Baba Farid University of Health Sciences, Faridkot, Punjab",3274
Health & Family welfare,https://registry.artsurrogacy.gov.in,National ART and Surrogacy Registry,3275
Health & Family welfare,https://npcbvi.gov.in,National Programme for Control of Blindness & Visual Impairment (NPCVI),3276
Health & Family welfare,https://cbhidghs.nic.in,Central Bureau of Health Intelligence,3278
Health & Family welfare,https://www.nioh.org,"National Institute of Occupational Health (NIOH), ICMR, Ahmedabad",3279
Health & Family welfare,https://bjrmh.delhi.gov.in,"Babu Jagjivan Ram Memorial Hospital, Delhi",3280
Health & Family welfare,https://scsm.nic.in,"State Cancer Society of Meghalaya, Govt. of Meghalaya",3281
Health & Family welfare,https://nihfw.ac.in,"National Institute of Health and Family Welfare (NIHFW), New Delhi",3282
Health & Family welfare,https://ehospital.nic.in,e-Hospital - A Hospital Management System from National Informatics Centre (NIC),3283
Health & Family welfare,https://www.ncbmanas.gov.in,MANAS - National Narcotics Helpline,3284
Health & Family welfare,https://keralaspc.in,"Kerala State Pharmacy Council, Kerala",3285
Health & Family welfare,https://pndt.gov.in,"Pre-Conception and Pre-Natal Diagnostic Techniques, New Delhi",3286
Health & Family welfare,https://hmis.mohfw.gov.in,Health Management Information System,3287
Health & Family welfare,https://jnims.nic.in,"Jawaharlal Nehru Institute of Medical Sciences (JNIMS), Imphal, Manipur",3288
Health & Family welfare,https://swasthyasathi.gov.in,"Swasthya Sathi, West Bengal",3289
Health & Family welfare,https://covid19dashboard.py.gov.in,"COVID-19 Dashboard, Puducherry",3290
Health & Family welfare,https://kcrkit.telangana.gov.in,"MCH Kit Welfare Program, Telangana",3291
Health & Family welfare,https://cdscomdonline.gov.in,"Online System for Medical Devices, Central Drugs Standard Control Organisation (CDSCO)",3292
Health & Family welfare,https://bevco.in,"Kerala State Beverages (M&M) Corporatipon Ltd. (KSBC), Kerala",3293
Health & Family welfare,https://nch.org.in,National Commission for Homoeopathy,3294
Health & Family welfare,https://cmhis.nagaland.gov.in,"Chief Minister Health Insurance Scheme (CMHIS), Nagaland",3296
Health & Family welfare,https://artsurrogacy.gov.in/NationalArtSurrogacy/faces/HomePage.xhtml,National ART and Surrogacy Portal,3297
Health & Family welfare,https://anacs.andaman.gov.in,"AIDS Control Society (ANACS), Andaman and Nicobar",3298
Health & Family welfare,https://health.telangana.gov.in,"Health, Medical & Family Welfare Department, Telangana",3300
Health & Family welfare,https://ayush.ap.gov.in,"AYUSH Department, Andhra Pradesh",3301
Health & Family welfare,https://nhmodisha.gov.in,"National Health Mission (NHM), Odisha",3303
Health & Family welfare,https://nia.nic.in,"National Institute of Ayurveda, Jaipur",3305
Health & Family welfare,https://ayurved.rajasthan.gov.in,"Directorate of Ayurved, Rajasthan",3306
Health & Family welfare,https://gampuri.nic.in,"Gopabandhu Ayurveda Mahavidyalaya, Odisha",3307
Health & Family welfare,https://idsp.mohfw.gov.in,"Integrated Disease Surveillance Project (IDSP), Delhi",3308
Health & Family welfare,https://osacs.nic.in,"Odisha State AIDS Control Society, Odisha",3309
Health & Family welfare,https://www.rcctvm.gov.in,"Regional Cancer Centre, Thiruvananthapuram, Kerala",3310
Health & Family welfare,https://rrcnes.gov.in,"Regional Resource Centre for North Eastern States, Guwahati",3311
Health & Family welfare,https://ims.kerala.gov.in,"Insurance Medical Services, Kerala",3312
Health & Family welfare,https://siddhacouncil.com,Central Council for Research in Siddha (CCRS),3313
Health & Family welfare,https://tnhealth.tn.gov.in,"Health and Family Welfare Department, Tamil Nadu",3314
Health & Family welfare,https://ayushdls.telangana.gov.in,"AYUSH Drugs Licensing System, Telangana",3315
Health & Family welfare,https://pgimer.edu.in,"Post Graduate Institute of Medical Education and Research, Chandigarh",3316
Health & Family welfare,https://rmlh.nic.in,"Atal Bihari Vajpayee Institute of Medical Sciences and Dr. Ram Manohar Lohia Hospital, New Delhi",3318
Health & Family welfare,https://www.portal.ksotto.kerala.gov.in,"Kerala State Organ and Tissue Transplant Organization (K-SOTTO), Kerala",3319
Health & Family welfare,https://neiah.nic.in,"North Eastern Institute of Ayurveda and Homoeopathy (NEIAH), Shillong",3320
Health & Family welfare,https://dduh.delhi.gov.in,"Deen Dayal Upadhyay Hospital, Delhi",3321
Health & Family welfare,https://vcrc.icmr.org.in,ICMR-Vector Control Research Centre (ICMR-VCRC),3322
Health & Family welfare,https://aaccc.gov.in,"AYUSH Admissions Central Counseling Committee (AACCC), Ministry of AYUSH",3323
Health & Family welfare,https://hmis.ap.nic.in,"Andhra Pradesh Nurses, Midwives, Auxiliary Nurse-Midwives and health Visitors Council",3324
Health & Family welfare,https://epitome.gov.in,EPITOME,3325
Health & Family welfare,https://hindantibiotics.in,Hindustan Antibiotics Limited (HAL),3326
Health & Family welfare,https://prc.mohfw.gov.in,Population Research Centre,3327
Health & Family welfare,https://cbpacs.delhi.gov.in,"Chaudhary Brahm Prakash Ayurved Charak Sansthan, Delhi",3328
Health & Family welfare,https://www.meity.gov.in/,Ministry of Electronics & Information Technology,3329
Health & Family welfare,https://janaushadhi.gov.in,Jan Aushadhi-Bureau of Pharma PSUs of India (BPPI),3330
Health & Family welfare,https://www.nrhm.maharashtra.gov.in,"National Health Mission, Maharashtra",3331
Health & Family welfare,https://eatrightindia.gov.in,Eat Right India : 'Eat Healthy' and 'Eat Safe' - An initiative of FSSAI,3332
Health & Family welfare,https://nursingcouncil.tripura.gov.in,"Tripura Nursing Council, Tripura",3333
Health & Family welfare,https://aiihph.gov.in,All India Institute of Hygiene and Public Health (AIIH and PH),3335
Health & Family welfare,https://cfdamp.nic.in,"Food and Drugs Administration, Madhya Pradesh",3337
Health & Family welfare,https://covid.icmr.org.in/index.php/testing-facilities,COVID-19 Testing Laboratories across India,3338
Health & Family welfare,https://fda.assam.gov.in,"Commissionerate of Food & Drugs Administration, Assam",3339
Health & Family welfare,https://www.agmc.nic.in,"Agartala Government Medical College, Tripura",3340
Health & Family welfare,https://www.aipmstsecondary.co.in,ALL INDIA PRE-MEDICAL SCHOLARSHIP TEST (SECONDARY) - 2021,3341
Health & Family welfare,https://jiyoparsi.minorityaffairs.gov.in,Jiyo Parsi Scheme Portal,3342
Health & Family welfare,https://www.hp.gov.in/dhsrhp,"Directorate of Health Safety and Regulation, Himachal Pradesh",3344
Health & Family welfare,https://dme.tripura.gov.in,"Directorate of Medical Education, Tripura",3345
Health & Family welfare,https://dmetodisha.gov.in,"Directorate of Medical Education & Training (DMET), Odisha",3346
Health & Family welfare,https://dhas.delhi.gov.in,"Dr. Hedgewar Aarogya Sansthan, Delhi",3347
Health & Family welfare,https://www.ysraarogyasri.ap.gov.in,"Dr. YSR Aarogyasri Health Care Trust, Andhra Pradesh",3348
Health & Family welfare,https://nrts.indiannursingcouncil.gov.in,Indian Nursing Council,3349
Health & Family welfare,https://pharmacy.delhi.gov.in,Delhi Pharmacy Council,3350
Health & Family welfare,https://jeevandan.gov.in,"Jeevandan - Cadaver Transplantation Programme, Telangana",3351
Health & Family welfare,https://www.nmc.org.in,National Medical Commission,3352
Health & Family welfare,https://www.cdscoonline.gov.in,"Online Application for Licensing, Central Drugs Standard Control Organization (CDSCO)",3353
Health & Family welfare,https://mcovid19.mizoram.gov.in,"mCOVID-19 Dashboard, Advisories & Updates, Mizoram",3354
Health & Family welfare,https://www.tnhsp.org,"Tamil Nadu Health Systems Project (TNHSP), Tamil Nadu",3355
Health & Family welfare,https://ors.gov.in,Online Registration System Patient Portal (ORS),3356
Health & Family welfare,https://subhadra.odisha.gov.in,"SUBHADRA Yojana, Odisha",3357
Health & Family welfare,https://www.lifecarehll.com,HLL Lifecare Limited,3358
Health & Family welfare,https://dgehs.delhi.gov.in,"Directorate General of Health Services, Delhi",3360
Health & Family welfare,https://www.simet.in,"State Institute of Medical Education and Technology, Kerala",3361
Health & Family welfare,https://keralawomen.gov.in,"Kerala Women, Kerala",3362
Health & Family welfare,https://lhmc-hosp.gov.in,"Lady Hardinge Medical College, New Delhi",3363
Health & Family welfare,https://cmchistn.com,"Chief Minister's Comprehensive Health Insurance Scheme, Tamil Nadu",3364
Health & Family welfare,https://www.mrbangurhospital.org,"M. R. Bangur Hospital, Tollygunge, Kolkata, West Bengal",3365
Health & Family welfare,https://punjabmedicalcouncil.in,"Punjab Medical Council, Punjab",3367
Health & Family welfare,https://namaste-yoga.ayush.gov.in,Yoga Locator,3368
Health & Family welfare,https://lnjp.delhi.gov.in,"Lok Nayak Hospital, Delhi",3370
Health & Family welfare,https://gtbh.delhi.gov.in,"Guru Teg Bahadur Hospital, Delhi",3371
Health & Family welfare,https://medleapr.mp.gov.in,"MedLEaPR MP-3.0 Medico Legal Report and Post Mortem Report, Madhya Pradesh",3372
Health & Family welfare,https://covidwarriors.gov.in,COVID-19 Warriors of India,3373
Health & Family welfare,https://svbph.delhi.gov.in,"Sardar Vallabh Bhai Patel Hospital, Delhi",3374
Health & Family welfare,https://cdlkasauli.gov.in,"Central Drugs Laboratory, Kasauli",3375
Health & Family welfare,https://aiimsbibinagar.edu.in,"All India Institutes of Medical Sciences (AIIMS), Bibinagar, Hyderabad",3376
Health & Family welfare,https://www.govtmedicalcollegekozhikode.ac.in,"Government Medical College Kozhikode, Kerala",3377
Health & Family welfare,https://health.delhi.gov.in,"Health and Family Welfare, Delhi",3378
Health & Family welfare,https://oxycare.gov.in/ocmis/oxycare.aspx,OxyCare-Management Information System,3379
Health & Family welfare,https://ayushharyana.gov.in,"Directorate of AYUSH, Haryana",3380
Health & Family welfare,https://dhsgoa.gov.in,"Directorate of Health Services (DHS), Goa",3381
Health & Family welfare,https://dme.mponline.gov.in,"Medical Education Department, Madhya Pradesh",3382
Health & Family welfare,https://www.hp.gov.in/hpdmer,"Directorate of Medical Education & Research, Himachal Pradesh",3384
Health & Family welfare,https://swachhatahiseva.gov.in,Swachhata Hi Seva 2024,3385
Health & Family welfare,https://indiannursingcouncil.org,Indian Nursing Council,3386
Health & Family welfare,https://yoga.ayush.gov.in,"International Day of Yoga, June 21",3387
Health & Family welfare,https://nhm.gov.in,National Health Mission,3388
Health & Family welfare,https://tsmc.tripura.gov.in,"The Tripura State Medical Council, Tripura",3389
Health & Family welfare,https://naitik.gov.in,National Ethics Committee Registry for Biomedical and Health Research (NECRBHR),3390
Health & Family welfare,https://dhsfw.assam.gov.in,"Directorate of Health Service (Family Welfare), Assam",3391
Health & Family welfare,https://www.ayurveda.kerala.gov.in,"Ayurveda Medical Education Department, Kerala",3392
Health & Family welfare,https://scbdental.nic.in,"SCB Dental College and Hospital, Cuttack, Odisha",3393
Health & Family welfare,https://apnmrc.in,"Nurses and Midwives Registration Council, Arunachal Pradesh",3395
Health & Family welfare,https://www.sainik.telangana.gov.in,"Department of Sainik Welfare, Telangana",3396
Health & Family welfare,https://www.nipccd.nic.in/schemes/nutrition-resource-platform-27,"Nutrition Resource Platform, Child Development and Nutrition Bureau",3398
Health & Family welfare,https://hfwcom.karnataka.gov.in,"Commissionerate of Health & Family Welfare Service, Karnataka",3399
Health & Family welfare,https://medleaprhry.gov.in,"Medico Legal Report and Post Mortem Reporting System, Haryana",3400
Health & Family welfare,https://arogya.maharashtra.gov.in/1175/Novel--Corona-Virus,"COVID-19 (Novel Corona Virus) Updates & Advisories, Maharashtra",3401
Health & Family welfare,https://rajhealth.rajasthan.gov.in,"RajHealth - Solution for Health Resource Management, Rajasthan",3402
Health & Family welfare,https://haraadesh.nic.in,"Haryana Fights COVID-19, Haryana",3403
Health & Family welfare,https://ihip.mohfw.gov.in,Integrated Health Information Platform,3404
Health & Family welfare,https://medicalcouncil.kerala.gov.in,"Kerala State Medical Councils, Kerala",3405
Health & Family welfare,https://asha.mp.gov.in,"Accredited Social Health Activist (ASHA), National Health Mission, Madhya Pradesh",3407
Health & Family welfare,https://www.ehf.telangana.gov.in,"Employees and Journalists Health Scheme, Telangana",3408
Health & Family welfare,https://mohfw.gov.in,Ministry of Health and Family Welfare,3409
Health & Family welfare,https://aiishmysore.in,"All India Institute of Speech and Hearing (AIISH), Mysore",3410
Health & Family welfare,https://dc.kerala.gov.in,"Drugs Control Department, Kerala",3411
Health & Family welfare,https://poshangyan.niti.gov.in,Poshan Gyan,3412
Health & Family welfare,https://edantseva.gov.in,e-Dantseva-National Oral Health Programme (NOHP),3413
Health & Family welfare,https://nhm.goa.gov.in,"Directorate of Health Services, National Health Mission, Goa",3415
Health & Family welfare,https://www.cnci.ac.in,Chittaranjan National Cancer Institute (CNCI),3416
Health & Family welfare,https://nischennai.org,"National Institute of Siddha (NIS), Chennai",3417
Health & Family welfare,https://homeopathy.delhi.gov.in,"Department of Homeopathy, Delhi",3418
Health & Family welfare,https://dsacs.delhi.gov.in,Delhi State AIDS Control Society,3420
Health & Family welfare,https://www.fmsc.ac.in,"Faculty of Medical Sciences, University of Delhi",3421
Health & Family welfare,https://nhm.uk.gov.in,"National Health Mission, Uttarakhand",3423
Health & Family welfare,https://nha.gov.in,National Health Authority,3424
Health & Family welfare,https://appharmacycouncil.gov.in,Andhra Pradesh Pharmacy Council,3425
Health & Family welfare,https://ncvbdc.mohfw.gov.in,"National Vector Borne Disease Control Programme (NVBDCP), DELHI",3426
Health & Family welfare,https://www.kspcdic.com,"Karnataka State Pharmacy Council, Karnataka",3427
Health & Family welfare,https://druglicense.andaman.gov.in,"DHS - Drug Licensing, Andaman & Nicobar Islands",3429
Health & Family welfare,https://www.dhs.kerala.gov.in,"Directorate of Health Services, Kerala",3430
Health & Family welfare,https://healinindia.gov.in,Heal in India,3431
Health & Family welfare,https://www.clinicalestablishments.kerala.gov.in,"Kerala State Council for Clinical Establishments, Kerala",3432
Health & Family welfare,https://pmssy.mohfw.gov.in,Pradhan Mantri Swasthya Suraksha Yojana (PMSSY),3433
Health & Family welfare,https://dme.assam.gov.in,"Directorate of Medical Education, Assam",3434
Health & Family welfare,https://crikasauli.nic.in,"Central Research Institute (CRI), Kasauli, Himachal Pradesh",3435
Health & Family welfare,https://mcc.kerala.gov.in,"Malabar Cancer Centre, Kerala",3436
Health & Family welfare,https://shsrc.org,"State Health Resource Centre, Chhattisgarh",3437
Health & Family welfare,https://tnsacs.in,"Tamil Nadu State AIDS Control Society, Tamil Nadu",3438
Health & Family welfare,https://dcptot.com,The Delhi Council for Physiotherapy and Occupational Therapy,3439
Health & Family welfare,https://fssai.gov.in,Food Safety and Standards Authority of India (FSSAI),3440
Health & Family welfare,https://nhm.assam.gov.in,"National Health Mission (NHM), Assam",3441
Health & Family welfare,https://dharani.telangana.gov.in,"Integrated Land Records Management System, Telangana",3442
Health & Family welfare,https://drugs.karnataka.gov.in,"Drug Control Department, Karnataka",3443
Health & Family welfare,https://asacs.assam.gov.in,Assam State AIDS Control Society,3444
Health & Family welfare,https://cltri.gov.in,"Central Leprosy Teaching and Research Institute, Chengalpattu, Tamil Nadu",3445
Health & Family welfare,https://crisiddha.tn.nic.in,"Central Research Institute for Siddha, Tamil Nadu",3446
Health & Family welfare,https://upnrhm.gov.in,"National Health Mission (NHM), Uttar Pradesh",3447
Health & Family welfare,https://bms.tripura.gov.in/bms,"Beneficiary Management Ecosystem, Tripura",3448
Health & Family welfare,https://www.pnrconline.in,"Punjab Nurses Registration Council, Punjab",3449
Health & Family welfare,https://apmc.ap.gov.in,Andhra Pradesh Medical Council,3450
Health & Family welfare,https://ccrum.res.in,Central Council for Research in Unani Medicine (CCRUM),3451
Health & Family welfare,https://www.nirt.res.in,"Tuberculosis Research Centre, Chennai",3452
Health & Family welfare,https://wjhs.ap.gov.in,"Working Journalists Health Scheme, Andhra Pradesh",3453
Health & Family welfare,https://dirbcglab.gov.in,"BCG Vaccine Laboratory, Chennai",3454
Health & Family welfare,https://dhs.assam.gov.in,"Directorate of Health Service, Assam",3455
Health & Family welfare,https://neiafmr.org.in,North Eastern Institute of Ayurveda and Folk Medicine Research,3456
Health & Family welfare,https://mvh.delhi.gov.in,"Maharishi Valmiki Hospital, Delhi",3457
Health & Family welfare,https://mso-gmsd.in,"Medical Stores Organisation, Ministry of Health and Family Welfare",3458
Health & Family welfare,https://www.maharashtranursingcouncil.org,"Maharashtra Nursing Council, Mumbai, Maharashtra",3459
Health & Family welfare,https://www.rims.edu.in,"Regional Institute of Medical Sciences, Imphal",3460
Health & Family welfare,https://tsbtc.tripura.gov.in,"Tripura State Blood Transfusion Council, Tripura",3461
Health & Family welfare,https://aiipmr.gov.in,"All India Institute of Physical Medicine and Rehabilitation, Mumbai",3464
Health & Family welfare,https://betivadhaao.gujarat.gov.in,"Beti Vadhaao Programme, Gujarat",3465
Health & Family welfare,https://ayush.assam.gov.in,"Directorate of AYUSH, Assam",3467
Health & Family welfare,https://gack.kerala.gov.in,"Government Ayurveda College, Kannur, Kerala",3468
Health & Family welfare,https://ggsgh.delhi.gov.in,"Guru Gobind Singh Government Hospital, Delhi",3469
Health & Family welfare,https://niced.org.in,National Institute of Cholera and Enteric Diseases (NICED),3470
Health & Family welfare,https://nmr-nmc.abdm.gov.in,National Medical Register (NMR),3471
Health & Family welfare,https://cghs.gov.in,Central Government Health Scheme (CGHS),3473
Health & Family welfare,https://foscos.fssai.gov.in,Food Safety Compliance System (FoSCoS-FSSAI),3474
Health & Family welfare,https://lgbrimh.gov.in,Lokopriya Gopinath Bordoloi Regional Institute of Mental Health (LGBRIMH),3477
Health & Family welfare,https://www.griid.edu.in,"Government Rehabilitation Institute for Intellectual Disabilities (GRIID), Chandigarh",3478
Health & Family welfare,https://www.naco.gov.in,National AIDS Control Organisation (NACO),3479
Health & Family welfare,https://gad.cg.gov.in/cgcorona,"Corona Guidelines, Chhattisgarh",3480
Health & Family welfare,https://nhm.utl.gov.in,"National Health Mission (NHM), Lakshadweep",3481
Housing & Urban Development,https://www.nic.in/,National Informatics Centre,3482
Housing & Urban Development,https://www.tenancy.tn.gov.in,"Tamil Nadu Regulation of Rights and Responsibilities of Landlords and Tenants Act-2017, Tamil Nadu",3483
Housing & Urban Development,https://rhodisha.gov.in,"Rural Housing, Odisha",3484
Housing & Urban Development,https://www.mpenagarpalika.gov.in,"e-Nagar Palika, Madhya Pradesh",3485
Housing & Urban Development,https://ldo.gov.in,Land and Development Office,3486
Housing & Urban Development,https://haryanarera.gov.in,"Haryana Real Estate Regulatory Authority (HRERA), Haryana",3487
Housing & Urban Development,https://banglarbhumi.gov.in,"Land and Land Reform & Refugee Relief and Rehabilitation Department, West Bengal",3489
Housing & Urban Development,https://eawas.punjab.gov.in,"e-Awas Accommodation Management System, Punjab",3491
Housing & Urban Development,https://auiip.nic.in,Assam Urban Infrastructure Investment Program (AUIIP),3492
Housing & Urban Development,https://awas.haryanapwd.gov.in,"Public Works Department (B&R), Haryana",3493
Housing & Urban Development,https://aptribes.ap.gov.in,"Portal of Tribal Welfare Department, Andhra Pradesh",3494
Housing & Urban Development,https://portal.apdpms.ap.gov.in,"Directorate of Town and Country Planning, Andhra Pradesh",3495
Housing & Urban Development,https://swachhatahiseva.gov.in,Swachhata Hi Seva,3496
Housing & Urban Development,https://publichealth.telangana.gov.in,"Public Health & Municipal Engineering Department (PHMED), Telangana",3497
Housing & Urban Development,https://haryanabpas.gov.in,"Online Building Plan Approval System, Haryana",3498
Housing & Urban Development,https://www.mhada.gov.in,"Maharashtra Housing and Area Development Authority (MHADA), Maharashtra",3500
Housing & Urban Development,https://pmay-urban.gov.in,Pradhan Mantri Awas Yojana (Urban),3501
Housing & Urban Development,https://sampada.mp.gov.in,"Directorate of Estates, Madhya Pradesh",3502
Housing & Urban Development,https://rera.kerala.gov.in,"Kerala Real Estate Regulatory Authority (E-RERA), Kerala",3503
Housing & Urban Development,https://sipmiu.nic.in,"State Investment and Project Management and Implementation Unit (SIPMIU), Shillong, Megalaya",3504
Housing & Urban Development,https://architecturehry.gov.in,"Department of Architecture, Haryana",3505
Housing & Urban Development,https://eawas.chd.gov.in,"e-Awas - Accommodations Management System Administration, Chandigarh",3508
Housing & Urban Development,https://www.ashtalakshmimahotsav.com,Ashtalakshmi Mahotsav,3509
Housing & Urban Development,https://mdamoradabad.up.gov.in,"Moradabad Development Authority, Uttar Pradesh",3510
Housing & Urban Development,https://udd.uk.gov.in,"Urban Development Directorate, Uttarakhand",3512
Housing & Urban Development,https://aaina.gov.in,AAINA-Dashboard for cities,3513
Housing & Urban Development,https://rera.delhi.gov.in,"Real Estate Regulatory Authority (RERA), Delhi",3514
Housing & Urban Development,https://uptownplanning.gov.in,"Town and Country Planning Department, Uttar Pradesh",3515
Housing & Urban Development,https://www.wastetowealth.gov.in,Waste to Wealth,3516
Housing & Urban Development,https://nbo.gov.in,National Buildings Organisation,3517
Housing & Urban Development,https://upavp.in,"UP Housing and Development Board, Uttar Pradesh",3518
Housing & Urban Development,https://rera.tn.gov.in,"Tamil Nadu Real Estate Regulatory Authority (TNRERA), Tamil Nadu",3521
Housing & Urban Development,https://niua.in,National Institute of Urban Affairs (NIUA),3522
Housing & Urban Development,https://bmtf.gov.in,"Bangalore Metropolitan Task Force, Karnataka",3523
Housing & Urban Development,https://pmaymis.gov.in,Pradhan Mantri Awas Yojana (Urban)-MIS Portal,3524
Housing & Urban Development,https://www.tnius.org,"Tamil Nadu Institute of Urban Studies, Tamil Nadu",3525
Housing & Urban Development,https://www.duac.org.in,Delhi Urban Art Commission (DUAC),3526
Housing & Urban Development,https://www.nchfindia.net,National Cooperative Housing Federation of India (NCHFI),3527
Housing & Urban Development,https://www.kudumbashree.org,"Povertiy Eradication Mission (Kudumbashree), Kerala",3528
Housing & Urban Development,https://kmda.wb.gov.in,"Kolkata Metropolitan Development Authority, West Bengal",3529
Housing & Urban Development,https://delehlhlic.mha.gov.in,Unified Portal for Licensing of Eating/Lodging & Boarding Establishments in Delhi,3531
Housing & Urban Development,https://kbk.nic.in,"Special Area Development Project for Kalahandi, Bolangir and Koraput (KBK), Odisha",3532
Housing & Urban Development,https://www.smartcitybhubaneswar.gov.in,"Bhubaneswar Smart City Limited, Odisha",3533
Housing & Urban Development,https://bhawan.homeodisha.gov.in,"e-Bhawan, Odisha",3534
Housing & Urban Development,https://jkhudd.gov.in,"Housing & Urban Development Department, Jammu & Kashmir",3535
Housing & Urban Development,https://www.hda.gov.in,"Haldia Development Authority (HDA), West Bengal",3536
Housing & Urban Development,https://uputd.gov.in,"Directorate of Urban Transport, Uttar Pradesh",3537
Housing & Urban Development,https://giso.gov.in,"Government of India Stationery Office, Kolkata",3538
Housing & Urban Development,https://cpwdsewa.gov.in,CPWD Sewa - Central Public Works Department (CPWD),3543
Housing & Urban Development,https://gujhd.gujarat.gov.in,"Gujarat Social Infrastructure Development Society, General Administration Department (Planning), Gujarat",3545
Housing & Urban Development,https://npcc.gov.in,National Projects Construction Corporation Limited (NPCC),3546
Housing & Urban Development,https://urban.rajasthan.gov.in/townplanning,"Town Planning Department, Rajasthan",3547
Housing & Urban Development,https://www.meity.gov.in/,Ministry of Electronics & Information Technology,3548
Housing & Urban Development,https://aaga.andaman.gov.in,"Automatic Allotment of Government Accommodation, Andaman & Nicobar Islands",3549
Housing & Urban Development,https://pmgsy.nic.in,National Rural Infrastructure Development Agency (NRIDA),3550
Housing & Urban Development,https://mudashillong.gov.in,"Meghalaya Urban Development Agency (MUDA), Meghalaya",3551
Housing & Urban Development,https://centralvista.gov.in,Central Vista Project,3552
Housing & Urban Development,https://jiyoparsi.minorityaffairs.gov.in,Jiyo Parsi Scheme Portal,3556
Housing & Urban Development,https://bhulekh.uk.gov.in,"BHULEKH - Land Records Computerization, Uttrakhand",3557
Housing & Urban Development,https://rera.goa.gov.in/reraApp,"Real Estate Regulatory Authority, Goa",3558
Housing & Urban Development,https://subhadra.odisha.gov.in,"SUBHADRA Yojana, Odisha",3559
Housing & Urban Development,https://hudco.org.in,Housing and Urban Development Corporation Limited (HUDCO),3561
Housing & Urban Development,https://rera.rajasthan.gov.in,"Rajasthan Real Estate Regulatory Authority, Rajasthan",3562
Housing & Urban Development,https://cpheeo.gov.in,Central Public Health and Environmental Engineering Organisation (CPHEEO),3565
Housing & Urban Development,https://smartcities.gov.in,Smart Cities Mission,3566
Housing & Urban Development,https://cityfinance.in,City Finance,3567
Housing & Urban Development,https://pmayuclap.gov.in,Pradhan Mantri Awas Yojana-Urban : CLSS Awas Portal (CLAP),3568
Housing & Urban Development,https://www.nkdamar.org,"New Town Kolkata Development Authority, West Bengal",3569
Housing & Urban Development,https://ncrpb.nic.in,National Capital Region Planning Board (NCRPB),3570
Housing & Urban Development,https://epgc.gov.in,"Environment Protection in Government Colonies, Directorate of Estates",3571
Housing & Urban Development,https://gujrera.gujarat.gov.in,"Gujarat Real Estate Regulatory Authority, Gujarat",3572
Housing & Urban Development,https://landrecords.gujarat.gov.in,"Settlement Commissioner and Director of Land Records, Gujarat",3573
Housing & Urban Development,https://sbmurban.org,Swachh Bharat Mission-Urban,3574
Housing & Urban Development,https://navaraipuratalnagar.com,"Nava Raipur Atal Nagar Vikas Pradhikaran, Chhattisgarh",3575
Housing & Urban Development,https://swachhatahiseva.gov.in,Swachhata Hi Seva 2024,3577
Housing & Urban Development,https://nulm.gov.in,Deendayal Antyodaya Yojana,3578
Housing & Urban Development,https://esampada.mohua.gov.in,Directorate of Estates,3581
Housing & Urban Development,https://emunicipal.telangana.gov.in,"Commissioner and Director of Municipal Administration, Telangana",3582
Housing & Urban Development,https://ghtc-india.gov.in,Global Housing Technology Challenge (GHTC),3583
Housing & Urban Development,https://communi.gujarat.gov.in,"Commissioner of Municipalities Administration, Urban Development & Urban Housing Department, Gujarat",3584
Housing & Urban Development,https://www.bmtpc.org,Building Materials and Technology Promotion Council (BMTPC),3585
Housing & Urban Development,https://rera.mp.gov.in,"Real Estate Regulatory Authority, Madhya Pradesh",3587
Housing & Urban Development,https://urban.maharashtra.gov.in,"Nagar Vikas Vibag, Maharashtra",3588
Housing & Urban Development,https://cpwd.gov.in,Central Public Works Department (CPWD),3589
Housing & Urban Development,https://www.pheoodisha.gov.in,"Public Health Engineering Organisation (PHEO), Odisha",3590
Housing & Urban Development,https://cghb.cg.nic.in,"AWAS – Housing Board Computerization, Chhattisgarh",3592
Housing & Urban Development,https://naredco.in,National Real Estate Development Council,3595
Housing & Urban Development,https://oreat.nic.in,"Odisha Real Estate Appellate Tribunal (OREAT), Odisha",3596
Housing & Urban Development,https://www.tniuscbe.org,"Tamil Nadu Institute of Urban Studies (TNIUS), Coimbatore, Tamil Nadu",3597
Housing & Urban Development,https://iph.hp.nic.in,"Jal Shakti Vibhag, Himachal Pradesh",3598
Housing & Urban Development,https://tmepma.cgg.gov.in,"Mission for Elimination of Poverty in Municipal Areas, Telangana",3599
Housing & Urban Development,https://www.cgewho.in,Central Government Employees Welfare Housing Organisation (CGEWHO),3601
Housing & Urban Development,https://dma.assam.gov.in,"Directorate of Municipal Administration, Assam",3602
Housing & Urban Development,https://townplanning.kerala.gov.in,"Town Planning Department, Kerala",3603
Housing & Urban Development,https://cpwdpms.gov.in,Web Based Project Monitoring System - Central Public Works Department (CPWD),3604
Housing & Urban Development,https://dharani.telangana.gov.in,"Integrated Land Records Management System, Telangana",3605
Housing & Urban Development,https://www.appublichealth.gov.in,"PHMED - Public Health and Municipal Engineering Department , Andhra pradesh",3606
Housing & Urban Development,https://www.wburbanservices.gov.in,"Urban Development & Municipal Affairs Department, West Bengal",3607
Housing & Urban Development,https://sdasrinagar.jk.gov.in,"Srinagar Development Authority, Jammu and Kashmir",3608
Housing & Urban Development,https://esahakaraseva.telangana.gov.in,"e-SahakaraSeva, ​Telangana",3609
Housing & Urban Development,https://mptownplan.gov.in,"Directorate of Town and Country Planning, Madhya Pradesh",3610
Housing & Urban Development,https://up-rera.in/index,"Real Estate Regulatory Authority (RERA), Uttar Pradesh",3611
Housing & Urban Development,https://briks.gov.in,Building Related Information and Knowledge System (BRIKS),3615
Housing & Urban Development,https://www.boilers.tn.gov.in,"Directorate of Boilers, Tamil Nadu",3616
Housing & Urban Development,https://ncrpbgis.nic.in/NCR/index/index.html,Portal for Analytical Regional Information and Mapping of NCR (PARIMAN),3618
Tourism,https://www.nic.in/,National Informatics Centre,3621
Tourism,https://nchm.gov.in,National Council for Hotel Management and Catering Technology (NCHMCT),3622
Tourism,https://tourism.ap.gov.in,"Tourism Department, Andhra Pradesh",3623
Tourism,https://ecoretreat.odishatourism.gov.in,"ECO-Retreat Destinations, Odisha",3624
Tourism,https://epermit.utl.gov.in,"ePermit - Online Entry Permit System, Lakshadweep",3625
Tourism,https://upstdc.co.in,"Uttar Pradesh State Tourism Development Corporation Ltd. (UPSTDC), Uttar Pradesh",3627
Tourism,https://samudram.utl.gov.in,"Lakshadweep Tourism, Society for Promotion of Nature Tourism and Sports, Lakshadweep",3629
Tourism,https://heliservices.uk.gov.in,"Heliservices to Kedarnath Ji Dham, Uttarakhand",3630
Tourism,https://tourism.delhi.gov.in,"Tourism Department, Delhi",3631
Tourism,https://www.ttdconline.com,"Tamilnadu Tourism Development Corporation (TTDC), Tamil Nadu",3632
Tourism,https://www.jammutourism.gov.in,"Directorate of Tourism Jammu, Jammu and Kashmir",3634
Tourism,https://www.rural.tourism.gov.in,Rural Tourism,3635
Tourism,https://thims.gov.in,Tourism and Hospitality Institute Management System,3636
Tourism,https://www.ashtalakshmimahotsav.com,Ashtalakshmi Mahotsav,3639
Tourism,https://www.jktdc.co.in,"J&K Tourism Development Corporation, Jammu and Kashmir",3640
Tourism,https://tajmahal.gov.in,"Panoramic View of Taj Mahal, Uttar Pradesh",3642
Tourism,https://tourism.telangana.gov.in,"Telangana Tourism, Telangana",3644
Tourism,https://pihmct.py.gov.in,"Pondicherry Institute of Hotel Management and Catering Technology, Colas Nagar",3646
Tourism,https://aptourism.gov.in,Andhra Pradesh Tourism Authority,3647
Tourism,https://citcochandigarh.com,Chandigarh Industrial and Tourism Development Corporation (CITCO) - Luxury Hotels in Chandigarh,3648
Tourism,https://govemp.balmerlawrietravelapp.com,Government of India Employees Flight Booking Portal (Balmer Lawrie),3649
Tourism,https://starbus.nic.in,"StarBus - Online Bus Ticket Booking System, Uttarakhand",3650
Tourism,https://www.heliyatra.irctc.co.in,Helicopter Yatra to Shri Kedarnath Dham,3651
Tourism,https://lakport.utl.gov.in,"Web Based Ship Ticket Advance Reservation (WEBSTAR), Lakshadweep",3653
Tourism,https://www.ihmsilvassa.in,"Institute of Hotel Management and Catering Technology (IHMCT), Silvassa",3654
Tourism,https://registrationandtouristcare.uk.gov.in,"Char Dham Yatra Registration And Hemkund Sahib Registration, Uttarakhand",3657
Tourism,https://mtdcmeghalaya.in,"Meghalaya Tourism Development Corporation Limited (MTDC Ltd.), Meghalaya",3659
Tourism,https://necouncil.gov.in,North East India Tourism-North Eastern Council,3662
Tourism,https://www.meity.gov.in/,Ministry of Electronics & Information Technology,3663
Tourism,https://jiyoparsi.minorityaffairs.gov.in,Jiyo Parsi Scheme Portal,3667
Tourism,https://www.dtpckollam.com,"District Tourism Promotion Council, Kollam, Kerala",3668
Tourism,https://punjabtourism.punjab.gov.in,"Department of Tourism & Cultural Affairs, Punjab",3669
Tourism,https://nidhi.tourism.gov.in,National Integrated Database of Hospitality Industry,3670
Tourism,https://tripuratourism.gov.in,Tripura Tourism,3671
Tourism,https://subhadra.odisha.gov.in,"SUBHADRA Yojana, Odisha",3672
Tourism,https://tourism.bihar.gov.in,Bihar Tourism,3674
Tourism,https://iittmb.in,"Indian Institute of Tourism and Travel management (IITTM), Bhubaneswar",3677
Tourism,https://swachhatahiseva.gov.in,Swachhata Hi Seva 2024,3679
Tourism,https://swadeshdarshan.gov.in,Swadesh Darshan Scheme,3680
Tourism,https://www.chaloindia.gov.in,Chalo India,3681
Tourism,https://www.iittm.ac.in,Indian Institute of Tourism and Travel Management (IITTM),3688
Tourism,https://dangs.gujarat.gov.in,"Collectorate - District Dang, Government Of Gujarat",3689
Tourism,https://www.shoppingfestival.in,"Grand Kerala Shopping Festival, Kerala",3691
Tourism,https://dindorinarmadayatra.mp.gov.in,"Dindori Narmada Yatra, Madhya Pradesh",3692
Tourism,https://dharani.telangana.gov.in,"Integrated Land Records Management System, Telangana",3693
Tourism,https://nehrutrophy.nic.in,"Nehru Trophy Boat Race, Kerala",3694
Tourism,https://odishatourism.gov.in,Odisha Tourism,3695
Tourism,https://itdc.co.in,"India Tourism Development Corporation (ITDC), New Delhi",3696
Tourism,https://www.jagritiyatra.com,Jagriti Yatra,3703
Art & Culture,https://www.nic.in/,National Informatics Centre,3704
Art & Culture,https://www.cihts.ac.in,"Central Institute of Higher Tibetan Studies, Sarnath",3705
Art & Culture,https://himachalservices.nic.in/hplib,"e-Granthalaya - A Digital Agenda for Library Automaion and Networking, Himachal Pradesh",3706
Art & Culture,https://www.nnm.ac.in,"Nava Nalanda Mahavihara, Nalanda",3707
Art & Culture,https://theallahabadmuseum.com,"Allahabad Museum, Prayagraj",3708
Art & Culture,https://centrallibrary.goa.gov.in,"Krishnadas Shama, Goa State Central Library, Panaji, Goa",3709
Art & Culture,https://www.sabarimala.kerala.gov.in,"SABARIMAMA - Sree Dharma Sastha Temple, Kerala",3711
Art & Culture,https://ladakh.nic.in/culture-department,"Culture Department, Ladakh",3712
Art & Culture,https://nmanoc.gov.in,"NOC Online Application and Processing System, National Monuments Authority",3714
Art & Culture,https://nma.gov.in,National Monuments Authority (NMA),3715
Art & Culture,https://ncf.nic.in,National Culture Fund (NCF),3716
Art & Culture,https://wbicc.in,"West Bengal Information & Cultural Centre (WBICC), West Bengal",3717
Art & Culture,https://rrrlf.gov.in,Raja Rammohun Roy Library Foundation (RRRLF),3718
Art & Culture,https://kblibrary.bih.nic.in,Khuda Bakhsh Oriental Public Library,3719
Art & Culture,https://artandculture.tn.gov.in,"Art and Culture Department, Tamil Nadu",3721
Art & Culture,https://www.ashtalakshmimahotsav.com,Ashtalakshmi Mahotsav,3724
Art & Culture,https://gandhismriti.gov.in,Gandhi Smriti and Darshan Samiti (GSDS),3725
Art & Culture,https://www.filmcitymumbai.org,"Maharashtra Film, Stage & Cultural Development Corporation Limited, Dadasaheb Phalke Chitranagari, Filmcity, Mumbai, Maharashtra",3726
Art & Culture,https://nmi.gov.in,National Museum Institute (NMI),3728
Art & Culture,https://indianculture.gov.in/MoCorganization/nehru-memorial-museum-and-library,"Nehru Memorial Museum and Library (NMML), New Delhi",3729
Art & Culture,https://pmmementos.gov.in,PM Mementos,3730
Art & Culture,https://www.crlindia.gov.in,Central Reference Library,3731
Art & Culture,https://www.kalamandalam.ac.in,"Kerala Kalamandalam, Kerala",3732
Art & Culture,https://lalitkala.gov.in,"Lalit Kala Akademi, New Delhi",3733
Art & Culture,https://dpl.gov.in,Delhi Public Library,3735
Art & Culture,https://daic.gov.in,Dr. Ambedkar International Centre,3736
Art & Culture,https://itms.kar.nic.in/hrcehome/index.php,"Hindu Religious Institutions And Charitable Endowments Department, Karnataka",3738
Art & Culture,https://culturedirectorate.kerala.gov.in,"Directorate of Culture, Kerala",3739
Art & Culture,https://ekbharat.gov.in,Ek Bharat Shreshtha Bharat,3740
Art & Culture,https://indianculture.gov.in/MoCorganization/north-central-zone-cultural-centre,North Central Zone Cultural Centre (NCZCC),3741
Art & Culture,https://www.cict.in,Central Institute of Classical Tamil (CICT),3742
Art & Culture,https://asiegov.gov.in,"eGov Applications, Archaeological Survey of India (ASI)",3743
Art & Culture,https://nationalarchives.nic.in,National Archives of India,3744
Art & Culture,https://uparchives.up.nic.in,"e-Abhilekhagar (Uttar Pradesh State Archives), Uttar Pradesh",3745
Art & Culture,https://www.victoriamemorial-cal.org,"Victoria Memorial Hall, kolkata",3746
Art & Culture,https://amritmahotsav.nic.in,Azadi Ka Amrit Mahotsav,3748
Art & Culture,https://goamuseum.gov.in,"Goa State Museum, Goa",3749
Art & Culture,https://kannadasahithyaparishattu.in,"Kannada Sahitya Parishat, Karnataka",3750
Art & Culture,https://language.delhi.gov.in,"Language Department, Delhi",3754
Art & Culture,https://www.culturenorthindia.com,North Zone Cultural Center,3755
Art & Culture,https://nli.gov.in,National Library,3757
Art & Culture,https://nsd.gov.in,National School of Drama,3758
Art & Culture,https://www.tnarch.gov.in,"Archaeology Department, Tamil Nadu",3759
Art & Culture,https://tspasibhopal.nic.in,"Temple Survey Project, Archaeological Survey of India (ASI), Bhopal",3761
Art & Culture,https://baws.in,Writings and Speeches of Babasaheb DR. B.R. Ambedkar,3762
Art & Culture,https://asichennai.gov.in,"Archaeological Survey of India (ASI), Chennai Circle",3763
Art & Culture,https://rcwb.in,"Office of Resident Commissioner, West Bengal",3764
Art & Culture,https://asibhopal.nic.in,"Archaeological Survey of India (ASI), Bhopal",3765
Art & Culture,https://www.meity.gov.in/,Ministry of Electronics & Information Technology,3766
Art & Culture,https://culturalaffairs.assam.gov.in,"Cultural Affairs Department, Assam",3767
Art & Culture,https://jkarchives.nic.in,"Directorate of Archives, Archaeology and Museums, Jammu and Kashmir",3770
Art & Culture,https://jiyoparsi.minorityaffairs.gov.in,Jiyo Parsi Scheme Portal,3772
Art & Culture,https://igrms.gov.in,Indira Gandhi Rashtriya Manav Sangrahalaya,3773
Art & Culture,https://subhadra.odisha.gov.in,"SUBHADRA Yojana, Odisha",3774
Art & Culture,https://asimustsee.nic.in,Must See Indian Heritage,3775
Art & Culture,https://punjabiacademy.delhi.gov.in,"Punjabi Academy, Delhi",3776
Art & Culture,https://asijaipurcircle.nic.in,"Archaeological Survey of India, Jaipur Circle",3778
Art & Culture,https://www.pmsangrahalaya.gov.in,Pradhan Mantri Sangrahalaya,3779
Art & Culture,https://annavaramdevasthanam.nic.in,"Sri Veera Venkata Satyanaryana Swamy Vari Devasthanam, Annavaram, Andhra Pradesh",3781
Art & Culture,https://delhiarchives.delhi.gov.in,"Delhi Archives Department, Delhi",3783
Art & Culture,https://nehhdc.com,"North Eastern Handicrafts And Handlooms Development Corporation Ltd., (NEHHDC), Guwahati",3784
Art & Culture,https://ansi.gov.in,Anthropological Survey of India,3785
Art & Culture,https://sindhiacademy.delhi.gov.in,"Sindhi Academy, Delhi",3786
Art & Culture,https://nehrusciencecentre.gov.in,"Nehru Science Centre, Mumbai",3788
Art & Culture,https://swachhatahiseva.gov.in,Swachhata Hi Seva 2024,3789
Art & Culture,https://hrce.tn.gov.in/hrcehome/index.php,"Hindu Religious & Charitable Endowments Department, Tamil Nadu",3790
Art & Culture,https://www.archaeology.kerala.gov.in,"Archaeology Department, Kerala",3791
Art & Culture,https://www.chaloindia.gov.in,Chalo India,3792
Art & Culture,https://www.sczcc.gov.in,"South Central Zone Cultural Center, Nagpur",3793
Art & Culture,https://jkk.artandculture.rajasthan.gov.in,"Jawahar Kala Kendra, Rajasthan",3795
Art & Culture,https://nationalcraftsmuseum.nic.in,National Handicrafts and Handlooms Museum-Crafts Museum,3797
Art & Culture,https://www.brm.nsd.gov.in,Bharat Rang Mahotsav,3798
Art & Culture,https://merimaatimeradesh.gov.in,Meri Maati Mera Desh,3799
Art & Culture,https://www.bharatpuralibrary.org,"Gopal Narayan Public Library, Bharatpura, Bihar",3800
Art & Culture,https://nationalmuseumindia.gov.in,"National Museum, New Delhi",3801
Art & Culture,https://www.sahitya-akademi.gov.in,Sahitya Akademi,3803
Art & Culture,https://utsav.gov.in,UTSAV-India a Land of Festivals,3804
Art & Culture,https://ova.gov.in,"Odia Virtual Academy (OVA), Bhubaneswar, Odisha",3806
Art & Culture,https://statelibrary.kerala.gov.in,"State Central Library, Kerala",3807
Art & Culture,https://www.asiaticsocietykolkata.org,"Asiatic Society, Kolkata",3808
Art & Culture,https://www.keralaarchives.org,"Archives Department, Kerala",3809
Art & Culture,https://www.shreejagannatha.in,"Shree Jagannath Temple, Puri, Odisha",3812
Art & Culture,https://www.namami.gov.in,National Mission for Manuscripts,3813
Art & Culture,https://ncsm.gov.in,National Council of Science Museums (NCSM),3814
Art & Culture,https://nscd.gov.in,"National Science Centre, Delhi",3815
Art & Culture,https://www.salarjungmuseum.in,"Salar Jung Museum, Hyderabad",3817
Art & Culture,https://rscbhopal.gov.in,"Regional Science Center, Bhopal",3818
Art & Culture,https://dharani.telangana.gov.in,"Integrated Land Records Management System, Telangana",3819
Art & Culture,https://kannadapraadhikaara.karnataka.gov.in,"Kannada Development Authority, Karnataka",3820
Art & Culture,https://indianmuseumkolkata.org,"Indian Museum, Kolkata",3821
Art & Culture,https://indianculture.gov.in,Indian Culture Portal,3822
Art & Culture,https://hkmsl.gov.in,"Harekrushna Mahatab State Library, Odisha",3823
Art & Culture,https://mgmd.gov.in,Mera Gaon Meri Dharohar,3824
Art & Culture,https://asi.nic.in,Archaeological Survey of India (ASI),3825
Art & Culture,https://www.asiagracircle.in,"Archaeological Survey of India (ASI), Agra Circle",3829
Art & Culture,https://asijabalpur.gov.in,Archaeological Survey of India Jabalpur Circle,3833
Law & Justice,https://www.nic.in/,National Informatics Centre,3834
Law & Justice,https://ukpst.uk.gov.in,"Uttarakhand Public Services Tribunal, Uttarakhand",3835
Law & Justice,https://aphc.gov.in,Andhra Pradesh High Court,3836
Law & Justice,https://patnahighcourt.gov.in/bja,Bihar Judicial Academy,3837
Law & Justice,https://kelsa.gov.in,Kerala State Legal Services Authority,3838
Law & Justice,https://mpsja.mphc.gov.in,Madhya Pradesh State Judicial Academy,3839
Law & Justice,https://jajharkhand.in,Judicial Academy Jharkhand,3840
Law & Justice,https://legalmetrology.cg.nic.in,"e-MaapVigyan, Chhattisgarh",3842
Law & Justice,https://kja.gov.in,Kerala Judicial Academy,3843
Law & Justice,https://www.indiacode.nic.in,INDIA CODE-Text Base of all the Central Legislations,3844
Law & Justice,https://www.sssc.gov.in,"Society for Centralized Recruitment in Subordinate Courts, Under Punjab and Haryana High Court",3846
Law & Justice,https://services.ecourts.gov.in,eCourt India Services,3847
Law & Justice,https://icadr.telangana.gov.in,"The International Centre for Alternative Dispute Resolution (ICADR), Regional Centre, Hyderabad",3848
Law & Justice,https://meghsja.gov.in,Meghalaya State Judicial Academy,3849
Law & Justice,https://www.nlujodhpur.ac.in,"National Law University, Jodhpur",3850
Law & Justice,https://cnlu.ac.in,"Chanakya National Law University, Patna, Bihar",3852
Law & Justice,https://mja.gov.in,Maharashtra Judicial Academy & Indian Mediation Centre & Training Institute,3853
Law & Justice,https://mizoslsa.mizoram.gov.in,Mizoram State Legal Services Authority,3854
Law & Justice,https://www.advgenodisha.nic.in,"Advocate General, Odisha",3855
Law & Justice,https://njdg.ecourts.gov.in,National Judicial Data Grid,3856
Law & Justice,https://cestat.gov.in,Customs Excise and Service Tax Appellate Tribunal (CESTAT),3857
Law & Justice,https://www.probono-doj.in/home/index,Pro Bono Legal Services Programme and Nyaya Bandhu App,3858
Law & Justice,https://hphighcourt.nic.in,Himachal Pradesh High Court,3859
Law & Justice,https://www.ccms.tn.gov.in,"Court Case Monitoring System, Tamil Nadu",3860
Law & Justice,https://rct.indianrail.gov.in,Railway Claims Tribunal (RCT),3863
Law & Justice,https://www.ashtalakshmimahotsav.com,Ashtalakshmi Mahotsav,3864
Law & Justice,https://nyayadegula.kar.nic.in,"Bangalore Mediation Centre, Karnataka",3865
Law & Justice,https://pulsa.punjab.gov.in,Punjab State Legal Services Authority,3866
Law & Justice,https://www.ili.ac.in,"The Indian Law Institute, Delhi",3867
Law & Justice,https://hslsa.gov.in,Haryana State Legal Services Authority,3868
Law & Justice,https://laws.puchd.ac.in,"Department of Laws, Panjab University, Chandigarh",3869
Law & Justice,https://www.greentribunal.gov.in,"National Green Tribunal (NGT), New Delhi",3871
Law & Justice,https://lawcommissionofindia.nic.in,Law Commission of India,3872
Law & Justice,https://apja.ap.nic.in,Andhra Pradesh State Judicial Academy,3873
Law & Justice,https://www.nluassam.ac.in,"National Law University and Judicial Academy, Assam",3874
Law & Justice,https://jgglc.ac.in,"Jarbom Gamlin Government Law College, Arunachal Pradesh",3875
Law & Justice,https://advocategeneral.punjab.gov.in,Advocate General Punjab,3876
Law & Justice,https://www.jaassam.gov.in,"Judicial Academy, Assam",3877
Law & Justice,https://hcmimphal.nic.in,Manipur High Court,3878
Law & Justice,https://bombayhighcourt.nic.in,Bombay High Court,3879
Law & Justice,https://jkja.nic.in,Jammu and Kashmir State Judicial Academy,3880
Law & Justice,https://delhihighcourt.nic.in,Delhi High Court,3882
Law & Justice,https://hcservices.ecourts.gov.in,High Courts Services,3884
Law & Justice,https://pgc.delhi.gov.in,"Public Grievances Commission, Delhi",3885
Law & Justice,https://mediationcentrephhc.gov.in,"Mediation Center, High Court of Punjab and Haryana",3886
Law & Justice,https://jharkhandhighcourt.nic.in,Jharkhand High Court,3887
Law & Justice,https://efiling.ecourts.gov.in,e-Filing Services,3888
Law & Justice,https://maslsa.nic.in,"Manipur State Legal Services Authority (MASLSA), Manipur",3889
Law & Justice,https://karnatakajudiciary.kar.nic.in,Karnataka High Court,3890
Law & Justice,https://patnahighcourt.gov.in/jjs,"Juvenile Justice Monitoring Committee, Patna High Court",3891
Law & Justice,https://www.gnlu.ac.in,"Gujarat National Law University, Gujarat",3892
Law & Justice,https://cja.gov.in,Chandigarh State Judicial Academy,3893
Law & Justice,https://rcsat.rajasthan.gov.in,Rajasthan Civil Services Appellate Tribunal,3894
Law & Justice,https://hcs.gov.in,Sikkim High Court,3895
Law & Justice,https://www.jhalsa.org,Jharkhand State Legal Services Authority,3896
Law & Justice,https://www.nyayshruti.nic.in,Nyayshruti,3897
Law & Justice,https://ghcazlbench.nic.in,"Gauhati High Court, Aizawl Bench",3899
Law & Justice,https://www.ksmcc.org,Kerala State Mediation and Conciliation Centre (KSMCC),3900
Law & Justice,https://biharvidhanparishad.gov.in,Bihar Legislative Council,3901
Law & Justice,https://www.hckrecruitment.nic.in,High Court of Kerala Recruitment,3902
Law & Justice,https://sclsc.gov.in,Supreme Court Legal Services Committee,3903
Law & Justice,https://www.nuals.ac.in,"National University of Advanced Legal Studies (NUALS), Kerala",3904
Law & Justice,https://kat.karnataka.gov.in,Karnataka Appellate Tribunal,3907
Law & Justice,https://hcraj.nic.in,Rajasthan High Court,3908
Law & Justice,https://guidedtour.sci.nic.in,A tour of the Supreme Court of India,3910
Law & Justice,https://lokpalonline.gov.in,Lokpal Online-Digital Platform for Management of Complaints,3912
Law & Justice,https://ilrkerala.gov.in,Indian Law Reports Kerala Series,3913
Law & Justice,https://mpslsa.gov.in,Madhya Pradesh State Legal Services Authority (MPSLSA),3914
Law & Justice,https://tsja.gov.in,Telangana State Judicial Academy,3915
Law & Justice,https://lokayuktakerala.gov.in,"Lok Ayukta, Kerala",3916
Law & Justice,https://kolkatatrafficpolice.gov.in,"Kolkata Traffic Police, West Bengal",3918
Law & Justice,https://rajasthanjudicialacademy.nic.in,Rajasthan State Judicial Academy,3919
Law & Justice,https://patnahighcourt.gov.in/bslsa,Bihar State Legal Services Authority,3920
Law & Justice,https://cgslsa.gov.in,Chhattisgarh State Legal Services Authority,3921
Law & Justice,https://delhicourts.nic.in/dmc/index.htm,Delhi Mediation Centre,3922
Law & Justice,https://lokayukta.delhi.gov.in,Delhi Lokayukta,3923
Law & Justice,https://www.meity.gov.in/,Ministry of Electronics & Information Technology,3924
Law & Justice,https://legalservices.maharashtra.gov.in,Maharashtra State Legal Services Aurhority,3925
Law & Justice,https://www.tnlegalservices.tn.gov.in,Tamil Nadu State Legal Services Authority,3926
Law & Justice,https://www.calcuttahighcourt.gov.in,Calcutta High Court,3929
Law & Justice,https://aas.saralharyana.nic.in,"Auto Appeal System, Haryana",3931
Law & Justice,https://jiyoparsi.minorityaffairs.gov.in,Jiyo Parsi Scheme Portal,3932
Law & Justice,https://highcourtofkerala.nic.in,Kerala High Court,3933
Law & Justice,https://www.mhc.tn.gov.in,Recruitment Portal of Madras High Court,3934
Law & Justice,https://assamlokayukta.gov.in,"Lokayukta, Assam",3935
Law & Justice,https://www.nujs.edu,West Bengal National University of Juridical Sciences ( NUJS),3936
Law & Justice,https://judicialacademy.nic.in,Delhi State Judicial Academy (DJA),3937
Law & Justice,https://sarthac.gov.in,"Systemized Administration & Regulation of Tendering and Handling All Court Cases (SARTHAC), West Bengal",3938
Law & Justice,https://rlsa.gov.in,Rajasthan State Legal Services Authority,3939
Law & Justice,https://subhadra.odisha.gov.in,"SUBHADRA Yojana, Odisha",3940
Law & Justice,https://drt.gov.in,Debts Recovery Appellate Tribunal,3941
Law & Justice,https://jkla.neva.gov.in,"Legislative Council, Jammu and Kashmir",3943
Law & Justice,https://sikkimjudicialacademy.nic.in,Sikkim Judicial Academy,3944
Law & Justice,https://www.tnsja.tn.gov.in,Tamil Nadu State Judicial Academy,3945
Law & Justice,https://www.dhclsc.org,Delhi High Court Legal Services Committee,3946
Law & Justice,https://www.hnlu.ac.in,"Hidayatullah National Law University (HNLU), Raipur, Chhattisgarh",3947
Law & Justice,https://eow.mp.gov.in,"Economic Offences Wing, Madhya Pradesh",3948
Law & Justice,https://itat.gov.in,Income Tax Appellate Tribunal (ITAT),3950
Law & Justice,https://nludelhi.ac.in,"National Law Universities (NLU), Delhi",3952
Law & Justice,https://hcbombayatgoa.nic.in,Bombay High Court at Goa,3953
Law & Justice,https://apslsa.ap.nic.in,Andhra Pradesh State Legal Services Authority,3954
Law & Justice,https://patnahighcourt.gov.in,Patna High Court,3955
Law & Justice,https://thc.nic.in,Tripura High Court,3956
Law & Justice,https://main.sci.gov.in,Supreme Court of India,3957
Law & Justice,https://hpsja.nic.in,Himachal Pradesh State Judicial Academy,3958
Law & Justice,https://mpag.mp.gov.in,"Office of the Advocate General, Madhya Pradesh",3960
Law & Justice,https://vcourts.gov.in,Virtual Courts,3961
Law & Justice,https://swachhatahiseva.gov.in,Swachhata Hi Seva 2024,3962
Law & Justice,https://pay.ecourts.gov.in,E-Court Fee Payment,3963
Law & Justice,https://mphc.gov.in,Madhya Pradesh High Court,3964
Law & Justice,https://orissahighcourt.nic.in,Orissa High Court,3965
Law & Justice,https://courtcases.up.nic.in,"Court Case Information System, Lucknow",3966
Law & Justice,https://hslc.gov.in,"Haryana State Law Commission, Haryana",3967
Law & Justice,https://www.wbja.nic.in,West Bengal Judicial Academy,3968
Law & Justice,https://ccms.chd.gov.in,"Court Case Monitoring System, Chandigarh",3969
Law & Justice,https://ecis.bih.nic.in,"Executive Court Information System, Bihar",3970
Law & Justice,https://vidhi.jharkhand.gov.in,"Vidhi Portal, Law Department & Advocate General Office, Jharkhand",3972
Law & Justice,https://lokayukta.up.nic.in,"Lok Ayukta, Uttar Pradesh",3974
Law & Justice,https://ijtr.nic.in,"Judicial Training & Research Institute, Uttar Pradesh",3975
Law & Justice,https://ja.tap.nic.in,Judicial Academy for the States of Telangana and Andhra Pradesh,3976
Law & Justice,https://gujarathighcourt.nic.in/gslsa,Gujarat State Legal Services Authority,3977
Law & Justice,https://www.jkslsa.gov.in,Jammu and Kashmir State Legal Service Authority,3978
Law & Justice,https://meghalayahighcourt.nic.in,Meghalaya High Court,3979
Law & Justice,https://manipurja.nic.in,Manipur Judicial Academy,3980
Law & Justice,https://tradetaxtribunal.up.nic.in,"Trade Tax Tribunal Department, Government of Uttar Pradesh",3981
Law & Justice,https://metrology.mizoram.gov.in,"Legal Metrology, Mizoram",3982
Law & Justice,https://lokayuktajharkhand.nic.in,Lokayukta Jharkhand,3984
Law & Justice,https://spst.up.nic.in,"State Public Services Tribunal, Uttar Pradesh",3985
Law & Justice,https://highcourt.cg.gov.in,Chhattisgarh High Court,3986
Law & Justice,https://ujala.uk.gov.in,"Uttarakhand Judicial and Legal Academy, Uttarakhand",3987
Law & Justice,https://highcourtofuttarakhand.gov.in,Uttarakhand High Court,3988
Law & Justice,https://familycourts.mphc.gov.in,Family Courts of Madhya Pradesh,3989
Law & Justice,https://gujarathighcourt.nic.in,Gujarat High Court,3991
Law & Justice,https://ghcitanagar.gov.in,"Gauhati High Court, Itanagar Permanent Bench, Naharlagun",3992
Law & Justice,https://hpslsa.nic.in,Himachal Pradesh State Legal Services Authority,3993
Law & Justice,https://mslsa.gov.in,Meghalaya State Legal Services Authority,3994
Law & Justice,https://www.nliu.ac.in,"The National Law Institute University, Bhopal (NLIU), Madhya Pradesh",3996
Law & Justice,https://kslsa.kar.nic.in,Karnataka State Legal Services Authority,3998
Law & Justice,https://kohimahighcourt.gov.in,Gauhati High Court Kohima Bench,3999
Law & Justice,https://jkhighcourt.nic.in,Jammu and Kashmir High Court,4000
Law & Justice,https://ncsc.negd.in,Online Grievance Management Portal of National Commission for Scheduled Castes,4002
Law & Justice,https://highcourtchd.gov.in,Punjab and Haryana High Court,4003
Law & Justice,https://nalsa.gov.in,National Legal Services Authority (NALSA),4004
Law & Justice,https://tshc.gov.in,Telangana High Court,4005
Law & Justice,https://slsa.uk.gov.in,"Uttarakhand State Legal Services Authority (UKSLSA), Nainital",4006
Law & Justice,https://chdslsa.gov.in,"State Legal Services Authority, (UT) Chandigarh",4007
Law & Justice,https://ecourts.gov.in,"e-Courts Services, High Courts of India, District and Taluka Courts of India",4008
Law & Justice,https://www.allahabadhighcourt.in,Allahabad High Court,4009
Law & Justice,https://sevasamadhan.bihar.gov.in,Bihar Government Servant Grievance Redressal System,4010
Law & Justice,https://ghconline.gov.in,Gauhati High Court,4011
Law & Justice,https://dharani.telangana.gov.in,"Integrated Land Records Management System, Telangana",4012
Law & Justice,https://www.nja.gov.in,National Judicial Academy India,4013
Law & Justice,https://www.nluo.ac.in,"National Law University, Odisha (NLUO)",4014
Law & Justice,https://www.hcmadras.tn.nic.in,Madras High Court,4015
Law & Justice,https://rgnul.ac.in,"Rajiv Gandhi National University of Law (RGNUL), Punjab",4016
Law & Justice,https://odishavigilance.gov.in,"Vigilance Directorate, Odisha",4017
Law & Justice,https://lokayukta.kar.nic.in,"Karnataka Lokayukta, Karnataka",4018
Law & Justice,https://upslsa.up.nic.in,Uttar Pradesh State Legal Services Authority,4019
Law & Justice,https://suswagatam.sci.gov.in/public/Index.aspx,"SuSwagatam, Supreme Court of India",4020
Law & Justice,https://prisons.punjab.gov.in,"Punjab Prisons, Punjab",4023
Law & Justice,https://www.oslsa.in,Odisha State Legal Services Authority,4025
Law & Justice,https://dslsa.org,Delhi State Legal Services Authority,4026
Law & Justice,https://confonet.nic.in,Computerization and Computer Networking of Consumer Forums in Country (Confonet),4028
Law & Justice,https://sikkimslsa.nic.in,Sikkim State Legal Services Authority,4029
Law & Justice,https://elegalix.allahabadhighcourt.in,eLegalix - Allahabad High Court Judgment Information System,4032
Commerce & Industry,https://iihtkannur.ac.in,"Indian Institute of Handloom and Textile Technology - Kannur, Kerala",4033
Commerce & Industry,https://www.nsws.gov.in,National Single Window System for Business Approvals,4034
Commerce & Industry,https://indoresez.gov.in,"Indore Special Economic Zone, Madhya Pradesh",4035
Commerce & Industry,https://indbiz.gov.in,Economic Diplomacy Division,4037
Commerce & Industry,https://pipavavrailway.com,Pipavav Railway Corporation Limited,4038
Commerce & Industry,https://www.qcin.org,Quality Council of India,4039
Commerce & Industry,https://iopepc.org,Indian Oilseed and Produce Export Promotion Council (IOPEPC),4040
Commerce & Industry,https://msme.gov.in,"Ministry of Micro, Small & Medium Enterprises",4041
Commerce & Industry,https://wpo.indianrailways.gov.in,Workshop Projects Organisation (Patna),4042
Commerce & Industry,https://bpl.bhel.com,"Bharat Heavy Electricals Limited(BHEL), Bhopal",4043
Commerce & Industry,https://msmedinagpur.gov.in,"Development and Facilitation Office, Nagpur",4044
Commerce & Industry,https://www.ashtalakshmimahotsav.com,Ashtalakshmi Mahotsav,4045
Commerce & Industry,https://cotcorp.org.in,Cotton Corporation of India Limited (CCI),4046
Commerce & Industry,https://diamondinstitute.net,Indian Diamond Institute,4047
Commerce & Industry,https://www.cooptex.gov.in,"The Tamilnadu Handloom Weavers Co-operative Society Ltd. (Co-optex), Tamil Nadu",4048
Commerce & Industry,https://www.vizagsteel.com,Rashtriya Ispat Nigam Limited (RINL),4049
Commerce & Industry,https://technovuus.araiindia.com,TechNovuus ARAI,4050
Commerce & Industry,https://www.ocac.in,"Odisha Computer Application Centre (OCAC), Odisha",4051
Commerce & Industry,https://ciht.in,"Central Institute of Hand Tools, Jalandhar",4052
Commerce & Industry,https://dpemou.nic.in,"Department of Public Enterprises (DPE), MOU Division",4053
Commerce & Industry,https://nifft.ac.in,"National Institute of Foundry and Forge Technology (NIFFT), Hatia",4054
Commerce & Industry,https://dcmsme.gov.in,Development Commissioner,4055
Commerce & Industry,https://www.iepf.gov.in,Investor Education and Protection Fund Authority (IEPFA),4056
Commerce & Industry,https://vtpc.karnataka.gov.in,"Visvesvaraya Trade Promotion Centre, Karnataka",4057
Commerce & Industry,https://www.shefexil.org,"Shellac and Forest Products Export Promotion Council (SHEFEXIL), Kolkata",4058
Commerce & Industry,https://www.iepfportal.in,Investor Education And Protection Fund Authority,4059
Commerce & Industry,https://jhs.bhel.com,"Bharat Heavy Electricals Limited, Jhansi",4060
Commerce & Industry,https://idemi.org,"Institute for Design of Electrical Measuring Instruments, Mumbai",4061
Commerce & Industry,https://seepz.gov.in,"Santa Cruz Special Economic Zone (SEEPZ), Mumbai",4062
Commerce & Industry,https://www.hindpaper.in,Hindustan Paper Corporation Ltd.,4065
Commerce & Industry,https://www.tnpl.com,"Tamilnadu News Print And Papers Ltd. (TNPL), Tamil Nadu",4066
Commerce & Industry,https://www.investindia.gov.in,Invest India,4067
Commerce & Industry,https://kioclltd.in,Kudremukh Iron Ore Company Limited (KIOCL),4068
Commerce & Industry,https://industriescom.assam.gov.in,"Commissionerate of Industries & Commerce, Assam",4069
Commerce & Industry,https://www.dgtr.gov.in,Directorate General Of Trade Remedies,4070
Commerce & Industry,https://www.kvic.gov.in,Khadi and Village Indutries Commission (KVIC),4071
Commerce & Industry,https://subhadra.odisha.gov.in,"SUBHADRA Yojana, Odisha",4072
Commerce & Industry,https://leatherindia.org,Council for Leather Exports (CLE),4073
Commerce & Industry,https://travancoretitanium.com,"Travancore Titanium Products Limited, Kerala",4074
Commerce & Industry,https://msmedi-guwahati.gov.in,"Development and Facilitation Office, Guwahati",4075
Commerce & Industry,https://hwr.bhel.com,"Bharat Heavy Electricals Limited (BHEL), Haridwar",4077
Commerce & Industry,https://investmeghalaya.gov.in,"Invest in Meghalaya, Government of Meghalaya",4078
Commerce & Industry,https://uttarakhandcrafts.com,"Uttarakhand Handloom & Handicraft Development Council, Uttarakhand",4079
Commerce & Industry,https://www.fieo.org,Federation of Indian Export Organisation,4080
Commerce & Industry,https://dgciskol.gov.in,Directorate General of Commercial Intelligence and Statistics,4082
Commerce & Industry,https://www.aepcindia.com/node,Apparel Export Promotion Council,4083
Commerce & Industry,https://www.mines.ap.gov.in,"Department of Mines and Geology, Andhra Pradesh",4084
Commerce & Industry,https://www.hpgic.co.in,"Himachal Pradesh General Industries Corporation Ltd. (HPGIC), Himachal Pradesh",4085
Commerce & Industry,https://www.mca.gov.in/MinistryV2/registrarofcompanies.html,Registrar of Companies (ROC),4086
Commerce & Industry,https://www.bhelpswr.co.in,"Bharat Heavy Electricals Limited (BHEL), Power Sector Western Region, Nagpur",4088
Commerce & Industry,https://csr.odisha.gov.in,"GO CARE - CSR Administration and Responsive Engagement, Odisha",4089
Commerce & Industry,https://www.indiatradefair.com,India Trade Promotion Organisation (ITPO),4090
Commerce & Industry,https://industrieskashmir.nic.in,"Directorate of Industries and Commerce, Kashmir, Jammu and Kashmir",4091
Commerce & Industry,https://mpeda.gov.in,Marine Products Export Development Authority (MPEDA),4092
Commerce & Industry,https://zjdgft.tn.nic.in,"Office of the Zonal Additional DGFT, Chennai",4093
Commerce & Industry,https://dpsup.up.gov.in,"Directorate of Printing and Stationery, Uttar Pradesh",4094
Commerce & Industry,https://www.bpcnaini.co.in,"Bharat Pumps and Compressors Limited, Allahabad",4095
Commerce & Industry,https://www.igtr-indore.com,"Indo German Tool Room, Indore",4096
Commerce & Industry,https://www.projectexports.com,Project Exports Promotion Council of India (PEPC),4097
Commerce & Industry,https://eaindustry.nic.in,Office of the Economic Adviser,4098
Commerce & Industry,https://swcs.rajasthan.gov.in,"Single Window Clearance System (Industries), Rajasthan",4099
Commerce & Industry,https://gaic.gujarat.gov.in,"Gujarat Agro Industries Corporation, Gujarat",4100
Commerce & Industry,https://cluster.dcmsme.gov.in,Cluster Development Programme,4102
Commerce & Industry,https://ifbgoa.goa.gov.in,"Inspectorate of Factories & Boilers, Goa",4103
Commerce & Industry,https://indian.handicrafts.gov.in,Indian Handicrafts Portal,4104
Commerce & Industry,https://www.mstcindia.co.in,"Metal Scrap Trade Corporation Limited (MSTC), New Delhi",4105
Commerce & Industry,https://wbboilers.gov.in,"Directorate of Boilers, West Bengal",4106
Commerce & Industry,https://naavapi.gov.in,"Notified Area Authority, Vapi, Gujarat",4107
Commerce & Industry,https://www.mudra.org.in,Micro Units Development and Refinance Agency (MUDRA),4108
Commerce & Industry,https://samanvay.cpse.in,Samanvay - Knowledge Management Portal for CPSEs,4110
Commerce & Industry,https://tidco.com,"TamilNadu Industrial Development Corporation Ltd., Tamil Nadu",4111
Commerce & Industry,https://olkarnataka.kar.nic.in,Office of Offical Liquidator,4112
Commerce & Industry,https://wbindustries.gov.in,"Industry, Commerce & Enterprises Department, West Bengal",4114
Commerce & Industry,https://www.nimsme.gov.in,"National Institute for Micro, Small and Medium Enterprises",4115
Commerce & Industry,https://www.cftichennai.in,"Central Footwear Training Institute, Chennai",4116
Commerce & Industry,https://textilescommittee.nic.in,Textiles Committee,4117
Commerce & Industry,https://www.igtrahd.com,"Indo German Tool Room (IGTR), Ahmedabad",4118
Commerce & Industry,https://www.bpnsi.org,Biju Patnaik National Steel Institute,4119
Commerce & Industry,https://icf.indianrailways.gov.in,"Integral Coach Factory, Chennai",4120
Commerce & Industry,https://gem.gov.in,Government e-Marketplace (GeM),4121
Commerce & Industry,https://www.epces.in,Export Promotion Council for EOUs and SEZs (EPCES),4122
Commerce & Industry,https://msmetcmumbai.gov.in,"Testing Centre, Mumbai",4123
Commerce & Industry,https://desagri.gov.in,Directorate of Economics and Statistics (DES),4124
Commerce & Industry,https://jpcindiansteel.nic.in,Joint Plant Committee (JPC),4125
Commerce & Industry,https://www.pdlindia.in,"Puducherry Distilleries Limited (PDL), Puducherry",4126
Commerce & Industry,https://www.technotexindia.in,Technotex 2023,4127
Commerce & Industry,https://cetl.tn.gov.in,"Central Electrical Testing Laboratory (CETL), Kakkalur, Tamil Nadu",4128
Commerce & Industry,https://upminemitra.in,"Online Mining Services, Uttar Pradesh",4129
Commerce & Industry,https://www.mpctab.mp.gov.in,"Madhya Pradesh Commercial Tax Appellate Board, Madhya Pradesh",4131
Commerce & Industry,https://udyamregistration.gov.in,Udyam Parichay online Portal,4132
Commerce & Industry,https://emanec.cg.gov.in,"e-ManeC – e-Marketing Network, Chhattisgarh",4133
Commerce & Industry,https://www.ksidc.org,"Kerala State Industrial Development Corporation Ltd., Kerala",4134
Commerce & Industry,https://my.msme.gov.in,My MSME-Ease of Doing Business,4135
Commerce & Industry,https://ibbi.gov.in,Insolvency and Bankruptcy Board of India (IBBI),4136
Commerce & Industry,https://fsnl.nic.in,"Ferro Scrap Nigam Limited (FSNL), Chhattigarh",4137
Commerce & Industry,https://tngclonline.com,"Tripura Natural Gas Company Ltd. (TNGCL), Tripura",4138
Commerce & Industry,https://www.keralasidco.com,"Kerala Small Industries Development Corporation Ltd. (SIDCO), Kerala",4139
Commerce & Industry,https://birdsjute.in,Birds Jute and Exports Limited,4140
Commerce & Industry,https://tsfactories.cgg.gov.in,"Factories Department, Telangana",4141
Commerce & Industry,https://www.cgtmse.in,"Credit Guarantee Fund Trust for Micro and Small Enterprise (CGTMSE), Mumbai",4143
Commerce & Industry,https://emerginghimachal.hp.gov.in,"Single Window Clearance System, Himachal Pradesh",4144
Commerce & Industry,https://jiyoparsi.minorityaffairs.gov.in,Jiyo Parsi Scheme Portal,4145
Commerce & Industry,https://geominjk.nic.in,"Geology and Mining Department, Jammu and Kashmir",4146
Commerce & Industry,https://rubberboard.gov.in,Rubber Board,4147
Commerce & Industry,https://nmet.gov.in,National Mineral Exploration Trust (NMET),4148
Commerce & Industry,https://www.vastrashilpakosh.in,Bhartiya Vastra evam Shilpa Kosh,4149
Commerce & Industry,https://cipam.gov.in,Cell for IPR Promotion and Management (CIPAM),4150
Commerce & Industry,https://mplun.mpmsme.gov.in,"Madhya Pradesh Laghu Udyog Nigam, Madhya Pradesh",4151
Commerce & Industry,https://girg.gov.in,"Global Indices for Reforms & Growth (GIRG), NITI Aayog",4152
Commerce & Industry,https://investodisha.gov.in,Invest in Odisha,4153
Commerce & Industry,https://nbccindia.in,National Buildings Construction Corporation Limited (NBCC),4154
Commerce & Industry,https://swachhatahiseva.gov.in,Swachhata Hi Seva 2024,4155
Commerce & Industry,https://www.eepcindia.org,EEPC India,4156
Commerce & Industry,https://nclat.gov.in,National Company Law Appellate Tribunal (NCLAT),4157
Commerce & Industry,https://digiready.qcin.org,DigiReady Certification Portal,4159
Commerce & Industry,https://cottage.gujarat.gov.in,"Commissioner of Cottage & Rural Industries, Gujarat",4160
Commerce & Industry,https://dsndharyana.gov.in,"Directorate of Supplies and Disposals, Haryana",4161
Commerce & Industry,https://www.jutecorp.in,Jute Corporation of India Limited (JCI),4162
Commerce & Industry,https://niryat.gov.in,NIRYAT - National Import-Export Record for Yearly Analysis of Trade,4163
Commerce & Industry,https://www.sail.co.in,Steel Authority of India Limited (SAIL),4164
Commerce & Industry,https://mahadgm.gov.in,"Director General, Geology and Mining, Nagpur, Maharashtra",4165
Commerce & Industry,https://depmodisha.nic.in,"Directorate of Export Promotion & Marketing, Odisha",4166
Commerce & Industry,https://www.reiljp.com,Rajasthan Electronics and Instruments Ltd.,4167
Commerce & Industry,https://crijaf.icar.gov.in,Central Research Institute for Jute and Allied Fibres (CRIJAF),4168
Commerce & Industry,https://msmedipatna.gov.in,"Development and Facilitation Office, Patna",4170
Commerce & Industry,https://dirtexmah.gov.in,"Directorate of Textiles, Maharashtra",4171
Commerce & Industry,https://trichy.bhel.com,Bharat Heavy Electricals Limited (BHEL),4172
Commerce & Industry,https://www.nid.edu,National Institute of Design (NID),4174
Commerce & Industry,https://www.cciltd.in,Cement Corporation of India Limited (CCI),4175
Commerce & Industry,https://excise.sikkim.gov.in/Portal_New_Default.aspx,"Excise Department, Sikkim",4176
Commerce & Industry,https://www.doiuk.org,"Directorate of industries, Uttarakhand",4177
Commerce & Industry,https://www.nid.ac.in,"National Institute of Design, Andhra Pradesh",4178
Commerce & Industry,https://handlooms.nic.in,"Handloom Development Schemes, Development Commissioner for Handlooms",4179
Commerce & Industry,https://www.araiindia.com,Automotive Research Association of India (ARAI),4180
Commerce & Industry,https://www.portal.dmg.kerala.gov.in,"Mining and Permit Department, Kerala",4181
Commerce & Industry,https://www.handloom.kerala.gov.in,"Directorate of Handlooms and Textiles, Kerala",4182
Commerce & Industry,https://www.servicesepc.org,"Services Export Promotion Council, Gurgaon",4183
Commerce & Industry,https://www.iiccnewdelhi.com,"India International Convention and Expo Centre (IICC), New Delhi",4184
Commerce & Industry,https://www.hecltd.com,Heavy Engineering Corporation Limited (HEC),4185
Commerce & Industry,https://awards.steel.gov.in,National Metallurgist Award Scheme,4186
Commerce & Industry,https://www.chennaitradecentre.org,"Tamilnadu Trade Promotion Organization (TNTPO), Tamil Nadu",4187
Commerce & Industry,https://www.ced.gujarat.gov.in,"The Centre for Entrepreneurship Development, Gujarat",4189
Commerce & Industry,https://udyamassist.gov.in,Udyam Assist Platform,4190
Commerce & Industry,https://apeda.gov.in,Agricultural and Processed Food Products Export Development Authority,4192
Commerce & Industry,https://www.msmedithrissur.gov.in,"Development and Facilitation Office, Thrissur",4193
Commerce & Industry,https://www.msmedildh.gov.in,"Development and Facilitation Office, Ludhiana",4194
Commerce & Industry,https://www.gidb.org,"Gujarat Infrastructure Development Board (GIDB), Gujarat",4195
Commerce & Industry,https://gidagkp.in,"Gorakhpur Industrial Development Authority (GIDA), Uttar Pradesh",4196
Commerce & Industry,https://www.asdc.org.in,Automotive Skills Development Council (ASDC),4197
Commerce & Industry,https://statenirmithi.kerala.gov.in,"Kerala State Nirmithi Kendra (KESNIK), Kerala",4198
Commerce & Industry,https://epi.gov.in,Engineering Projects (India) Ltd.,4199
Commerce & Industry,https://apicol.nic.in,"The Agricultural Promotion and Investment Corporation of Odisha Limited (APICOL), Odisha",4200
Commerce & Industry,https://www.fame-india.gov.in,FAME-India,4201
Commerce & Industry,https://golkondacrafts.telangana.gov.in,"Golkonda Handicrafts by Telangana State Handicrafts Development Corporation Ltd., Andhra Pradesh",4202
Commerce & Industry,https://www.nidh.ac.in,"National Institute of Design, Haryana",4203
Commerce & Industry,https://kasez.gov.in,Kandla Special Economic Zone (KSEZ),4204
Commerce & Industry,https://www.igtr-aur.org,"Indo German Tool Room, Aurangabad",4206
Commerce & Industry,https://dic.py.gov.in,"District Industries Centre (DIC), Puducherry",4207
Commerce & Industry,https://www.bbjconst.com,Braithwaite Burn and Jessop Construction Company Limited,4208
Commerce & Industry,https://maha-cmegp.gov.in,"Chief Minister Employment Generation Programme, Maharashtra",4209
Commerce & Industry,https://rtcer.gov.in,"Testing Centre, Kolkata",4210
Commerce & Industry,https://tea.assam.gov.in,"Directorate of Tea, Assam",4211
Commerce & Industry,https://handlooms.gov.in,Office of Development Commissioner for Handlooms,4213
Commerce & Industry,https://msmedi-agartala.nic.in,"Development and Facilitation Office, Agartala",4214
Commerce & Industry,https://maitri.mahaonline.gov.in,"Maharashtra Industry, Trade and Investment Facilitation Cell, Maharashtra",4215
Commerce & Industry,https://epbupindia.in,"Export Promotion Bureau, Uttar Pradesh",4216
Commerce & Industry,https://jknis.dpiit.gov.in,"New Central Sector Scheme for Industrial Development, Jammu and Kashmir",4217
Commerce & Industry,https://www.braithwaiteindia.com,Braithwaite and Co Limited,4218
Commerce & Industry,https://cgstranchizone.bih.nic.in,Chief Commissioner CGST and CE Ranchi Zone Patna,4219
Commerce & Industry,https://plw.indianrailways.gov.in,Patiala Locomotive Works,4220
Commerce & Industry,https://indiainvestmentgrid.gov.in,India Investment Grid,4221
Commerce & Industry,https://www.sfio.nic.in,Serious Fraud Investigation Office (SFIO),4222
Commerce & Industry,https://www.nimsme.org,"National Institute for Micro, Small and Medium Enterprises",4224
Commerce & Industry,https://fifp.gov.in,Foreign Investment Facilitation Portal (FIFP),4225
Commerce & Industry,https://trace-textiles.gov.in,Jute Mark India Scheme,4226
Commerce & Industry,https://pli.texmin.gov.in/mainapp/Default,Production Linked Incentive,4227
Commerce & Industry,https://jutecomm.gov.in,Office of the Jute Commissioner,4228
Commerce & Industry,https://jkgras.jktreasury.gov.in,"Government Receipt Accounting System, Jammu and Kashmir",4229
Commerce & Industry,https://www.iift.ac.in,Indian Institute of Foreign Trade (IIFT),4230
Commerce & Industry,https://moil.nic.in,Manganese Ore (India) Limited (MOIL),4231
Commerce & Industry,https://handicrafts.nic.in,Office of Development Commissioner for Handicrafts,4232
Commerce & Industry,https://irmra.org,"Indian Rubber Manufactures Research Association (IRMRA), Thane",4233
Commerce & Industry,https://www.msmeindore.nic.in,"Development and Facilitation Office, Indore",4234
Commerce & Industry,https://startupodisha.gov.in,"Startup Odisha Portal, Odisha",4235
Commerce & Industry,https://industrialwaterod.nic.in,"Industrial water Consumption & Revenue Collection Monitoring, Odisha",4236
Commerce & Industry,https://jkedi.org,"Jammu and Kashmir Entrepreneurship Development Institute, Jammu and Kashmir",4239
Commerce & Industry,https://www.nepamills.co.in,NEPA Limited,4240
Commerce & Industry,https://csrxchange.gov.in,National CSR Exchange Portal,4241
Commerce & Industry,https://www.makeinindia.com,Make in India-A National Program designed to transform India into a global manufacturing hub,4242
Commerce & Industry,https://lmoms.kerala.gov.in,"Legal Metrology Online Management System Portal, Kerala",4243
Commerce & Industry,https://www.nsic.co.in,National Small Industries Corporation Limited (NSIC),4244
Commerce & Industry,https://silks.csb.gov.in,Sericulture Information Linkages and Knowledge System (SILKS),4245
Commerce & Industry,https://www.reshamshilpi.in,"Paschim Banga Resham Shilpi Samabaya Mahasangha Ltd., West Bengal",4246
Commerce & Industry,https://www.ncaer.org,"National Council of Applied Economic Research (NCAER), New Delhi",4247
Commerce & Industry,https://garvigurjari.gujarat.gov.in,"Gujarat State Handloom & Handicrafts Development Corporation Ltd., Gujarat",4248
Commerce & Industry,https://sanrachna.bhel.in/home,"SanRachna, a digitally enabled platform",4249
Commerce & Industry,https://www.gst.gov.in,Goods and Services Tax (GST),4250
Commerce & Industry,https://www.tracocable.com,"Traco Cable Company Limited, Kerala",4252
Commerce & Industry,https://engineersindia.com,Engineers India Limited (EIL),4253
Commerce & Industry,https://www.bridgeroof.co.in,Bridge and Roof Company (India) Limited,4254
Commerce & Industry,https://www.cgsc.in,Capital Goods Skill Council (CGSC),4255
Commerce & Industry,https://msme-tc-nr.gov.in,"Testing Centre, Okhla",4256
Commerce & Industry,https://www.jute.com,National Jute Board,4257
Commerce & Industry,https://www.indiahandmade.com,IndiaHandmade,4259
Commerce & Industry,https://www.btsso.org,"Basic Tasar Silkworm Seed Organisation (BTSSO), Bilaspur",4260
Commerce & Industry,https://www.indiansalt.com,Hindustan Salts Limited,4261
Commerce & Industry,https://dmm.gov.in,"Directorate of Mines and Minerals, West Bengal",4262
Commerce & Industry,https://www.gmrds.gujarat.gov.in,Gujarat Mineral Research Development Society (GMRDS),4263
Commerce & Industry,https://samadhaan.msme.gov.in,SAMADHAAN,4264
Commerce & Industry,https://tobaccoboard.com,Tobacco Board,4265
Commerce & Industry,https://dpiit.gov.in,Department for Promotion of Industry and Internal Trade,4266
Commerce & Industry,https://exporthubs.gov.in,Export Hubs,4267
Commerce & Industry,https://kite.iitm.ac.in,Knowledge Integration for Technology Enrichment,4268
Commerce & Industry,https://dbtinputodisha.nic.in,"DBT Input Odisha (Need Based), Odisha",4269
Commerce & Industry,https://www.ncbindia.com,National Council for Cement and Building Materials (NCCBM),4270
Commerce & Industry,https://cblms.gov.in,Customs Brokers Licensing and Management System,4271
Commerce & Industry,https://ilkota.in,"Instrumentation Limited, Jaipur",4272
Commerce & Industry,https://www.svpistm.ac.in,"Sardar Vallabhbhai Patel International School of Textiles and Management, Coimbatore",4273
Commerce & Industry,https://ipindia.gov.in,"Controller General of Patents, Designs and Trade Marks",4276
Commerce & Industry,https://www.npcindia.gov.in,National Productivity Council (NPC),4277
Commerce & Industry,https://zidco.mizoram.gov.in,"Zoram Infrastructure and Industrial Development Corporation Limited (ZIDCO), Mizoram",4278
Commerce & Industry,https://tc.dcmsme.gov.in,MSME - Testing Centre,4279
Commerce & Industry,https://www.eicindia.gov.in/WebApp1,Export Inspection Council (EIC),4280
Commerce & Industry,https://msmediagra.gov.in,"Development and Facilitation Office, Agra",4282
Commerce & Industry,https://www.nhdc.org.in,National Handloom Development Corporation Limited (NHDC),4283
Commerce & Industry,https://csez.com,Cochin Special Economic Zone (CSEZ),4284
Commerce & Industry,https://dgpm.gov.in,Directorate General of Performance Management,4285
Commerce & Industry,https://www.trade.gov.in,Trade Connect Portal,4286
Commerce & Industry,https://njmc.org.in,National Jute Manufactures Corporation Limited (NJMC),4287
Commerce & Industry,https://nclt.gov.in,National Company Law Tribunal (NCLT),4288
Commerce & Industry,https://patna.idtr.gov.in,"Tool Room Training Center (Extension Center), Patna",4289
Commerce & Industry,https://nidj.ac.in,"National Institute of Design, Assam",4290
Commerce & Industry,https://www.sursez.com,"Surat Special Economic Zone, Gujarat",4291
Commerce & Industry,https://www.msmedijaipur.gov.in,"Development and Facilitation Office, Jaipur",4292
Commerce & Industry,https://fsez.gov.in,Falta Special Economic Zone (FSEZ),4293
Commerce & Industry,https://cmti.res.in,Central Manufacturing Technology Institute (CMTI),4295
Commerce & Industry,https://goalmart.co.in,"GoalMart – e-Commerce Portal, Assam",4296
Commerce & Industry,https://www.nic.in/,National Informatics Centre,4297
Commerce & Industry,https://www.hhecworld.com,Handicrafts and Handlooms Export Corporation Limited,4298
Commerce & Industry,https://cppri.res.in,"Central Pulp and Paper Research Institute (CPPRI), Saharanpur",4299
Commerce & Industry,https://www.hmti.com,HMT (International) Limited,4300
Commerce & Industry,https://www.texprocil.org,Cotton Textiles Export Promotion Council,4302
Commerce & Industry,https://msme.up.gov.in,"Directorate of Industries and Enterprise Promotion, Uttar Pradesh",4303
Commerce & Industry,https://www.idtr.gov.in,"Tool Room (Indo-Danish Tool Room), Jamshedpur",4304
Commerce & Industry,https://samarth-textiles.gov.in,Scheme for Capacity Building In Textile Sector (Samarth),4305
Commerce & Industry,https://ifp.gujarat.gov.in,"Investor Facilitation Portal (IFP), Gujarat",4306
Commerce & Industry,https://www.nisst.org,National Institute of Secondary Steel Technology (NISST),4308
Commerce & Industry,https://www.hmtindia.com,HMT Limited,4309
Commerce & Industry,https://pser.bhel.com,Bharat Heavy Electricals Limited (BHEL) - Power Sector Eastern Region (PSER),4310
Commerce & Industry,https://www.ecgcltd.in,Export Credit Guarantee Corporation of India Limited (ECGC),4311
Commerce & Industry,https://sahakarayukta.maharashtra.gov.in,"Commissioner for Cooperation and Registrar, Cooperative Societies (CC and RCS), Pune, Maharashtra",4312
Commerce & Industry,https://csb.gov.in,Central Silk Board,4313
Commerce & Industry,https://www.dgft.gov.in,Directorate General of Foreign Trade (DGFT),4314
Commerce & Industry,https://ic.gujarat.gov.in,"Industries Commissionerate, Gujarat",4315
Commerce & Industry,https://scopeonline.in,Standing Conference of Public Enterprises (SCOPE),4316
Commerce & Industry,https://www.dhtc.goa.gov.in,"Handicrafts, Textile and Coir Department, Goa",4318
Commerce & Industry,https://wbmsme.gov.in,"Directorate of Micro, Small & Medium Enterprises, West Bengal",4320
Commerce & Industry,https://www.cttc.gov.in,"Central Tool Room and Training Centre (MSME Tool Room), Bhubaneswar",4321
Commerce & Industry,https://saltcomindia.gov.in,Office of the Salt Commissioner,4322
Commerce & Industry,https://dgmr.mizoram.gov.in,"Directorate Of Geology & Mining, Mizoram",4323
Commerce & Industry,https://www.iifclprojects.in,"IIFCL Project Limited (IPL), India Infrastructure Finance Company Limited (IIFCL), New Delhi",4324
Commerce & Industry,https://www.citdindia.org,"Central Institute of Tool Design (CITD), Hyderabad",4326
Commerce & Industry,https://stclimited.co.in,State Trading Corporation of India Limited (STCI),4327
Commerce & Industry,https://ladakh.nic.in/excise-department,"Excise Department, Ladakh",4328
Commerce & Industry,https://indextb.com,"iNDEXTb - Industrial Extension Bureau, Virtual Exhibition Portal, Gandhinagar, Gujarat",4329
Commerce & Industry,https://craftofgujarat.gujarat.gov.in,"Industrial Extension Cottage, Gujarat",4330
Commerce & Industry,https://industries.cg.gov.in,"Commerce & Industries Department, Chhattisgarh",4331
Commerce & Industry,https://udyogaadhaar.gov.in,Udyog Aadhaar,4332
Commerce & Industry,https://itibicholim.goa.gov.in,"Bicholim Government Industrial Training Institute, Goa",4333
Commerce & Industry,https://mahatextile.maharashtra.gov.in/en,"Department of Textiles, Maharashtra",4334
Commerce & Industry,https://seedfund.startupindia.gov.in,Startup India Seed Fund Scheme,4336
Commerce & Industry,https://www.mepz.gov.in,Madras Special Economic Zone (MEPZ),4337
Commerce & Industry,https://ofbeproc.gov.in,"eProcurement System, Indian Ordnance Factories",4338
Commerce & Industry,https://www.meity.gov.in/,Ministry of Electronics & Information Technology,4339
Commerce & Industry,https://industries.ladakh.gov.in,"Industries & Commerce Department, Ladakh",4341
Commerce & Industry,https://nttm.texmin.gov.in,National Technical Textile Mission,4342
Commerce & Industry,https://hsclindia.in,Hindustan Steel Works Construction Limited (HSCL),4343
Commerce & Industry,https://wwepcindia.com,Wool and Woollens Export Promotion Council (WWEPC),4345
Commerce & Industry,https://coirservices.gov.in,Coir Board Services,4346
Commerce & Industry,https://www.kitco.in,"Kerala Industrial and Technical Consultancy Organisation (KITCO), Kerala",4347
Commerce & Industry,https://gpcbxgn.gujarat.gov.in,"eXtended Green Node, Gujarat Pollution Control Board, Gujarat",4348
Commerce & Industry,https://silpasathi.wb.gov.in,"Silpasathi - The ​Revamped State Single Window Portal, West Bengal",4349
Commerce & Industry,https://www.cottageemporium.in,Central Cottage Industries Corporation of India Limited,4350
Commerce & Industry,https://woolboard.nic.in,Central Wool Development Board,4351
Commerce & Industry,https://nfra.gov.in,National Financial Reporting Authority (NFRA),4352
Commerce & Industry,https://dgmap.gov.in,"Directorate General of Married Accommodation Project (DG MAP), Delhi",4353
Commerce & Industry,https://www.westbengalhandloom.org,"Directorate of Textiles (Handlooms, Spinning Mills, Silk Weaving & Handloom Based Handicrafts Division), West Bengal",4354
Commerce & Industry,https://peso.gov.in,Petroleum and Explosives Safety Organisation (PESO),4355
Commerce & Industry,https://www.hmtmachinetools.com,HMT Machine Tools Ltd.,4356
Commerce & Industry,https://edn.bhel.com,"Bharat Heavy Electricals Limited (BHEL), Electronics Division, Bangalore",4357
Commerce & Industry,https://dharani.telangana.gov.in,"Integrated Land Records Management System, Telangana",4358
Commerce & Industry,https://www.fabkerala.gov.in,"Directorates of Factories and Boilers, Kerala",4359
Commerce & Industry,https://www.msmetoolroomkolkata.com,"Central Tool Room and Training Center, Kolkata",4360
Commerce & Industry,https://jamabandi.nic.in,"Jamabandi, Land Records, Haryana",4361
Commerce & Industry,https://dkvib.delhi.gov.in,Delhi Khadi and Village Industries Board,4362
Commerce & Industry,https://iica.nic.in,Indian Institute of Corporate Affairs,4363
Commerce & Industry,https://ctd.tn.gov.in,"Registration and Stamps, Commercial Taxes Department, Madhya Pradesh",4364
Commerce & Industry,https://scclmines.com,Singareni Collieries Company Limited (SCCL),4365
Commerce & Industry,https://eyachikadelhicustoms.gov.in,e-Yachika Portal,4366
Commerce & Industry,https://www.nicdc.in,"National Industrial Corridor Development Corporation (NICDC), New Delhi",4367
Commerce & Industry,https://nsez.gov.in,Noida Special Economic Zone (NSEZ),4368
Commerce & Industry,https://msmedimumbai.gov.in,"Development and Facilitation Office, Mumbai",4370
Commerce & Industry,https://www.teaboard.gov.in,"Tea Board of India, Kolkata",4371
Commerce & Industry,https://ccaind.nic.in,Office of Chief Controller of Accounts,4372
Commerce & Industry,https://odishamsme.nic.in,"e-MSME Seva, Odisha",4373
Commerce & Industry,https://csr.gov.in,National Corporate Social Responsibility Data Portal (CSR),4374
"Science, Technology & Research",https://www.nic.in/,National Informatics Centre,4375
"Science, Technology & Research",https://sih.gov.in,Smart India Hackathon,4376
"Science, Technology & Research",https://www.sameer.gov.in,Society for Applied Microwave Electronic Engineering and Research (SAMEER),4377
"Science, Technology & Research",https://www.vssc.gov.in,"Vikram Sarabhai Space Centre (VSSC), Thiruvananthapuram",4378
"Science, Technology & Research",https://www.uau.ac.in,"Uttarakhand Ayurved University, Uttarakhand",4379
"Science, Technology & Research",https://www.csirhrdg.res.in,Human Resource Development Group (HRDG),4380
"Science, Technology & Research",https://iigm.res.in,Indian Institute of Geomagnetism,4381
"Science, Technology & Research",https://www.inae.in,"Indian National Academy of Engineering, Delhi",4382
"Science, Technology & Research",https://www.nmlindia.org,"National Metallurgical Laboratory, Jamshedpur",4384
"Science, Technology & Research",https://nrco.icar.gov.in,National Research Centre for Orchids (NRCO),4385
"Science, Technology & Research",https://btm.gujarat.gov.in,"Gujarat State Biotechnology Mission (GSBTM), Gujarat",4386
"Science, Technology & Research",https://www.forensic.tn.gov.in,"Forensic Sciences Department, Tamil Nadu",4388
"Science, Technology & Research",https://dstbt.bangla.gov.in,"Science and Technology and Biotechnology Department, West Bengal",4389
"Science, Technology & Research",https://www.csircmc.res.in,Council of Scientific and Industrial Research Madras Complex,4390
"Science, Technology & Research",https://www.clri.org,Central Leather Research Institute (CLRI),4391
"Science, Technology & Research",https://www.vajra-india.in,Visiting Advanced Joint Research Faculty Scheme,4392
"Science, Technology & Research",https://iimr.icar.gov.in,Directorate of Maize Research (DMR),4393
"Science, Technology & Research",https://iitr.res.in,"Indian Institute of Toxicology Research (IITR), Lucknow",4394
"Science, Technology & Research",https://www.nrsc.gov.in,National Remote Sensing Centre (NRSC),4395
"Science, Technology & Research",https://www.nccr.gov.in,National Centre for Coastal Research,4396
"Science, Technology & Research",https://www.nccs.res.in,National Centre for Cell Sciences,4397
"Science, Technology & Research",https://bioinformaticssikkim.gov.in,"Sikkim State Council of Science and Technology, Sikkim",4398
"Science, Technology & Research",https://accr.ayush.gov.in,Ayush Clinical Case Repository,4399
"Science, Technology & Research",https://www.nsilindia.co.in,New Space India Limited,4401
"Science, Technology & Research",https://tscost.telangana.gov.in,"Telangana State Council of Science & Technology (TSCOST), Telangana",4402
"Science, Technology & Research",https://ivri.nic.in,Indian Veterinary Research Institute (IVRI),4403
"Science, Technology & Research",https://www.idrbt.ac.in,"Institute for Development and Research in Banking Technology (IDRBT), Andhra Pradesh",4404
"Science, Technology & Research",https://cftri.res.in,Central Food Technological Research Institute (CFTRI),4405
"Science, Technology & Research",https://cicr.org.in,"Central Institute for Cotton Research (CICR), Nagpur",4406
"Science, Technology & Research",https://www.iip.res.in/en,Indian Institute of Petroleum (IIP),4407
"Science, Technology & Research",https://ccari.res.in,"Central Coastal Agricultural Research Institute, GOA",4408
"Science, Technology & Research",https://www.hsfc.gov.in,Human Space Flight Centre,4409
"Science, Technology & Research",https://www.nfc.gov.in,Nuclear Fuel Complex,4410
"Science, Technology & Research",https://www.ilbs.in,"Institute of Liver and Biliary Sciences, Delhi",4411
"Science, Technology & Research",https://www.nbrc.ac.in,National Brain Research Centre,4412
"Science, Technology & Research",https://iasst.gov.in,Institute of Advanced Study in Science and Technology (IASST),4413
"Science, Technology & Research",https://icarzcu3.gov.in,"ICAR-Agricultural Technology Application Research Institute, Umiam",4414
"Science, Technology & Research",https://www.iopb.res.in,"Institute of Physics (IOP), Bhubaneswar",4415
"Science, Technology & Research",https://icadr.ap.gov.in,International Centre for Alternative Dispute Resolution,4416
"Science, Technology & Research",https://nabl-india.org,National Accreditation Board for Testing and Calibration Laboratories (NABL),4418
"Science, Technology & Research",https://nif.org.in,National Innovation Foundation (NIF),4419
"Science, Technology & Research",https://www.tifr.res.in,Tata Institute of Fundamental Research (TIFR),4420
"Science, Technology & Research",https://www.igcar.gov.in/gso,"General Services Organisation (GSO), Kalpakkam",4423
"Science, Technology & Research",https://www.imsc.res.in,"Institute of Mathematical Sciences (IMSc), Chennai",4424
"Science, Technology & Research",https://www.ashtalakshmimahotsav.com,Ashtalakshmi Mahotsav,4425
"Science, Technology & Research",https://mosdac.gov.in,Meteorological and Oceanographic Satellite Data Archival Centre (MOSDAC),4426
"Science, Technology & Research",https://www.nplindia.org,National Physical Laboratory,4427
"Science, Technology & Research",https://www.hri.res.in,"Harish-Chandra Research Institute (HRI), Allahabad",4428
"Science, Technology & Research",https://www.cmeri.res.in,Central Mechanical Engineering Research Institute (CMERI),4429
"Science, Technology & Research",https://www.lpsc.gov.in,"Liquid Propulsion Systems Centre, Thiruvananthapuram",4431
"Science, Technology & Research",https://nbhm.dae.gov.in,"National Board for Higher Mathematics (NBHM), Mumbai",4432
"Science, Technology & Research",https://ernet.in,Education and Research Network of India,4433
"Science, Technology & Research",https://www.bose.res.in,"S. N. Bose National Centre for Basic Sciences, Kolkata",4434
"Science, Technology & Research",https://bhuvan.nrsc.gov.in,Bhuvan-Gateway of Indian Earth Observation,4435
"Science, Technology & Research",https://www.nibmg.ac.in,National Institute of Biomedical Genomics,4436
"Science, Technology & Research",https://irel.co.in,Indian Rare Earths India Limited (IREL),4437
"Science, Technology & Research",https://www.jncasr.ac.in,Jawaharlal Nehru Centre for Advanced Scientific Research (JNCASR),4438
"Science, Technology & Research",https://dst.gov.in/scientific-programmes/mission-nano-science-and-technology-nano-mission,Mission on Nano Science and Technology,4439
"Science, Technology & Research",https://nfsu.ac.in,National Forensic Sciences University,4440
"Science, Technology & Research",https://www.ncode.in,"(n)Code Solutions (A Division of GNFC Limited), Ahmedabad, Gujarat",4441
"Science, Technology & Research",https://dbttripura.nic.in,"Directorate of Bio-Technology, Tripura",4442
"Science, Technology & Research",https://www.bsip.res.in,Birbal Sahni Institute of Palaeobotany,4443
"Science, Technology & Research",https://www.ipr.res.in,Institute for Plasma Research (IPR),4444
"Science, Technology & Research",https://portal.natmo.gov.in,National Atlas and Thematic Mapping Organisation (NATMO),4445
"Science, Technology & Research",https://www.isro.gov.in/LEOS.html,"Laboratory for Electro-Optics Systems (LEOS), Bengaluru",4446
"Science, Technology & Research",https://nsdl.niscpr.res.in,National Science Digital Library,4447
"Science, Technology & Research",https://imdpune.gov.in,"Meteorological Center, Pune",4448
"Science, Technology & Research",https://nptel.ac.in,National Programme on Technology Enhanced Learning (NPTEL),4449
"Science, Technology & Research",https://caneinfo.icar.gov.in,"CaneInfo, Sugarcane Breeding Institute",4451
"Science, Technology & Research",https://www.npcil.nic.in,Nuclear Power Corporation of India Limited (NPCIL),4453
"Science, Technology & Research",https://www.ils.res.in,Institute of Life Sciences,4454
"Science, Technology & Research",https://nopr.niscpr.res.in,NIScPR Online Periodicals Repository,4455
"Science, Technology & Research",https://nesac.gov.in,North Eastern Space Applications Centre,4456
"Science, Technology & Research",https://www.nrdcindia.com,National Research Development Corporation (NRDC),4457
"Science, Technology & Research",https://mausam.imd.gov.in/gangtok,"Meteorological Center, Gangtok",4458
"Science, Technology & Research",https://www.rri.res.in,"Raman Research Institute, Bangalore",4459
"Science, Technology & Research",https://mausam.imd.gov.in/chennai,"Regional Meteorological Centre, Chennai",4460
"Science, Technology & Research",https://www.rgcb.res.in,Rajiv Gandhi Centre for Biotechnology,4461
"Science, Technology & Research",https://www.tanscst.tn.gov.in,"Tamil Nadu State Council for Science and Technology, Chennai, Tamil Nadu",4462
"Science, Technology & Research",https://dbtindia.gov.in,Department of Biotechnology,4463
"Science, Technology & Research",https://brns.res.in,Board of Research in Nuclear Sciences,4464
"Science, Technology & Research",https://www.arci.res.in,"International Advanced Research Centre for Powder Metallurgy and New Materials, Hyderabad",4465
"Science, Technology & Research",https://insa.nic.in,"e-journals, Indian National Science Academy",4466
"Science, Technology & Research",https://www.ncmrwf.gov.in,National Centre for Medium Range Weather Forecasting (NCMRWF),4467
"Science, Technology & Research",https://bhuvanpanchayat.nrsc.gov.in,Bhuvan Panchayat Geoportal,4468
"Science, Technology & Research",https://www.localisation.gov.in,Localisation in e-Governance,4470
"Science, Technology & Research",https://nabi.res.in,"National Agri-Food Biotechnology Institute, Mohali",4471
"Science, Technology & Research",https://www.nectar.org.in,North East Center for Technology Application and Reach,4472
"Science, Technology & Research",https://incois.gov.in,Indian National Centre for Ocean Information Services (INCOIS),4473
"Science, Technology & Research",https://vedas.sac.gov.in/vedas,Visualization of Earth observation Data and Archival System (VEDAS),4474
"Science, Technology & Research",https://www.iiserpune.ac.in,"Indian Institutes of Science Education and Research (IISER), Pune",4475
"Science, Technology & Research",https://orsacgeoict.in,"Odisha Space Application Center (ORSAC), Odisha",4476
"Science, Technology & Research",https://packolkata.gov.in,"Positional Astronomy Centre (PAC), Kolkata",4477
"Science, Technology & Research",https://www.aerb.gov.in/english,Atomic Energy Regulatory Board (AERB),4478
"Science, Technology & Research",https://hwb.gov.in,Heavy Water Board (HWB),4479
"Science, Technology & Research",https://biotechnologycouncil.tripura.gov.in,"Tripura Biotechnology Council (TBC), Tripura",4480
"Science, Technology & Research",https://biorrap.gov.in,Biological Research Regulatory Approval Portal,4481
"Science, Technology & Research",https://aicrp.icar.gov.in/gnut,National Research Centre for Groundnut (NRCG),4482
"Science, Technology & Research",https://www.rcb.res.in,Regional Centre for Biotechnology,4483
"Science, Technology & Research",https://treda.nic.in,"Tripura Renewable Energy Development Agency, Tripura",4484
"Science, Technology & Research",https://nii.res.in,National Institute of Immunology,4487
"Science, Technology & Research",https://cdri.res.in,"Central Drug Research Institute (CDRI), Lucknow",4488
"Science, Technology & Research",https://iivr.icar.gov.in,Indian Institute of Vegetable Research (IIVR),4490
"Science, Technology & Research",https://maapritonk.nic.in,"Maulana Abul Kalam Azad Arabic Persian Research Institute, Rajasthan",4492
"Science, Technology & Research",https://iiim.res.in,"Indian Institute of Integrative Medicine (IIIM), Jammu and Kashmir",4493
"Science, Technology & Research",https://online-inspire.gov.in,Innovation in Science Pursuit for Inspired Research (INSPIRE),4494
"Science, Technology & Research",https://nirrch.res.in,National Institute for Research in Reproductive and Child Health,4495
"Science, Technology & Research",https://urdip.res.in,Unit for Reaserch and Developmnet of Information Products,4496
"Science, Technology & Research",https://www.aees.gov.in,Atomic Energy Education Society (AEES),4497
"Science, Technology & Research",https://www.igib.res.in,Institute of Genomics and Integrative Biology (IGIB),4498
"Science, Technology & Research",https://ctri.nic.in,Clinical Trials Registry-India (CTRI),4499
"Science, Technology & Research",https://crri.icar.gov.in,Central Rice Research Institute (CRRI),4501
"Science, Technology & Research",https://www.msubiotech.ac.in,"Department of Microbiology and Biotechnology Centre, Gujarat",4502
"Science, Technology & Research",https://www.ecil.co.in,Electronics Corporation of India Limited,4503
"Science, Technology & Research",https://keri.kerala.gov.in,"Kerala Engineering Research Institute, Kerala",4504
"Science, Technology & Research",https://manthan.gov.in,Manthan,4505
"Science, Technology & Research",https://www.bric.nic.in,Biotechnology Research and Innovation Council,4506
"Science, Technology & Research",https://mrsac.gov.in,"Maharashtra Remote Sensing Application Centre (MRSAC), Maharashtra",4507
"Science, Technology & Research",https://www.amd.gov.in,Atomic Minerals Directorate (AMD),4508
"Science, Technology & Research",https://fellowships.gov.in,Common Fellowship Portal,4509
"Science, Technology & Research",https://www.meity.gov.in/,Ministry of Electronics & Information Technology,4510
"Science, Technology & Research",https://www.kamp.org.in,Knowledge and Awareness Mapping Platform (KAMP),4511
"Science, Technology & Research",https://csir4pi.res.in,Fourth Paradigm Institute,4512
"Science, Technology & Research",https://www.shar.gov.in,Satish Dhawan Space Centre (SDSC),4513
"Science, Technology & Research",https://www.csir.res.in,Council of Scientific and Industrial Research (CSIR),4516
"Science, Technology & Research",https://cifa.nic.in,Central Institute of Freshwater Aquaculture (CIFA),4517
"Science, Technology & Research",https://www.neeri.res.in,National Environmental Engineering Research Institute (NEERI),4518
"Science, Technology & Research",https://jiyoparsi.minorityaffairs.gov.in,Jiyo Parsi Scheme Portal,4520
"Science, Technology & Research",https://www.ihbt.res.in,"Institute of Himalayan Bioresource Technology (IHBT), Palampur",4521
"Science, Technology & Research",https://www.sac.gov.in,"Space Applications Centre, Ahmedabad",4522
"Science, Technology & Research",https://www.cgcri.res.in,Central Glass and Ceramic Research Institute,4523
"Science, Technology & Research",https://aistic.gov.in,"ASEAN-India Science, Technology and Innovation Cooperation",4524
"Science, Technology & Research",https://www.ctcri.org,Central Tuber Crops Research Institute (CTCRI),4525
"Science, Technology & Research",https://jigyasa.iirs.gov.in,Antriksh Jigyasa,4526
"Science, Technology & Research",https://io50.incois.gov.in,Indian National Centre for Ocean Information Services,4527
"Science, Technology & Research",https://www.vismuseum.gov.in,"Visvesvaraya Industrial and Technological Museum, Bangalore",4528
"Science, Technology & Research",https://www.nstedb.com,National Science and Technology Entrepreneurship Development Board,4529
"Science, Technology & Research",https://dsttara.in,Technological Advancement for Rural Areas (TARA),4530
"Science, Technology & Research",https://sisejbp.org,"State Institute of Science Education, Jabalpur, Madhya Pradesh",4531
"Science, Technology & Research",https://www.ngri.res.in,National Geophysical Research Institute (NGRI),4532
"Science, Technology & Research",https://www.niser.ac.in,"National Institute of Science Education and Research, Bhubaneswar",4533
"Science, Technology & Research",https://dte.tn.gov.in,"Directorate of Technical Education - Chennai, Tamil Nadu",4534
"Science, Technology & Research",https://www.spiesr.ac.in,"Sardar Patel Institute of Economic & Social Research, Gujarat",4535
"Science, Technology & Research",https://subhadra.odisha.gov.in,"SUBHADRA Yojana, Odisha",4536
"Science, Technology & Research",https://cwprs.gov.in,Central Water and Power Research Station (CWPRS),4539
"Science, Technology & Research",https://www.celindia.co.in,Central Electronics Limited,4540
"Science, Technology & Research",https://ksc.kerala.gov.in,"Kerala Science Congress, Kerala",4541
"Science, Technology & Research",https://ncpor.res.in,National Centre for Polar and Ocean Research (NCPOR),4542
"Science, Technology & Research",https://gujcost.gujarat.gov.in,"Gujarat Council on Science and Technology, Gujarat",4543
"Science, Technology & Research",https://www.csio.res.in,Central Scientific Instruments Organisation,4544
"Science, Technology & Research",https://nirmauni.ac.in,"Nirma University, Gujarat",4545
"Science, Technology & Research",https://insaindia.res.in,Indian National Science Academy (INSA),4546
"Science, Technology & Research",https://iusstf.org,Indo-US Science and Technology Forum,4548
"Science, Technology & Research",https://circot.icar.gov.in,Central Institute for Research on Cotton Technology (CIRCOT),4549
"Science, Technology & Research",https://www.cstt.education.gov.in,Commission for Scientific and Technical Terminology (CSTT),4551
"Science, Technology & Research",https://iisr.icar.gov.in,Indian Institute of Sugarcane Research (IISR),4552
"Science, Technology & Research",https://tifac.org.in,"Technology Information, Forecasting and Assessment Council (TIFAC)",4553
"Science, Technology & Research",https://www.barc.gov.in,Bhabha Atomic Research Centre (BARC),4554
"Science, Technology & Research",https://onlinemaps.surveyofindia.gov.in,Onlinemaps Portal,4555
"Science, Technology & Research",https://tdb.gov.in,"Technology Development Board (TDB), New Delhi",4556
"Science, Technology & Research",https://mirsac.mizoram.gov.in,"Mizoram Remote Sensing Application Centre, Mizorm",4557
"Science, Technology & Research",https://bhusanket.gsi.gov.in,National Landslide Forecasting Centre,4558
"Science, Technology & Research",https://vigyanprasar.gov.in,Vigyan Prasar Science Portal,4559
"Science, Technology & Research",https://isr.gujarat.gov.in,"Institute of Seismological Research (ISR), Gujarat",4560
"Science, Technology & Research",https://dcsem.gov.in,"Directorate of Construction, Services and Estate Management (DCSEM)",4561
"Science, Technology & Research",https://www.cefipra.org,Indo-French Centre for the Promotion of Advanced Research,4562
"Science, Technology & Research",https://iisrindore.icar.gov.in,"ICAR-National Research Centre for Soybean, Indore",4563
"Science, Technology & Research",https://www.iucaa.in,Inter-University Centre for Astronomy and Astrophysics (IUCAA),4565
"Science, Technology & Research",https://www.niist.res.in,National Institute for Interdisciplinary Science and Technology,4566
"Science, Technology & Research",https://birac.nic.in,"Biotechnology Industry Research Assistance Council, New Delhi",4567
"Science, Technology & Research",https://swachhatahiseva.gov.in,Swachhata Hi Seva 2024,4568
"Science, Technology & Research",https://sciencecity.gujarat.gov.in,"Gujarat Council of Science City, Gujarat",4569
"Science, Technology & Research",https://neist.res.in,North East Institute of Science and Technology,4570
"Science, Technology & Research",https://bisag-n.gov.in,Bhaskaracharya National Institute for Space Applications and Geo-informatics (BISAG-N),4571
"Science, Technology & Research",https://www.ese.iitb.ac.in,"Department of Energy Science and Engineering, Indian Institute of Technology Bombay",4572
"Science, Technology & Research",https://dstharyana.gov.in,"Directorates of Science and Technology, Haryana",4573
"Science, Technology & Research",https://www.inst.ac.in,"Institute of Nano Science and Technology (INST), Mohali",4574
"Science, Technology & Research",https://indiascienceandtechnology.gov.in,"India Science, Technology and Innovation Portal (ISTI)",4575
"Science, Technology & Research",https://www.cecri.res.in,"Central Electro Chemical Research Institute (CECRI), Karaikudi",4576
"Science, Technology & Research",https://startupmission.kerala.gov.in,"Kerala Startup Mission (KSUM), Kerala",4577
"Science, Technology & Research",https://dbtncstcp.nic.in,National Certification System for Tissue Culture Plants (NCS-TCP),4578
"Science, Technology & Research",https://apctt.org,Asian and Pacific Centre for Transfer of Technology,4580
"Science, Technology & Research",https://www.mcrhrdi.gov.in,"Dr. Marri Channa Reddy Human Resource Development Institute of Telangana, Andhra Pradesh",4582
"Science, Technology & Research",https://www.ceeri.res.in,"Central Electronics Engineering Research Institute (CEERI), Pilani",4583
"Science, Technology & Research",https://www.cmfri.org.in,"ICAR-Central Marine Fisheries Research Institute (CMFRI), Kochi",4584
"Science, Technology & Research",https://jsac.jharkhand.gov.in,"Jharkhand Space Applications Center (JSAC), Jharkhand",4585
"Science, Technology & Research",https://nasi.org.in,"National Academy of Sciences, Allahabad",4586
"Science, Technology & Research",https://aripune.org,Agharkar Research Institute (ARI),4587
"Science, Technology & Research",https://www.narl.gov.in,National Atmospheric Research Laboratory (NARL),4588
"Science, Technology & Research",https://rgstc.maharashtra.gov.in,"Rajiv Gandhi Science & Technology Commission, Maharashtra",4589
"Science, Technology & Research",https://tmc.gov.in,Tata Memorial Centre (Hospital) (TMC),4590
"Science, Technology & Research",https://instem.res.in,Institute for Stem Cell Science and Regenerative Medicine,4591
"Science, Technology & Research",https://nipgr.ac.in,"National Institute of Plant Genome Research, New Delhi",4592
"Science, Technology & Research",https://himcoste.hp.gov.in,"Himachal Pradesh Council for Science, Technology & Environment, Himachal Pradesh",4593
"Science, Technology & Research",https://www.gcnep.gov.in,Global Centre for Nuclear Energy Partnership (GCNEP),4594
"Science, Technology & Research",https://actrec.gov.in,"Advanced Centre for Treatment, Research and Education in Cancer, Tata Memorial Centre (ACTREC)",4596
"Science, Technology & Research",https://www.cbs.ac.in,Centre for Excellence in Basic Sciences,4597
"Science, Technology & Research",https://nib.gov.in,"National Institute of Biologicals, Noida, Uttar Pradesh",4599
"Science, Technology & Research",https://niscpr.res.in,National Institute of Science Communication and Policy Research,4600
"Science, Technology & Research",https://www.dbtctep.gov.in,"Conference, Travel, Exhibition and Popular Lectures (CTEP)",4601
"Science, Technology & Research",https://ibsd.gov.in,Institute of Bioresources and Sustainable Development,4602
"Science, Technology & Research",https://www.immt.res.in,Institute of Minerals and Materials Technology,4603
"Science, Technology & Research",https://cccm.gov.in,National Centre for Compositional Characterisation of Materials,4604
"Science, Technology & Research",https://www.csmcri.res.in,"Central Salt and Marine Chemicals Research Institute, Gujarat",4606
"Science, Technology & Research",https://csp.res.in,"Indian Centre for Space Physics, Kolkata",4608
"Science, Technology & Research",https://jipmer.edu.in,Jawaharlal Institute of Postgraduate Medical Education and Research (JIPMER),4609
"Science, Technology & Research",https://www.rrcat.gov.in,"Raja Ramanna Centre for Advanced Technology (RRCAT), Indore",4610
"Science, Technology & Research",https://www.wihg.res.in,Wadia Institute of Himalayan Geology,4611
"Science, Technology & Research",https://www.cdfd.org.in,Centre for DNA Fingerprinting and Diagnostics,4612
"Science, Technology & Research",https://tscst.nic.in,"Tripura State Council For Science & Technology, Tripura",4613
"Science, Technology & Research",https://cloud.gov.in,"MeghRaj Cloud Initiative, National Cloud by NIC, New Delhi",4614
"Science, Technology & Research",https://mpcost.gov.in,"Madhya Pradesh Council of Science and Technology (MPCOST), Bhopal, Madhya Pradesh.",4616
"Science, Technology & Research",https://www.ursc.gov.in,"U R Rao Satellite Centre (URSC), Bengaluru",4617
"Science, Technology & Research",https://ucil.gov.in,Uranium Corporation of India Limited (UCIL),4618
"Science, Technology & Research",https://www.vecc.gov.in,Variable Energy Cyclotron Centre (VECC),4619
"Science, Technology & Research",https://seismo.gov.in,National Centre for Seismology (NCS),4620
"Science, Technology & Research",https://www.antrix.co.in,Antrix Corporation Limited,4621
"Science, Technology & Research",https://www.ccmb.res.in,Centre for Cellular and Molecular Biology (CCMB),4622
"Science, Technology & Research",https://bhavini.nic.in,Bharatiya Nabhikiya Vidyut Nigam Limited (BHAVINI),4623
"Science, Technology & Research",https://sctevtodisha.nic.in,"State Council for Technical Education & Vocational Training (SCTE&VT), Odisha",4624
"Science, Technology & Research",https://www.gsi.gov.in,Geological Survey of India (GSI),4625
"Science, Technology & Research",https://recruit.barc.gov.in,Recruitment Portal of Bhabha Atomic Research Centre (BARC),4626
"Science, Technology & Research",https://www.nio.res.in,National Institute of Oceanography (NIO),4627
"Science, Technology & Research",https://dharani.telangana.gov.in,"Integrated Land Records Management System, Telangana",4628
"Science, Technology & Research",https://geoportal.natmo.gov.in,"Geo Portal, National Atlas and Thematic Mapping Organisation",4629
"Science, Technology & Research",https://britatom.gov.in,Board of Radiation and Isotope Technology (BRIT),4630
"Science, Technology & Research",https://www.igcar.gov.in,Indira Gandhi Centre for Atomic Research (IGCAR),4631
"Science, Technology & Research",https://www.serb.gov.in,Science and Engineering Research Board (SERB),4632
"Science, Technology & Research",https://spl.gov.in,Space Physics Laboratory (SPL),4633
"Science, Technology & Research",https://ciphet.icar.gov.in,Central Institute of Post Harvest Engineering and Technology (CIPHET),4634
"Science, Technology & Research",https://gbu.edu.in,Gujarat Biotechnology University,4635
"Science, Technology & Research",https://www.ias.ac.in,"Indian Academy of Sciences, Bangalore",4636
"Science, Technology & Research",https://ihbas.delhi.gov.in,"Institute of Human Behaviour and Allied Sciences (IHBAS), Delhi",4637
"Science, Technology & Research",https://www.imtech.res.in,"Institute of Microbial Technology (IMTECH), Chandigarh",4638
"Science, Technology & Research",https://www.tkdl.res.in,"Traditional Knowledge Digital Library (TKDL), New Delhi",4639
"Science, Technology & Research",https://vigyanjyoti.dst.gov.in,Vigyan Jyoti,4640
"Science, Technology & Research",https://www.iacs.res.in,Indian Association for the Cultivation of Science,4641
"Science, Technology & Research",https://nkrc.niscpr.res.in,National Knowledge Resource Consortium,4642
"Science, Technology & Research",https://www.isro.gov.in,Indian Space Research Organisation (ISRO),4643
"Science, Technology & Research",https://nrcgrapes.icar.gov.in,"National Research Centre for Grapes (NRCG), Pune, Maharashtra",4644
"Science, Technology & Research",https://rsmcnewdelhi.imd.gov.in,Regional Specialized Meteorological Centre for Tropical Cyclones Over North Indian Ocean (RSMC),4645
"Science, Technology & Research",https://www.saha.ac.in,"Saha Institute of Nuclear Physics (SINP), Kolkatta",4646
"Science, Technology & Research",https://www.kscst.org.in/english/index.html,Karnataka State Council for Science and Technology (KSCST),4647
"Science, Technology & Research",https://mausam.imd.gov.in/goa,"Meteorological Centre, Goa",4648
"Science, Technology & Research",https://ciba.icar.gov.in,Central Institute of Brackishwater Aquaculture (CIBA),4649
"Science, Technology & Research",https://www.istrac.gov.in,ISRO Telemetry Tracking and Command Network (ISTRAC),4652
"Science, Technology & Research",https://www.nbri.res.in,National Botanical Research Institute (NBRI),4654
"Science, Technology & Research",https://ndem.nrsc.gov.in,National Database for Emergency Management,4655
"Science, Technology & Research",https://www.niab.res.in,"National Institute of Animal Biotechnology, Hyderabad",4656
"Science, Technology & Research",https://ncess.gov.in,National Centre for Earth Science Studies (NCESS),4657
"Science, Technology & Research",https://issswq.in,"Indian Society of Soil Salinity & Water Quality (ISSSWQ), Haryana",4658
"Science, Technology & Research",https://inspireawards-dst.gov.in,E-Management of INSPIRE Award Scheme,4659
"Science, Technology & Research",https://www.mcf.gov.in,"Master Control Facility, Hasan",4660
"Science, Technology & Research",https://www.niot.res.in,National Institute of Ocean Technology,4661
"Science, Technology & Research",https://dwr.icar.gov.in,"ICAR-Directorate of Weed Research (DWR), Jabalpur",4662
"Science, Technology & Research",https://www.csirhrdc.res.in,"Human Resource Development (HRDA), Ghaziabad",4663
"Science, Technology & Research",https://sciencecongress.nic.in,"Indian Science Congress Association, Kolkata",4665
"Science, Technology & Research",https://www.cens.res.in,"Centre for Nano and Soft Matter Sciences, Bengaluru",4666
"Science, Technology & Research",https://rscnagpur.gov.in,"Raman Science Centre and Planetarium, Nagpur",4669
Agriculture & Cooperation,https://www.nic.in/,National Informatics Centre,4670
Agriculture & Cooperation,https://agri.sikkim.gov.in,"Agriculture Department, Sikkim",4671
Agriculture & Cooperation,https://igkv.ac.in,"Indira Gandhi Krishi Vishwavidyalaya, Raipur",4672
Agriculture & Cooperation,https://rcsodisha.nic.in,"The Registrar of Cooperative Societies, Odisha",4673
Agriculture & Cooperation,https://hadp.jk.gov.in,"Holistic Agriculture Development Program, Jammu and Kashmir",4674
Agriculture & Cooperation,https://kvkserchhip.mizoram.gov.in,"KVK Serchhip, Mizoram",4675
Agriculture & Cooperation,https://hpappp.nic.in,"Agriculture Produce Procurement Portal, Himachal Pradesh",4676
Agriculture & Cooperation,https://www.kvkbaramati.com,"Krishi Vigyan Kendra (KVK), Baramati, Maharashtra",4677
Agriculture & Cooperation,https://cfqcti.dacnet.nic.in,Central Fertilizer Quality Control and Training Institute,4678
Agriculture & Cooperation,https://hydrologyproject.cg.gov.in,"Hydrology Project,  Chhattisgarh",4679
Agriculture & Cooperation,https://iims.icar.gov.in/Institute_Details.aspx?Inst=YLDo9jwOF0s=,"ICAR-National Research Centre on Plant Biotechnology - Indian Agricultural Research Institute,, New Delhi",4680
Agriculture & Cooperation,https://fmttibudni.gov.in,"Central Farm Machinery Training and Testing Institute (FMTTI), Budni",4681
Agriculture & Cooperation,https://odishaagro.nic.in,"Odisha Agro Industries Corporation Limited, Odisha",4682
Agriculture & Cooperation,https://serimanipur.nic.in,"Sericulture Department, Manipur",4684
Agriculture & Cooperation,https://www.iccmrt.ac.in,"Institute of Co-operative and Corporate Management, Research & Training, Lucknow, Uttar Pradesh",4685
Agriculture & Cooperation,https://ctri.icar.gov.in,"ICAR-Central Tobacco Research Institute, Rajahmundry",4686
Agriculture & Cooperation,https://dbtdacfw.gov.in,Direct Benefit Transfer Portal for Agriculture Schemes,4687
Agriculture & Cooperation,https://iiwm.icar.gov.in,"ICAR-Indian Institute of Water Management, Bhubaneswar, Odisha",4688
Agriculture & Cooperation,https://dmi.gov.in,Directorate of Marketing and Inspection (DMI),4690
Agriculture & Cooperation,https://www.cof.gujarat.gov.in,"Commissioner of Fisheries, Gujarat",4691
Agriculture & Cooperation,https://jute.dac.gov.in,Directorate of Jute Development,4692
Agriculture & Cooperation,https://www.iihr.res.in,Indian Institute of Horticultural Research (IIHR),4693
Agriculture & Cooperation,https://kvkanjaw.nic.in,"Krishi Vigyan Kendra, Anjaw, Arunachal Pradesh",4694
Agriculture & Cooperation,https://nfsm.gov.in,National Food Security Mission,4695
Agriculture & Cooperation,https://agriinfra.dac.gov.in,National Agriculture Infra Financing Facility,4696
Agriculture & Cooperation,https://www.vnmkv.ac.in,"Vasantrao Naik Marathwada Krishi Vidyapeeth, Parbhani , Maharashtra",4697
Agriculture & Cooperation,https://odishaagridemo.nic.in,"e-Demonstration Portal, Odisha",4698
Agriculture & Cooperation,https://rcsharyana.gov.in,"Co-operation Department, Haryana",4699
Agriculture & Cooperation,https://upag.gov.in,Unified Portal for Agriculture Statistics,4700
Agriculture & Cooperation,https://agriexchange.apeda.gov.in,Agri-Exchange,4701
Agriculture & Cooperation,https://nrcpomegranate.org,"ICAR-National Research Centre on Pomegranate, Solapur",4702
Agriculture & Cooperation,https://gscot.gujarat.gov.in,"Gujarat State Co-Operative Tribunal, Gujarat",4703
Agriculture & Cooperation,https://nser.nic.in,"Nagaland State Extension Reforms (Niche ATMA), Nagaland",4704
Agriculture & Cooperation,https://krishivistar.gov.in,KRISHI VISTAR-Directorate of Extension,4705
Agriculture & Cooperation,https://hpmc.in,"Himachal Pradesh Horticulture Produce Marketing and Processing Corporation Ltd. (HPMC), Himachal Pradesh",4707
Agriculture & Cooperation,https://kisansarathi.in,Kisan Sarathi,4708
Agriculture & Cooperation,https://drdpat.bih.nic.in,"Directorate of Rice Development, Patna",4709
Agriculture & Cooperation,https://farmer.gov.in,Farmers Portal-One Stop Shop For Farmers,4710
Agriculture & Cooperation,https://amsivri.icar.gov.in,Academic Management System-Indian Veterinary Research Institute,4711
Agriculture & Cooperation,https://ncfc.gov.in,"Mahalanobis National Crop Forecast Centre (NCFC), New Delhi",4712
Agriculture & Cooperation,https://kvkreasi.nic.in,"Krishi Vigyan Kendra (KVK), Reasi, Jammu and Kashmir",4713
Agriculture & Cooperation,https://dpd.gov.in,Directorate of Pulses Development,4714
Agriculture & Cooperation,https://kvktawang.nic.in,"Krishi Vigyan Kendra, Tawang",4715
Agriculture & Cooperation,https://www.harcobank.org.in,"The Haryana State CO-OP Apex Bank Ltd., Haryana",4716
Agriculture & Cooperation,https://fpp.gujarat.gov.in,"Farmer Procurement Portal, Gujarat",4717
Agriculture & Cooperation,https://kvk.icar.gov.in,Krishi Vigyan Kendra Knowledge Network,4718
Agriculture & Cooperation,https://diragrijmu.nic.in,"Directorate of Agriculture Production & Farmers Welfare, Jammu, Jammu and Kashmir",4719
Agriculture & Cooperation,https://farmersportal.tripura.gov.in,"Tripura Farmers Portal & Kisan Call Center (KCC), Tripura",4720
Agriculture & Cooperation,https://nbb.gov.in,National Bee Board (NBB),4721
Agriculture & Cooperation,https://nrcmithun.icar.gov.in,"ICAR-National Research Centre on Mithun, Dimapur",4722
Agriculture & Cooperation,https://agriculture.mizoram.gov.in,"Directorate of Agriculture (Research and Education), Mizoram",4723
Agriculture & Cooperation,https://www.ashtalakshmimahotsav.com,Ashtalakshmi Mahotsav,4726
Agriculture & Cooperation,https://ladakh.nic.in/agriculture,"Agriculture Department, Ladakh",4727
Agriculture & Cooperation,https://mpmandiboard.in,"Madhya Pradesh State Agricultural Marketing (Mandi) Board, Madhya Pradesh",4728
Agriculture & Cooperation,https://atarijabalpur.icar.gov.in,"ICAR-ATARI Zone IX, Jabalpur, Madhya Pradesh",4729
Agriculture & Cooperation,https://maharain.maharashtra.gov.in,"Rainfall Recording and Analysis, Department of Agriculture, Maharashtra",4730
Agriculture & Cooperation,https://www.vfpck.org,"Vegetable and Fruit Promotion Council Keralam, Kerala",4732
Agriculture & Cooperation,https://desagri.gov.in,Directorate of Economics and Statistics (DES),4733
Agriculture & Cooperation,https://www.mkisan.gov.in,mKisan,4734
Agriculture & Cooperation,https://hssca.org.in,"Haryana State Seed Certification Agency (HSSCA), Haryana",4735
Agriculture & Cooperation,https://amscau.icar.gov.in,Academic Management System-Central Agricultural University,4736
Agriculture & Cooperation,https://amsuhs.icar.gov.in,"Academic Management System-University of Horticultural Sciences, Bagalkot",4737
Agriculture & Cooperation,https://www.icmpune.org,"Institute of Co-operative Management, Pune",4738
Agriculture & Cooperation,https://www.fibkerala.gov.in,"Farm Information Bureau, Kerala",4739
Agriculture & Cooperation,https://market.ap.nic.in,"Agricultural Marketing Department, Andhra Pradesh",4740
Agriculture & Cooperation,https://nrcb.icar.gov.in,"ICAR-National Research Centre for Banana, Tiruchirapalli",4741
Agriculture & Cooperation,https://icmguwahati.gov.in,"Institute of Co-operative Management (ICM), Guwahati",4742
Agriculture & Cooperation,https://rcs.gujarat.gov.in,"Registrar of Co-operative Societies, Gujarat",4743
Agriculture & Cooperation,https://agrisnetodisha.ori.nic.in,"AGRISNET - Directorate of Agriculture & Food Production, Odisha",4744
Agriculture & Cooperation,https://www.nbair.res.in,"ICAR - National Bureau of Agricultural Insect Resources (NBAIR), Bangalore",4745
Agriculture & Cooperation,https://niasm.icar.gov.in,"ICAR-National Institute of Aboitic Stress Management, Malegaon",4746
Agriculture & Cooperation,https://srfmtti.dacnet.nic.in,Southern Region Farm Machinery Training and Testing Institute,4747
Agriculture & Cooperation,https://asrb.org.in,"Agricultural Scientists Recruitment Board (ASRB), New Delhi",4748
Agriculture & Cooperation,https://missionkakatiya.cgg.gov.in,"Mission Kakatiya, Telangana",4749
Agriculture & Cooperation,https://aed.tn.gov.in/ta,"Agricultural Engineering Department, Tamil Nadu",4750
Agriculture & Cooperation,https://kvkwokha.nic.in,"Krishi Vigyan Kendra (KVK), Wokha",4753
Agriculture & Cooperation,https://megamb.gov.in,"Meghalaya State Agricultural Marketing Board, Meghalaya",4754
Agriculture & Cooperation,https://jntbgri.res.in,"KSCSTE - Jawaharlal Nehru Tropical Botanical Garden and Research Institute, Kerala",4755
Agriculture & Cooperation,https://www.dccd.gov.in,Directorate of Cashewnut and Cocoa Development (DCCD),4756
Agriculture & Cooperation,https://kiran.nic.in,"KIRAN - Knowledge Innovation Repository of Agriculture in the North East, ICAR",4757
Agriculture & Cooperation,https://nconf.dac.gov.in,National Centre of Organic and Natural Farming,4758
Agriculture & Cooperation,https://rkvy.nic.in,Rashtriya Krishi Vikas Yojana (RKVY),4759
Agriculture & Cooperation,https://texfed.kerala.gov.in,"Kerala State Co-operative Textile Federation Ltd. (TEXFED), Kerala",4760
Agriculture & Cooperation,https://agri-horti.assam.gov.in,"Agriculture and Horticulture Department, Assam",4761
Agriculture & Cooperation,https://compose.kerala.gov.in,"COMPOSE - Comprehensive Operations and Management of Presses Over Secure Environment, Kerala",4762
Agriculture & Cooperation,https://eudyan.hp.gov.in,"Horticulture Department, Himachal Pradesh",4763
Agriculture & Cooperation,https://kvklowersubansiri.nic.in,"Krishi Vigyan Kendra (KVK), Lower Subansiri, Arunachal Pradesh",4764
Agriculture & Cooperation,https://neramac.com,"North Eastern Regional Agricultural Marketing Corporation Ltd (NERAMAC), Guwahati",4765
Agriculture & Cooperation,https://asfac.assam.gov.in,Assam Small Farmers Agri-Business Consortium (ASFAC),4766
Agriculture & Cooperation,https://ndri.res.in,"National Dairy Research Institute, Karnal",4767
Agriculture & Cooperation,https://kvkwestgarohills.nic.in,"Krishi Vigyan Kendra (KVK), West Garo Hills",4768
Agriculture & Cooperation,https://diragrikmr.nic.in,"Department of Agriculture and Farmers Welfare Kashmir, Jammu and Kashmir",4769
Agriculture & Cooperation,https://bsky.odisha.gov.in,"Biju Swasthya Kalyan Yojana, Odisha",4770
Agriculture & Cooperation,https://agritech.tnau.ac.in,"The Tamil Nadu Agricultural University (TNAU), Tamil Nadu",4772
Agriculture & Cooperation,https://www.apagrisnet.gov.in,"Agriculture Department, Andhra Pradesh",4773
Agriculture & Cooperation,https://fasal.haryana.gov.in,"Meri Fasal, Mera Byora, Haryana",4774
Agriculture & Cooperation,https://www.ncdc.in,National Co-operative Development Corporation (NCDC),4775
Agriculture & Cooperation,https://niap.icar.gov.in,ICAR - National Institute of Agricultural Economics and Policy Research (NIAP),4776
Agriculture & Cooperation,https://www.imdagrimet.gov.in,Agricultural Meteorology Division,4777
Agriculture & Cooperation,https://cacp.dacnet.nic.in,Commission for Agricultural Costs and Prices (CACP),4778
Agriculture & Cooperation,https://soilhealth.dac.gov.in,Soil Health Card,4779
Agriculture & Cooperation,https://gusheel.gujarat.gov.in,"Gujarat Sheep & Wool Development Corporation Limited, Gujarat",4780
Agriculture & Cooperation,https://atma.gujarat.gov.in,"Agricultural Technology Management Agency (ATMA) Directorate and SAMETI, Gujarat",4781
Agriculture & Cooperation,https://emausamhau.gov.in,"e-Mausam Krishi Sewa, CCS Haryana Agricultural University, Hisar, Haryana",4783
Agriculture & Cooperation,https://arias.in,"Assam Rural Infrastructure and Agricultural Services Society, (ARIAS)",4784
Agriculture & Cooperation,https://icmdehradun.com,"Institute of Co-operative Management, Dehradun",4786
Agriculture & Cooperation,https://nerfmtti.nic.in,"North Eastern Farm Machinery Training and Testing Institute, Chariali",4789
Agriculture & Cooperation,https://www.himfed.com,"Himachal Pradesh State Co-operative Marketing & Consumers Federation Ltd., Himachal Pradesh",4790
Agriculture & Cooperation,https://hortharyana.gov.in,"Horticulture Department, Haryana",4791
Agriculture & Cooperation,https://pgsindia-ncof.gov.in,Participatory Guarantee System &#40;PGS&#41; for India,4792
Agriculture & Cooperation,https://rcdonline.bih.nic.in,"Project Management Information System, Bihar",4793
Agriculture & Cooperation,https://amsndri.icar.gov.in,Academic Management System-National Dairy Research Institute,4794
Agriculture & Cooperation,https://pmfby.gov.in,Pradhan Mantri Fasal Bima Yojana: Crop Insurance Portal,4795
Agriculture & Cooperation,https://niphm.gov.in,National Institute of Plant Health Management (NIPHM),4796
Agriculture & Cooperation,https://www.nivedi.res.in,"ICAR - National Institute Of Veterinary Epidemiology And Disease Informatics, Bangalore,",4798
Agriculture & Cooperation,https://krishimaratavahini.karnataka.gov.in,"Agricultural Marketing Department, Karnataka",4799
Agriculture & Cooperation,https://pmksy.gov.in,Pradhan Mantri Krishi Sinchayee Yojana (PMKSY),4800
Agriculture & Cooperation,https://www.mpbiotech.nic.in,"M.P. Biotechnology Council Bhopal, Madhya Pradesh",4801
Agriculture & Cooperation,https://farmech.dac.gov.in,National Portal on Mechanization and Technology,4802
Agriculture & Cooperation,https://www.meity.gov.in/,Ministry of Electronics & Information Technology,4803
Agriculture & Cooperation,https://www.ccsniam.gov.in,National Institute of Agricultural Marketing (NIAM),4804
Agriculture & Cooperation,https://kvkribhoi.nic.in,"Krishi Vigyan Kendra, Ri-Bhoi",4805
Agriculture & Cooperation,https://cooparun.nic.in,"Registrar of Cooperative Societies, Arunachal Pradesh",4808
Agriculture & Cooperation,https://dmrsolan.icar.gov.in,"Directorate of Mushroom Research, Solan, Himachal Pradesh",4809
Agriculture & Cooperation,https://jiyoparsi.minorityaffairs.gov.in,Jiyo Parsi Scheme Portal,4811
Agriculture & Cooperation,https://fruits.karnataka.gov.in,"Farmer Registration and Unified beneficiary Information System, Karnataka",4812
Agriculture & Cooperation,https://atari-hyderabad.icar.gov.in,"ICAR-Agricultural Technology Application Research Institute (ATARI), Hyderabad",4813
Agriculture & Cooperation,https://www.ctae.ac.in,"College of Technology and Engineering, Maharana Pratap University of Agriculture and Technology Udaipur, Rajasthan",4814
Agriculture & Cooperation,https://kvkeastkameng.nic.in,"Krishi Vigyan Kendra, East Kameng",4815
Agriculture & Cooperation,https://dbtagriculture.bihar.gov.in,"Direct Benefit Transfer (DBT), Agriculture Department, Bihar",4816
Agriculture & Cooperation,https://horticulture.bihar.gov.in,"Horticulture Directorate, Agriculture Department, Bihar",4817
Agriculture & Cooperation,https://nccd.gov.in,National Centre for Cold-Chain Development (NCCD),4819
Agriculture & Cooperation,https://www.upkrishivipran.in,"Directorate of Agricultural Marketing and Agriculture Foreign Trade, Uttar Pradesh",4820
Agriculture & Cooperation,https://subhadra.odisha.gov.in,"SUBHADRA Yojana, Odisha",4821
Agriculture & Cooperation,https://ciari.icar.gov.in,"ICAR - Central Island Agricultural Research Institute (CIARI), Port Blair",4822
Agriculture & Cooperation,https://nbm.nic.in,National Bamboo Mission,4823
Agriculture & Cooperation,https://nbagr.icar.gov.in,"National Bureau of Animal Genetic Resources (NBAGR), Karnal",4824
Agriculture & Cooperation,https://nmeo.dac.gov.in,National Mission on Oilseeds and Oil Palm (NMOOP),4826
Agriculture & Cooperation,https://www.puneicai.org,"Pune Branch of WIRC, The Institute of Chartered Accountants of India (ICAI)",4827
Agriculture & Cooperation,https://dag.gujarat.gov.in/index.htm,"Directorate of Agriculture, Gujarat",4828
Agriculture & Cooperation,https://kisansuvidha.gov.in,Kisan Suvidha,4829
Agriculture & Cooperation,https://tmnehs.gov.in,Technology Mission for Developement of Horticulture in North Eastern and Himalayan States,4831
Agriculture & Cooperation,https://kvklawngtlai.mizoram.gov.in,"KVK Lawngtlai, Mizoram",4833
Agriculture & Cooperation,https://raitamitra.karnataka.gov.in,"Agriculture Department, Karnataka",4834
Agriculture & Cooperation,https://agriculture.karnataka.gov.in,"Agriculture Secretariat, Karnataka",4835
Agriculture & Cooperation,https://icmimphal.org,"Institute of Co-Operative Management (ICM), Imphal",4836
Agriculture & Cooperation,https://kisan.telangana.gov.in,"Telangana Kisan Portal, Telangana",4837
Agriculture & Cooperation,https://agmarknet.gov.in,Agriculture Marketing Information System Network (AGMARKNET),4838
Agriculture & Cooperation,https://argucom.assam.gov.in,Assam Rajiv Gandhi University of Cooperative Management,4839
Agriculture & Cooperation,https://www.dasd.gov.in,Directorate of Arecanut and Spices Development (DSAD),4840
Agriculture & Cooperation,https://horticulture.jk.gov.in,"Horticulture Department, Jammu and Kashmir",4841
Agriculture & Cooperation,https://acabcmis.gov.in,Agri-Clinics and Agri-Business Centres,4842
Agriculture & Cooperation,https://www.iasri.res.in,ICAR-Indian Agricultural Statistics Research Institute,4843
Agriculture & Cooperation,https://prsc.gov.in,"Punjab Remote Sensing Centre (PRSC), Ludhiana, Punjab",4844
Agriculture & Cooperation,https://kvkbalek.nic.in,"Krishi Vigyan Kendra (KVK), Lower Dibang Valley District, Arunachal Pradesh",4845
Agriculture & Cooperation,https://cadjmu.nic.in,"Command Area Development, Jammu, Jammu and Kashmir",4846
Agriculture & Cooperation,https://agriportal.cg.nic.in,"Agriculture Development and Farmer Welfare and Bio-Technology Department, Chhattisgarh",4847
Agriculture & Cooperation,https://icar-iior.org.in,Indian Institute of Oilseeds Research (IIOR),4848
Agriculture & Cooperation,https://sikkim.gov.in/departments/food-security-and-agriculture-development-department/krishi-vigyan-kendra-in-sikkim,"Krishi Vigyan Kendra (KVK), Sikkim",4850
Agriculture & Cooperation,https://swachhatahiseva.gov.in,Swachhata Hi Seva 2024,4851
Agriculture & Cooperation,https://doah.gujarat.gov.in,"Directorate of Animal Husbandry, Gujarat",4852
Agriculture & Cooperation,https://ifc.delhi.gov.in,"Irrigation and Flood Control Department, Delhi",4853
Agriculture & Cooperation,https://icarnagaland.nic.in,"Indian Council of Agricultural Research, Nagaland",4854
Agriculture & Cooperation,https://pssca.punjab.gov.in,"Punjab State Seed Certification Authority, Punjab",4855
Agriculture & Cooperation,https://lib.icar.gov.in,Indian Council of Agricultural Research - Online Library Catalog,4856
Agriculture & Cooperation,https://www.iari.res.in,Indian Agricultural Research Institute (IARI),4857
Agriculture & Cooperation,https://ppqs.gov.in,Directorate of Plant Protection Quarantine and Storage,4858
Agriculture & Cooperation,https://indiaseeds.com,National Seeds Corporation Limited (NSC),4859
Agriculture & Cooperation,https://ddkbbsr.gov.in,Directorate of Horticulture (Bhubaneswar),4862
Agriculture & Cooperation,https://www.plantauthority.gov.in,"Protection of Plant Varieties and Farmers Rights Authority, New Delhi",4863
Agriculture & Cooperation,https://icmbhubaneswar.nic.in,"Madhusudan Institute of Co-operative Management (MICM), Bhubaneswar",4864
Agriculture & Cooperation,https://tripuraicar.nic.in,"Indian Council of Agricultural Research, Tripura",4865
Agriculture & Cooperation,https://cropsap.megfarmer.gov.in,"Crop Pests & Diseases Surveillance and Advisory Portal (CROPSAP), Meghalaya",4866
Agriculture & Cooperation,https://utckarsh.gov.in,Unified Tool for Concurrent Feedback on Krishi Schemes,4868
Agriculture & Cooperation,https://clws.karnataka.gov.in,"Crop Loan Waiver System, Karnataka",4869
Agriculture & Cooperation,https://uttambeej.haryana.gov.in,"Haryana Seed Portal, Haryana",4870
Agriculture & Cooperation,https://www.ncct.ac.in,National Council for Co-operative Training (NCCT),4871
Agriculture & Cooperation,https://bsea.bihar.gov.in,Bihar State Election Authority (BSEA),4873
Agriculture & Cooperation,https://seednet.gov.in,"SeedNet India Portal-National Initiative for Information on Quality Seeds, New Delhi",4874
Agriculture & Cooperation,https://www.enam.gov.in,National Agriculture Market Portal (NAM),4875
Agriculture & Cooperation,https://www.cihner.gov.in,"Central Institute of Horticulture, Nagaland",4876
Agriculture & Cooperation,https://nbaim.icar.gov.in,"National Bureau of Agriculturally Important Microorganisms (NBAIM), Bhanjan, Uttar Pradesh",4878
Agriculture & Cooperation,https://dbtfert.nic.in,Integrated Fertilizer Management System,4879
Agriculture & Cooperation,https://midh.gov.in,Mission for Integrated Development of Horticulture (MIDH),4881
Agriculture & Cooperation,https://seedtrace.gov.in/ms014,"Seed Authentication, Traceability and Holistic Inventory (SATHI)",4882
Agriculture & Cooperation,https://upscec.gov.in,"Uttar Pradesh State Cooperative Society Election Commission, Uttar Pradesh",4883
Agriculture & Cooperation,https://iifsr.icar.gov.in,"ICAR - Indian Institute of Farming Systems Research (IIFSR), Meerut",4885
Agriculture & Cooperation,https://ataribengaluru.icar.gov.in,"ICAR Agricultural Technology Application Research Institute (ICAR-ATARI), Bangalore",4886
Agriculture & Cooperation,https://icarrcer.icar.gov.in,"ICAR Research Complex for Eastern Region (ICAR-RCER), Patna",4887
Agriculture & Cooperation,https://krishinivesh.gov.in,Krishi Nivesh Portal,4888
Agriculture & Cooperation,https://nahep.icar.gov.in,National Agricultural Higher Education Project,4889
Agriculture & Cooperation,https://tnsericulture.tn.gov.in,"Sericulture Department, Tamil Nadu",4890
Agriculture & Cooperation,https://dillifreetree.eforest.delhi.gov.in,"Free Seedling Distribution, Delhi",4891
Agriculture & Cooperation,https://www.rlbcau.ac.in,Rani Lakshmi Bai Central Agricultural University,4892
Agriculture & Cooperation,https://ncipm.icar.gov.in,National Centre for Integrated Pest Management (NCIPM),4893
Agriculture & Cooperation,https://www.nsricm.com,"Netaji Subhas Regional Institute of Cooperative Management (NSRICM), Kalyani",4894
Agriculture & Cooperation,https://nipccd.nic.in,National Institute of Public Cooperation and Child Development (NIPCCD),4895
Agriculture & Cooperation,https://agcensus.nic.in,"Agricultural Census, New Delhi",4896
Agriculture & Cooperation,https://coconutboard.gov.in,Coconut Development Board,4897
Agriculture & Cooperation,https://www.soilodisha.nic.in,"Directorate of Soil Conservation and Watershed Development, Odisha",4898
Agriculture & Cooperation,https://dharani.telangana.gov.in,"Integrated Land Records Management System, Telangana",4899
Agriculture & Cooperation,https://apcooperation.nic.in,"Co-operation Department, Andhra Pradesh",4900
Agriculture & Cooperation,https://horticulture.tg.nic.in,"Horticulture Department, Telangana",4901
Agriculture & Cooperation,https://naip.icar.gov.in,National Agricultural Innovation Project,4902
Agriculture & Cooperation,https://rcs.assam.gov.in,"Registrar of Cooperative Societies, Assam",4903
Agriculture & Cooperation,https://jkapd.nic.in,"Agriculture Production & Farmers Welfare Department, Jammu and Kashmir",4904
Agriculture & Cooperation,https://gswc.gujarat.gov.in/index.htm,"Gujarat State Warehousing Corporation, Gujarat",4905
Agriculture & Cooperation,https://dogr.icar.gov.in,"Directorate of Onion and Garlic Research, Pune, Maharashtra",4906
Agriculture & Cooperation,https://www.aims.kerala.gov.in,"Agriculture Info Management System, Kerala",4907
Agriculture & Cooperation,https://amscife.icar.gov.in,Academic Management System-Central Institute of Fisheries Education,4908
Agriculture & Cooperation,https://www.nbfgr.res.in,"National Bureau of Fish Genetic Resources (NBFGR), Lucknow",4909
Agriculture & Cooperation,https://matirkatha.net,"Agriculture Department, West Bengal",4910
Agriculture & Cooperation,https://cipmcjk.nic.in,Central Integrated Pest Management Centre (CIPMC),4911
Agriculture & Cooperation,https://agrimachinery.nic.in,Digital Platform for Farm Mechanization and Technology,4912
Agriculture & Cooperation,https://cghorticulture.gov.in,"Directorate of Horticulture, Chhattisgarh",4913
Agriculture & Cooperation,https://nandi.gov.in/dahd,NOC Approval for New Drug and Inoculation System Portal,4914
Agriculture & Cooperation,https://slusi.dacnet.nic.in,Soil and Land Use Survey of India,4916
Agriculture & Cooperation,https://rythubandhu.telangana.gov.in,"RYTHU BANDHU (Agriculture Investment Support Scheme), RYTHU BIMA (Farmer's Insurance), Telangana",4917
Agriculture & Cooperation,https://hortnet.gov.in,"National Horticulture Mission, Maharashtra",4918
Agriculture & Cooperation,https://nhb.gov.in,National Horticulture Board (NHB),4919
Agriculture & Cooperation,https://damb.delhi.gov.in,"Directorate of Agricultural Marketing, Delhi",4922
Agriculture & Cooperation,https://agristack.gov.in,Agri Stack Portal,4923
Agriculture & Cooperation,https://dag.gujarat.gov.in,"Directorate of Agriculture, Gujarat",4925
Agriculture & Cooperation,https://seedres.icar.gov.in,"ICAR - Indian Institute of Seed Science, Mau, Uttar Pradesh",4926
Agriculture & Cooperation,https://mahasilk.maharashtra.gov.in,"Directorate of Silk, Maharashtra",4927
Agriculture & Cooperation,https://cau.ac.in,"Central Agricultural University, Imphal",4928
Agriculture & Cooperation,https://swa.haryana.gov.in,"State Wetland Authority, Haryana",4929
Agriculture & Cooperation,https://www.icar.org.in,Indian Council of Agricultural Research (ICAR),4930
Agriculture & Cooperation,https://horti.tripura.gov.in,"Directorate of Horticulture & Soil Conservation, Tripura",4931
Agriculture & Cooperation,https://gbpuat.ac.in,"Govind Ballabh Pant University of Agriculture & Technology, Uttarakhand",4933
Agriculture & Cooperation,https://millets.res.in,Indian Institute of Millets Research (IIMR),4934
Agriculture & Cooperation,https://pmkmy.gov.in,Pradhan Mantri Kisaan Maan-dhan Yojana (PM-KMY),4937
Agriculture & Cooperation,https://pmkisan.gov.in,Pradhan Mantri Kisan Samman Nidhi (PM-KISAN),4938
Agriculture & Cooperation,https://education.icar.gov.in,Agricultural Education Portal,4939
Social Justice & Empowerment,https://www.nic.in/,National Informatics Centre,4940
Social Justice & Empowerment,https://ssp.rajasthan.gov.in,"Social Security Pension, Rajasthan",4941
Social Justice & Empowerment,https://vky.gujarat.gov.in,"Vanbandhu Kalyan Yojana, Tribal Development Department, Gujarat",4942
Social Justice & Empowerment,https://ncsk.nic.in,National Commission for Safai Karamcharis (NCSK),4943
Social Justice & Empowerment,https://megscpcr.gov.in,"Meghalaya State Commission for Protection of Child Rights, Meghalaya",4944
Social Justice & Empowerment,https://rmk.nic.in,Rashtriya Mahila Kosh (RMK),4945
Social Justice & Empowerment,https://ashwin.bih.nic.in/Ashwin/Default.aspx,"ASHA Workers Performance and Incentives Portal, Bihar",4946
Social Justice & Empowerment,https://sakhi.gov.in,Sakhi Dashboard,4947
Social Justice & Empowerment,https://islrtc.nic.in,Indian Sign Language Research and Training Centre (ISLRTC),4949
Social Justice & Empowerment,https://ncpcr.gov.in,National Commission for Protection of Child Rights (NCPCR),4950
Social Justice & Empowerment,https://cara.nic.in,"Central Adoption Resource Authority (CARA), New Delhi",4952
Social Justice & Empowerment,https://www.swavlambancard.gov.in,Unique Disability ID (UDID),4953
Social Justice & Empowerment,https://ncbc.nic.in,National Commission for Backward Classes (NCBC),4954
Social Justice & Empowerment,https://ngo.tribal.gov.in,NGO Grants Online System,4955
Social Justice & Empowerment,https://shebox.wcd.gov.in,SHe Box-Online Complaint Management System for Sexual Harassment at Workplace,4956
Social Justice & Empowerment,https://www.hajcommittee.gov.in,Haj Committee of India,4957
Social Justice & Empowerment,https://goal.tribal.gov.in,Going Online as Leaders Program (GOAL),4959
Social Justice & Empowerment,https://oscw.nic.in,"State Commission for Women, Odisha",4960
Social Justice & Empowerment,https://www.nmdfc.org,National Minorities Development and Finance Corporation (NMDFC),4961
Social Justice & Empowerment,https://socialjustice.assam.gov.in,"Directorate of Social Justice and Empowerment, Assam",4962
Social Justice & Empowerment,https://obcbahujankalyan.maharashtra.gov.in,"Other Backward Bahujan Welfare Department, Maharashtra",4963
Social Justice & Empowerment,https://fellowship.tribal.gov.in,National Tribal Fellowship Portal,4964
Social Justice & Empowerment,https://socialjustice.gov.in,Department of Social Justice and Empowerment,4965
Social Justice & Empowerment,https://haj.nic.in,"The Portal For Haj Group Organisers, Haj Deputation, Haj Pilgrimage",4968
Social Justice & Empowerment,https://www.ashtalakshmimahotsav.com,Ashtalakshmi Mahotsav,4969
Social Justice & Empowerment,https://www.iiswbm.edu,"Indian Institute of Social Welfare and Business Management (IISWBM), West Bengal",4970
Social Justice & Empowerment,https://mahaeschol.maharashtra.gov.in,"Scholarship - Social Justice and Special Assistance Department, Maharashtra",4971
Social Justice & Empowerment,https://overseas.tribal.gov.in,National Overseas Scholarship Portal,4974
Social Justice & Empowerment,https://www.wdsc.telangana.gov.in,"Empowerment of Persons with Disabilities, Senior Citizens & Transgender Persons Department, Telangana",4975
Social Justice & Empowerment,https://www.nihhsrc.nic.in,Ali Yavar Jung National Institute of Speech and Hearing Disabilities,4976
Social Justice & Empowerment,https://tritribal.gov.in,National Tribal Research Portal,4977
Social Justice & Empowerment,https://poshanabhiyaan.gov.in,Prime Ministers Overarching Scheme for Holistic Nourishment (POSHAN),4978
Social Justice & Empowerment,https://icdsonline.bih.nic.in,"Integrated Child Development Services (ICDS) Scheme, Bihar",4979
Social Justice & Empowerment,https://www.cswb.gov.in,Central Social Welfare Board (CSWB),4980
Social Justice & Empowerment,https://adikalakar.tribal.gov.in,National Tribal Virtual Art and Culture Portal,4981
Social Justice & Empowerment,https://dbttribal.gov.in,Direct Benefit Transfer Portal (DBT),4982
Social Justice & Empowerment,https://niepid.nic.in,National Institute for the Empowerment of Persons with Intellectual Disabilities,4985
Social Justice & Empowerment,https://pmagy.gov.in,Pradhan Mantri Adarsh Gram Yojana (PMAGY),4986
Social Justice & Empowerment,https://shramshakti.tribal.gov.in,National Tribal Migration Support Portal,4987
Social Justice & Empowerment,https://lmd.kerala.gov.in,"Legal Metrology Department, Kerala",4988
Social Justice & Empowerment,https://depwd.gov.in,Department of Empowerment of Persons with Disabilities,4989
Social Justice & Empowerment,https://womenandchildren.assam.gov.in,"Directorate of Social Welfare (Women and Child Development Sector), Assam",4990
Social Justice & Empowerment,https://dmc.delhi.gov.in,Delhi Minorities Commission,4991
Social Justice & Empowerment,https://sspa.gujarat.gov.in,"Sardar Sarovar Punarvasvat Agency, Gujarat",4993
Social Justice & Empowerment,https://jnanabhumi.ap.gov.in,"JanmaBhoomi, Andhra Pradesh",4994
Social Justice & Empowerment,https://pencil.gov.in,Platform for Effective Enforcement of No Child Labour (PENCIL),4995
Social Justice & Empowerment,https://swasthya.tribal.gov.in/home,"Swasthya, Tribal Health and Nutrition Portal",4996
Social Justice & Empowerment,https://aptwgurukulam.ap.gov.in,"GURUKULAM - Andhra Pradesh Tribal Welfare Residential Educational Institutions Society, Andhra Pradesh",4997
Social Justice & Empowerment,https://igr.jk.gov.in,"Registration Department, Jammu and Kashmir",4998
Social Justice & Empowerment,https://nskfdc.nic.in,National Safai Karamcharis Finance and Development Corporation (NSKFDC),5001
Social Justice & Empowerment,https://oasis.gov.in,"OASiS - Online Application for Scholarship in Studies, West Bengal",5004
Social Justice & Empowerment,https://grants.tribal.gov.in,Adivasi Grants Management System,5005
Social Justice & Empowerment,https://wbkanyashree.gov.in,"Kanyashree Prakalpa, West Bengal",5006
Social Justice & Empowerment,https://ncsc.nic.in,National Commission for Scheduled Castes (NCSC),5007
Social Justice & Empowerment,https://repository.tribal.gov.in,Tribal Digital Document Repository,5008
Social Justice & Empowerment,https://mahades.maharashtra.gov.in,"Directorate of Economics and Statistics, Maharashtra",5009
Social Justice & Empowerment,https://centralwaqfcouncil.gov.in,Central Waqf Council,5011
Social Justice & Empowerment,https://www.sainikwelfare.gujarat.gov.in,"Gujarat Sainik Welfare, Gujarat",5012
Social Justice & Empowerment,https://www.hpwc.kerala.gov.in,"Kerala State Differently Abled Welfare Corporation Limited, Kerala",5013
Social Justice & Empowerment,https://scholarship.odisha.gov.in,"State Scholarship Portal, Odisha",5014
Social Justice & Empowerment,https://www.meity.gov.in/,Ministry of Electronics & Information Technology,5015
Social Justice & Empowerment,https://svnirtar.nic.in,"Swami Vivekanand National Institute of Rehabilitation Training and Research (SVNIRTAR), Olatpur",5016
Social Justice & Empowerment,https://www.jkwdc.com,"Jammu & Kashmir  Women`s Development Corporation, Jammu and Kashmir",5017
Social Justice & Empowerment,https://www.nsfdc.nic.in,National Scheduled Castes Finance and Development Corporatioin (NSFDC),5018
Social Justice & Empowerment,https://stcmis.gov.in,Scheduled Tribe Component Monitoring System,5020
Social Justice & Empowerment,https://jiyoparsi.minorityaffairs.gov.in,Jiyo Parsi Scheme Portal,5023
Social Justice & Empowerment,https://www.gbpssi.in,"Govind Ballabh Pant Social Science Institute, Allahabad, Uttar Pradesh",5024
Social Justice & Empowerment,https://pension.socialjusticehry.gov.in,"Pension Portal, Department of Social Justice and Empowerment, Haryana",5025
Social Justice & Empowerment,https://dcw.delhi.gov.in,Delhi Commission for Women,5026
Social Justice & Empowerment,https://www.punarbhava.in,"Punarbhava, National Interactive Portal on Disability",5027
Social Justice & Empowerment,https://missionshakti.wcd.gov.in,Mission Shakti,5028
Social Justice & Empowerment,https://trti.gujarat.gov.in,"Gujarat Tribal Research & Training Society, Gujarat",5029
Social Justice & Empowerment,https://subhadra.odisha.gov.in,"SUBHADRA Yojana, Odisha",5030
Social Justice & Empowerment,https://dbtmis-msje.gov.in,Free Coaching Scheme for SC and OBC Students,5031
Social Justice & Empowerment,https://www.niohkol.nic.in,"National Institute for the Orthopaedically Handicapped (NIOH), Kolkata",5033
Social Justice & Empowerment,https://megscpwd.gov.in,"Office of the State Commissioner for Persons with Disabilities, Meghalaya",5034
Social Justice & Empowerment,https://sw.cg.gov.in,"Social Welfare Department, Chhattisgarh",5035
Social Justice & Empowerment,https://himachal.nic.in/hbcfdc,"Himachal Backward Classes Finance and Development Corporation, Himachal Pradesh",5036
Social Justice & Empowerment,https://www.tgtwgurukulam.telangana.gov.in,"Telangana Tribal Welfare Residential Educational Institutions Society (Gurukulam), Telangana",5037
Social Justice & Empowerment,https://ttwd.assam.gov.in,"Directorate of Tea Tribes and Adivasi Welfare, Assam",5038
Social Justice & Empowerment,https://ubdmis.telangana.gov.in,"Unified Birth & Death Registration, Telangana",5040
Social Justice & Empowerment,https://mksy.up.gov.in,"Mukhyamantri Kanya Sumangla Yojana, Uttar Pradesh",5042
Social Justice & Empowerment,https://ekalyan.bih.nic.in,"e-Kalyan Portal, Bihar",5043
Social Justice & Empowerment,https://thespringsportal.org,Spring Water Atlas,5045
Social Justice & Empowerment,https://sainikkalyanuk.gov.in,"Directorate of Soldier Welfare and Rehabilitation Board, Uttarakhand",5046
Social Justice & Empowerment,https://wakf.gov.in,राष्ट्रीय डब्ल्यूएएमएसआई परियोजना,5048
Social Justice & Empowerment,https://www.nstfdc.net,National Scheduled Tribes Finance and Development Corporation (NSTFDC),5049
Social Justice & Empowerment,https://mat.maharashtra.gov.in,"Administrative Tribunal, Maharashtra",5051
Social Justice & Empowerment,https://ayjnihh.nic.in,Ali Yavar Jung National Institute for the Hearing Handicapped (AYJNIHH),5052
Social Justice & Empowerment,https://ncst.nic.in,National Commission for Scheduled Tribes (NCST),5053
Social Justice & Empowerment,https://swachhatahiseva.gov.in,Swachhata Hi Seva 2024,5054
Social Justice & Empowerment,https://adiprasaran.tribal.gov.in,Adi-Prasarasn,5055
Social Justice & Empowerment,https://emrs.tribal.gov.in,National Education Society for Tribal Students,5056
Social Justice & Empowerment,https://socialwelfare.ladakh.gov.in,"Social & Tribal Welfare Department, Ladakh",5057
Social Justice & Empowerment,https://crcbhopal.nic.in,"Composite Regional Centre for Persons with Disabilities, Bhopal",5058
Social Justice & Empowerment,https://kscbc.kerala.gov.in,"The Kerala State Commission for Backward Classes, Kerala",5060
Social Justice & Empowerment,https://www.alimco.in,"Artificial Limbs Manufacturing Corporation of India (ALIMCO), Kanpur",5061
Social Justice & Empowerment,https://ksat.karnataka.gov.in,Karnataka State Administrative Tribunal,5063
Social Justice & Empowerment,https://icar-ciwa.org.in,ICAR-Central Institute for Women in Agriculture (ICAR-CIWA),5064
Social Justice & Empowerment,https://forestrights.nic.in,Scheduled Tribes and Other Traditional Forest Dwellers,5065
Social Justice & Empowerment,https://comm-tribal.gujarat.gov.in,"Commissionerate of Tribal Development, Gujarat",5066
Social Justice & Empowerment,https://nber-rehabcouncil.gov.in,"National Board of Examination in Rehabilitation (NBER), New Delhi",5069
Social Justice & Empowerment,https://wbsaboojsathi.gov.in,"Sabooj Sathi (Bi-cycle Distribution Scheme), West Bengal",5070
Social Justice & Empowerment,https://societyleague.telangana.gov.in,"Social, Tribal, BC, Minority and Residential Educational Institutions Societies, Telangana",5073
Social Justice & Empowerment,https://middaymeal.tn.gov.in,"Puratchi Thalaivar M.G.R. Nutritious Meal Programme (Mid Day Meal Scheme), Tamil Nadu",5074
Social Justice & Empowerment,https://socialwelfare.tripura.gov.in,"Directorate of Social Welfare and Social Education, Tripura",5075
Social Justice & Empowerment,https://pmdaksh.dosje.gov.in,Pradhan Mantri Dakshta Aur Kushalta Sampann Hitgrahi Yojana,5077
Social Justice & Empowerment,https://ccpdcourt.gov.in,Chief Commissioner for Persons with Disabilities Case Portal,5078
Social Justice & Empowerment,https://wdcw.tg.nic.in,"Women Development and Child Welfare Department, Telangana",5079
Social Justice & Empowerment,https://bcdd.kerala.gov.in,"Backward Classes Development Department, Kerala",5080
Social Justice & Empowerment,https://www.trdi.mp.gov.in,"Tribal Research and Development Institute, Madhya Pradesh",5081
Social Justice & Empowerment,https://nbcfdc.gov.in,National Backward Classes Finance and Development Corporation (NBCFDC),5082
Social Justice & Empowerment,https://ttaadc.gov.in,"Tripura Tribal Areas Autonomous District Council (TTAADC), Tripura",5083
Social Justice & Empowerment,https://nipccd.nic.in,National Institute of Public Cooperation and Child Development (NIPCCD),5084
Social Justice & Empowerment,https://dharani.telangana.gov.in,"Integrated Land Records Management System, Telangana",5085
Social Justice & Empowerment,https://wbat.gov.in,"Administrative Tribunal, West Bengal",5086
Social Justice & Empowerment,https://cgat.gov.in,Central Administrative Tribunal (CAT),5087
Social Justice & Empowerment,https://kescpcr.kerala.gov.in,"Kerala State Commission for Protection of Child Rights, Kerala",5088
Social Justice & Empowerment,https://gmchassam.gov.in,"Gauhati Medical College and Hospital, Assam",5089
Social Justice & Empowerment,https://adiprashikshan.tribal.gov.in,Adi Prashikshan,5090
Social Justice & Empowerment,https://crcdvg.nic.in,"Composite Regional Centre for Skill Development, Rehabilitation and Empowerment of Persons with Disabilities, Davanagere",5091
Social Justice & Empowerment,https://niepmd.tn.nic.in,National Institute for Empowerment of Persons with Multiple Disabilities (NIEPMD),5094
Social Justice & Empowerment,https://trifed.tribal.gov.in,Tribal Cooperative Marketing Development Federation of India (TRIFED),5096
Social Justice & Empowerment,https://tstribalwelfare.cgg.gov.in,"Tribal Welfare Department, Telangana",5097
Social Justice & Empowerment,https://tsobmms.cgg.gov.in,"Online Beneficiary Management and Monitoring System - OBMMS, Telangana",5098
Social Justice & Empowerment,https://uttarakhandwaqfboard.uk.gov.in,"Uttarakhand Waqf Board, Dehradun, Uttarakhand",5100
Social Justice & Empowerment,https://dsag.gujarat.gov.in,"Development Support Agency, Tribal Development Department, Gujarat",5103
Social Justice & Empowerment,https://crcnlr.nic.in,"Composite Regional Centre for Skill Development, Rehabilitation and Empowerment of Persons with Disabilities, Nellore",5104
Education & Training,https://braou.ac.in,"Dr. B.R. Ambedkar Open University, Telangana",5105
Education & Training,https://sundargarh.kvs.ac.in,"Kendriya Vidyalaya Sundargarh, Odisha",5106
Education & Training,https://iiitkottayam.ac.in,"Indian Institute of Information Technology (IIIT), Kottayam",5107
Education & Training,https://avadiafs.kvs.ac.in,"Kendriya Vidyalaya, AFS, Avadi, Tamil Nadu",5108
Education & Training,https://epathshala.nic.in,"Kendriya Vidayalaya Shahdol, Madhya Pradesh",5109
Education & Training,https://www.bauranchi.org,"Birsa Agricultural University, Ranchi, Jharkhand",5110
Education & Training,https://bsfchakur.kvs.ac.in,"Kendriya Vidyalaya BSF Chakur, Maharashtra",5111
Education & Training,https://no2vascodagama.kvs.ac.in,"Kendriya Vidyalaya No.2, Vasco Da Gamma",5112
Education & Training,https://rohyderabad.kvs.gov.in,"Kendriya Vidyalaya Sangathan, Regional Office, Hyderabad",5113
Education & Training,https://khammam.kvs.ac.in,"Kendriya Vidyalaya Khammam, Telangana",5114
Education & Training,https://nabinagar.kvs.ac.in,"Kendriya Vidyalaya NPGC Nabinagar, Aurangabad",5115
Education & Training,https://www.mamcollegejammu.in,"Maulana Azad Memorial College, Jammu and Kashmir",5116
Education & Training,https://www.aiimsraipur.edu.in,"All India Institute of Medical Sciences (AIIMS), Raipur",5117
Education & Training,https://www.cse.iitk.ac.in,"Department of Computer Science and Engineering, Indian Institute of Technology, Kanpur",5118
Education & Training,https://roagra.kvs.gov.in,"Kendriya Vidyalaya Sangathan, Regional Office, Agra",5119
Education & Training,https://rotinsukia.kvs.gov.in,"Kendriya Vidyalaya Sangathan, Regional Office, Tinsukia",5120
Education & Training,https://mgcub.ac.in,"Mahatma Gandhi Central University (MGCUB), Motihari",5121
Education & Training,https://dhsgsu.edu.in,"Dr. Harisingh Gour University, Sagar, Madhya Pradesh",5122
Education & Training,https://ghazipur.kvs.ac.in,"Kendriya Vidyalaya Ghazipur, Uttar Pradesh",5123
Education & Training,https://fortwilliam.kvs.ac.in,"Kendriya Vidyalaya Fort William, Kolkata",5124
Education & Training,https://no1stcjabalpur.kvs.ac.in,"Kendriya Vidyalaya No.1, STC, Jabalpur",5125
Education & Training,https://nta.ac.in,National Testing Agency (NTA),5126
Education & Training,https://cgdme.admissions.nic.in,Chhattisgarh Medical Counselling,5127
Education & Training,https://www.cet.ac.in,"College of Engineering Trivandrum, Kerala",5128
Education & Training,https://bundi.kvs.ac.in,"Kendriya Vidyalaya Bundi, Jaipur",5129
Education & Training,https://no2jamnagar.kvs.ac.in,"Kendriya Vidyalaya No. 2, INF Lines, Jamnagar, Gujarat",5130
Education & Training,https://mamc.delhi.gov.in,"Maulana Azad Medical College, Delhi",5131
Education & Training,https://nitdgp.ac.in,"National Institute of Technology (NIT), Durgapur",5132
Education & Training,https://bboseonline.bih.nic.in/WP/BBOSE/Default.aspx,Bihar Board of Open Schooling & Examination,5133
Education & Training,https://dbnn.delhi.gov.in,"DIET, Bhola Nath Nagar, Shahdara, Delhi",5134
Education & Training,https://no2sibsagar.kvs.ac.in,"Kendriya Vidyalaya ONGC, Nazira, Shivsagar",5135
Education & Training,https://nsktu.ac.in,"National Sanskrit University, Tirupati",5136
Education & Training,https://no2pondicherry.kvs.ac.in,"Kendriya Vidyalaya No.2, Kalapet, Puducherry",5137
Education & Training,https://mpissr.org,"M. P. Institute of Social Science Research (MPISSR), Bhopal",5138
Education & Training,https://mniti.delhi.gov.in,"ITI Malviya Nagar, Delhi",5139
Education & Training,https://www.iuac.res.in,Inter University Accelerator Centre (IUAC) New Delhi,5140
Education & Training,https://www.nift.ac.in,"National Institute of Fashion Technology (NIFT), New Delhi",5141
Education & Training,https://no1tirupati.kvs.ac.in,Kendriya Vidyalaya  No.1 Tirupati,5142
Education & Training,https://nerie.nic.in,"North East Regional Institute of Education (NERIE), Shillong",5143
Education & Training,https://no3imphal.kvs.ac.in,"Kendriya Vidyalaya Leimakhong, Mantripukhri",5144
Education & Training,https://sheohar.kvs.ac.in,"Kendriya Vidyalaya Sheohar, Bihar",5145
Education & Training,https://rajampet.kvs.ac.in,"Kendriya Vidyalaya Rajampet, Hyderabad",5146
Education & Training,https://no2baroda.kvs.ac.in,"Kendriya Vidyalaya No.2 EME Baroda, Gujarat",5147
Education & Training,https://www.autmdu.in,"Anna University Regional Campus (AURCM), Madurai, Tamil Nadu",5148
Education & Training,https://avadicrpf.kvs.ac.in,"Kendriya Vidyalaya, CRPF, Avadi, Chennai, Tamil Nadu",5149
Education & Training,https://ddg.delhi.gov.in,"DIET, Darya Ganj, New Delhi",5150
Education & Training,https://crpfyelahanka.kvs.ac.in,"Kendriya Vidyalaya CRPF, Yelahanka",5151
Education & Training,https://no1barauni.kvs.ac.in,"Kendriya Vidyalaya No.1 Barauni, Patna",5152
Education & Training,https://www.iiml.ac.in,"Indian Institute of Management (IIM), Lucknow",5153
Education & Training,https://www.ihmbangalore.kar.nic.in,"Institute of Hotel Managment, Bangalore",5154
Education & Training,https://sonpur.kvs.ac.in,"Kendriya Vidyalaya Sonpur, Bihar",5155
Education & Training,https://no3gandhinagarcantt.kvs.ac.in,"Kendriya Vidyalaya No.3 Gandhinagar Cantt, Ahmedabad",5156
Education & Training,https://ksicl.org,"Kerala State Institute of Children Literature, Kerala",5157
Education & Training,https://www.ietlucknow.ac.in,"Institute of Engineering and Technology, Lucknow, Uttar Pradesh",5158
Education & Training,https://www.cukerala.ac.in,"Central University of Kerala, Kasaragod, Kerala",5159
Education & Training,https://www.okd.in,Omeo Kumar Das Institute of Social Change and Development (OKDISCD),5160
Education & Training,https://no2angul.kvs.ac.in,"Kendriya Vidyalaya No.2, Angul, Odisha",5162
Education & Training,https://pareekshabhavan.kerala.gov.in,"Kerala Pareeksha Bhavan, Office of The Commissioner of Government Examinations, Kerala",5163
Education & Training,https://chandrapura.kvs.ac.in,"Kendriya Vidyalaya CTPS Chandrapura, Bokaro, Jharkhand",5164
Education & Training,https://no2colaba.kvs.ac.in,"Kendriya Vidyalaya No.2 Colaba, Mumbai",5165
Education & Training,https://nasirabad.kvs.ac.in,"Kendriya Vidyalaya Nasirabad, Jaipur",5166
Education & Training,https://saranbela.kvs.ac.in,"Kendriya Vidyalaya Bela, Saran",5167
Education & Training,https://seoni.kvs.ac.in,"Kendriya Vidyalaya Seoni, Madhya Pradesh",5168
Education & Training,https://www.nehu.ac.in,"North Eastern Hill University (NEHU), Shillong",5169
Education & Training,https://lumaminu.kvs.ac.in,"Kendriya Vidyalaya Lumani,Nagaland",5170
Education & Training,https://rgnv-usn.uk.gov.in,"Rajeev Gandhi Navodaya Vidyalaya, Udham Singh Nagar, Uttarakhand",5171
Education & Training,https://rgnv-ntl.uk.gov.in,"Rajeev Gandhi Navodaya Vidyalaya, Nainital, Uttarakhand",5172
Education & Training,https://www.iiit-bh.ac.in,"International Institute of Information Technology (IIT), Bhubaneswar",5173
Education & Training,https://www.ihmkkr.com,"Institute of Hotel Management, Catering Technology and Applied Nutrition, Kurukshetra",5174
Education & Training,https://venkatagiri.kvs.ac.in,"Kendriya Vidyalaya Venkatagiri, Hyderabad",5175
Education & Training,https://www.nitrkl.ac.in,"National Institute of Technology (NIT), Rourkela",5176
Education & Training,https://ntpckahalgaon.kvs.ac.in,"Kendriya Vidyalaya Deeptinagar, NTPC Kahalgaon, Bihar",5177
Education & Training,https://tinvari.kvs.ac.in,"Kendriya Vidyalaya Tinvari, Jodhpur",5178
Education & Training,https://nalgonda.kvs.ac.in,"Kendriya Vidyalaya Nalgonda, Hyderabad",5179
Education & Training,https://www.niih.org.in,"ICMR-National Institute of Immunohaematology, Mumbai",5180
Education & Training,https://www.baou.edu.in,"Dr. Babasaheb Ambedkar Open University, Ahmedabad, Gujarat",5181
Education & Training,https://no2faridabad.kvs.ac.in,"Kendriya Vidyalaya No.2 - Faridabad, Haryana",5182
Education & Training,https://golaghat.kvs.ac.in,"Kendriya Vidyalaya Golaghat, Guwahati",5183
Education & Training,https://www.nift.ac.in/kolkata,"National Institute of Fashion Technology (NIFT), Kolkata",5184
Education & Training,https://www.niperhajipur.ac.in,"National Institute of Pharmaceutical Education and Research (NIPER), Hajipur",5185
Education & Training,https://www.bepcssa.in/en,Bihar Education Project Council (BEPC),5186
Education & Training,https://maithandam.kvs.ac.in,"Kendriya Vidyalaya Maithon, Dhanbad",5187
Education & Training,https://no2iocbarauni.kvs.ac.in,"Kendriya Vidyalaya No.2 IOC, Barauni, Bihar",5188
Education & Training,https://singrauli.kvs.ac.in,"Kendriya Vidyalaya Singrauli, Jabalpur",5189
Education & Training,https://www.dsek.nic.in,"Directorate of School Education Kashmir, Jammu and Kashmir",5190
Education & Training,https://no5bhatinda.kvs.ac.in,"Kendriya Vidyalaya No.5 Bathinda Cantt, Punjab",5191
Education & Training,https://no2mircahmednagar.kvs.ac.in,"Kendriya Vidyalaya No.2 MIRC, Ahmednagar",5192
Education & Training,https://pandhurna.kvs.ac.in,"Kendriya Vidyalaya Pandhurna, Jabalpur",5193
Education & Training,https://efluniversity.ac.in,"English and Foreign Languages University, Hyderabad",5194
Education & Training,https://gunotsav.gujarat.gov.in,"Gunotsav - Education Department, Gujarat",5195
Education & Training,https://no1patna.kvs.ac.in,"Kendriya Vidyalaya No.1 Kankarbagh, Patna, Bihar",5196
Education & Training,https://no4pathankot.kvs.ac.in,"Kendriya Vidyalaya No.4, Mamoon Cantt., Pathankot",5197
Education & Training,https://vfjabalpur.kvs.ac.in,"Kendriya Vidyalaya Vehicle Factory, VF Estate Jabalpur",5198
Education & Training,https://osme.co.in,"Odisha School of Mining Engineering, Keonjhar, Odisha",5199
Education & Training,https://jalipacantt.kvs.ac.in,"Kendriya Vidyalaya Jalipa Cantt, Barmer",5200
Education & Training,https://amerigogcrpf.kvs.ac.in,"Kendriya Vidyalaya Amerigog, Guwahati",5201
Education & Training,https://ati.msme.gov.in,National MSME Trainee Database,5202
Education & Training,https://www.hindisansthan.in,"Kendriya Hindi Sansthan, Agra",5203
Education & Training,https://no1hubli.kvs.ac.in,"Kendriya Vidyalaya No.1, Hubballi, Dharwad",5204
Education & Training,https://hbtu.ac.in,"Harcourt Butler Technical University (HBTU), Kanpur, Uttar Pradesh",5205
Education & Training,https://mjpru.ac.in,"Mahatma Jyotiba Phule Rohilkhand University (MJPRU), Bareilly, Uttar Pradesh",5206
Education & Training,https://lohardaga.kvs.ac.in,"Kendriya Vidyalaya Lohardaga, Ranchi",5207
Education & Training,https://tarkeswar.kvs.ac.in,"Kendriya Vidyalaya Tarakeswar, Kolkata",5208
Education & Training,https://mpsos.nic.in,"Madhya Pradesh State Open School Education Board, Madhya Pradesh",5209
Education & Training,https://crl.du.ac.in,Delhi University Library System (DULS),5210
Education & Training,https://www.iitrpr.ac.in,"Indian Institute of Technology (IIT), Rupnagar",5211
Education & Training,https://www.kannuruniversity.ac.in,"Kannur University, Kerala",5212
Education & Training,https://baripada.kvs.ac.in,"Kendiya Vidyalaya, Baripada, Mayurbhanj, Odisha",5213
Education & Training,https://no2tirupati.kvs.ac.in,"Kendriya Vidyalaya No.2  CRS, Tirupati",5214
Education & Training,https://ajni.kvs.ac.in,"Kendriya Vidyalaya, Ajni, Nagpur",5215
Education & Training,https://iiitranchi.ac.in,"Indian Institute of Information Technology (IIIT), Ranchi",5216
Education & Training,https://nehumba.nic.in,"Department of Management, North Eastern Hill University, Tura Campus, Meghalaya",5217
Education & Training,https://purnia.kvs.ac.in,"Kendriya Vidyalaya AFS Purnea, Patna",5218
Education & Training,https://scertodisha.nic.in,"Directorate of TE & SCERT, Odisha",5219
Education & Training,https://www.cwds.ac.in,Centre for Womens Development Studies (CWDS),5220
Education & Training,https://sivaganga.kvs.ac.in,"Kendriya Vidyalaya, Sivaganga, Tamilnadu",5221
Education & Training,https://iimc.gov.in,Indian Institute of Mass Communication (IIMC),5223
Education & Training,https://cos.gujarat.gov.in,"Commissionerate of Schools, Gujarat",5224
Education & Training,https://crpframpur.kvs.ac.in,Kendriya Vidyalaya CRPF Rampur,5225
Education & Training,https://jharsuguda.kvs.ac.in,"Kendriya Vidyalaya Jharsuguda, Odisha",5226
Education & Training,https://ldce.ac.in,"L. D. College of Engineering, Gujarat",5227
Education & Training,https://khatkhaticrpf.kvs.ac.in,"Kendriya Vidyalaya Khatkhati, Guwahati",5228
Education & Training,https://afsmemaura.kvs.ac.in,"Kendriya Vidyalaya AFS Memaura, Lucknow",5229
Education & Training,https://www.iimcal.ac.in,"Indian Institute of Management (IIM), Calcutta",5230
Education & Training,https://raebareli.kvs.ac.in,"Kendriya Vidyalaya Raebareli, Lucknow",5231
Education & Training,https://www.nift.ac.in/jodhpur,"National Institute of Fashion Technology (NIFT), Jodhpur",5232
Education & Training,https://ainwan.kvs.ac.in,"Kendriya Vidyalaya Jehanabad, Bihar",5233
Education & Training,https://faizabadcantt.kvs.ac.in,"Kendriya Vidyalaya Faizabad, Lucknow",5234
Education & Training,https://no1faridabad.kvs.ac.in,"Kendriya Vidyalaya No.1 Faridabad, Haryana",5235
Education & Training,https://sainj.kvs.ac.in,"Kendriya Vidyalaya  N.H.P.C Sainj, Kullu",5236
Education & Training,https://mankhurd.kvs.ac.in,"Kendriya Vidyalaya Mankhurd, Mumbai",5237
Education & Training,https://no1jodhpur.kvs.ac.in,"Kendriya Vidyalaya No.1, Army Jodhpur, Jaipur",5238
Education & Training,https://ait.delhi.gov.in,"Ambedkar Institute of Advanced Communication Technologies & Research, Delhi",5239
Education & Training,https://www.imu.edu.in,Indian Maritime University,5240
Education & Training,https://www.nitt.edu,"National Institute of Technology (NIT), Tiruchirappalli",5241
Education & Training,https://no3agracantt.kvs.ac.in,"Kendriya Vidyalaya No.-3, W.A.C. Lines, Agra, Uttar Pradesh",5242
Education & Training,https://ambassa.kvs.ac.in,"Kendriya Vidyalaya Aambasa, Tripura",5243
Education & Training,https://www.nalandauniv.edu.in,Nalanda University,5244
Education & Training,https://chitrakoot.kvs.ac.in,"Kendriya Vidyalaya Chitrakoot, Varanasi",5245
Education & Training,https://www.iittmnoida.ac.in,"Indian Institute of Tourism and Travel Management (IITTM), Noida",5246
Education & Training,https://udupi.kvs.ac.in,"Kendriya Vidyalaya Udupi, Karnataka",5247
Education & Training,https://hp.gov.in/hpperc,"Himachal Pradesh Private Educational Institutions Regulatory Commission, Himachal Pradesh",5248
Education & Training,https://socialwelfare.ladakh.gov.in/rewa,"REWA - LT. Governor Student Support, Scholarship, Ladakh",5249
Education & Training,https://www.ncsarakkonam.edu.in,"Navy Children School, Rajali, Arakkonam, Vellore, Tamil Nadu",5250
Education & Training,https://itivv.delhi.gov.in,"ITI, for Women Vivek Vihar, Delhi",5251
Education & Training,https://chopan.kvs.ac.in,"Kendriya Vidyalaya Chopan, Sonebhadra, Uttar Pradesh",5252
Education & Training,https://www.curaj.ac.in,Central University of Rajasthan,5253
Education & Training,https://www.ihmbti.com,"Institute of Hotel Management Catering Technology and Applied Nutrition, Bathinda, Punjab",5254
Education & Training,https://ipr.ap.nic.in,"Department of Information and Public Relations, Andhra Pradesh",5255
Education & Training,https://aocjabalpur.kvs.ac.in,"Kendriya Vidyalaya AOC, Jabalpur",5256
Education & Training,https://yawatmal.kvs.ac.in,"Kendriya Vidyalaya Yawatmal, Mumbai",5257
Education & Training,https://no2patna.kvs.ac.in,"Kendriya Vidyalaya No.2, Bailey Road, Patna",5258
Education & Training,https://shivamogga.kvs.ac.in,"Kendriya Vidyalaya Shivamogga, Karnataka",5259
Education & Training,https://banka.kvs.ac.in,"Kendriya Vidyalaya Banka, Patna",5260
Education & Training,https://ofdumdum.kvs.ac.in,"Kendriya Vidyalaya Ordnance Factory Dum Dum, Kolkata",5261
Education & Training,https://mgsipa.punjab.gov.in,"Mahatma Gandhi State Institute of Public Administration (MGSIPAP), Punjab",5262
Education & Training,https://odl.ptu.ac.in,"Department of Open Distance Education, Punjab",5263
Education & Training,https://www.cuhimachal.ac.in,Central University of Himachal Pradesh,5264
Education & Training,https://crpfkohima.kvs.ac.in,"Kendriya Vidyalaya Kohima, Nagaland",5265
Education & Training,https://no1portblair.kvs.ac.in,"Kendriya Vidyalaya No.1, Port Blair",5266
Education & Training,https://no1udaipur.kvs.ac.in,"Kendriya Vidyalaya No.1, Udaipur, Rajasthan",5267
Education & Training,https://ggu.ac.in,"Guru Ghasidas Vishwavidyalaya, Bilaspur, Chhattisgarh",5268
Education & Training,https://aizawal.kvs.ac.in,"Kendriya Vidyalaya Aizawl, Mizoram",5269
Education & Training,https://nepabarapani.kvs.ac.in,"Kendriya Vidyalaya NEPA, Barapani",5270
Education & Training,https://lakhisarai.kvs.ac.in,"Kendriya Vidyalaya Lakhisarai, Bihar",5271
Education & Training,https://ati.mizoram.gov.in,"Administrative Training Institute (ATI), Mizoram",5272
Education & Training,https://dsrvsindia.ac.in,Institute of Digital Education and Employment Development,5273
Education & Training,https://ongcdehradun.kvs.ac.in,"Kendriya Vidyalaya, ONGC, Dehradun",5274
Education & Training,https://www.vhseportal.kerala.gov.in,"Directorate of Vocational Higher Secondary Education, Kerala",5275
Education & Training,https://dietsohra.gov.in,"District Institute of Education and Training, Cherrapunjee, Meghalaya",5276
Education & Training,https://gerukamukh.kvs.ac.in,"Kendriya Vidyalaya NHPC Gerukamukh, Dhemaji",5277
Education & Training,https://durg.kvs.ac.in,"Kendriya Vidyalaya Durg, Raipur",5278
Education & Training,https://crpfmountabu.kvs.ac.in,"Kendriya Vidyalaya ISA, Mount Abu, Jaipur",5279
Education & Training,https://www.gpcfzr.in,"Government Polytechnic College, Ferozepur, Punjab",5281
Education & Training,https://aasc.assam.gov.in,Assam Administrative Staff College (AASC),5282
Education & Training,https://santragachi.kvs.ac.in,"Kendriya Vidyalaya Santragachi, Kolkata",5283
Education & Training,https://aiimsrishikesh.edu.in,"All India Institute of Medical Sciences (AIIMS), Rishikesh",5284
Education & Training,https://niperahm.ac.in,"National Institute of Pharmaceutical Education and Research (NIPER), Ahmedabad",5285
Education & Training,https://www.kswu.ac.in,"Karnataka State Akkamahadevi Women's University, Vijayapura, Karnataka",5286
Education & Training,https://bhawanipatna.kvs.ac.in,"Kendriya Vidyalaya Bhawanipatna, Kalahandi, Odisha",5287
Education & Training,https://iiitt.ac.in,"Indian Institute of Information Technology (IIIT), Tiruchirappalli",5288
Education & Training,https://ganeshkhind.kvs.ac.in,"Kendriya Vidyalaya Ganeshkhind, Pune",5289
Education & Training,https://chd.education.gov.in,"Central Hindi Directorate, New Delhi",5290
Education & Training,https://no2indore.kvs.ac.in,"Kendriya Vidyalaya No.2, Bijasan Tekari, Indore, Madhya Pradesh",5291
Education & Training,https://duliajan.kvs.ac.in,"Kendriya Vidyalaya Duliajan, Tinsukia",5292
Education & Training,https://gdp.nic.in,"Gomati District Polytechnic, Fulkumari, Udaipur, Tripura",5293
Education & Training,https://pmi.ntpc.co.in,"Power Management Institute (PMI), Uttar Pradesh",5294
Education & Training,https://rohtak.kvs.ac.in,"Kendriya Vidyalaya Rohtak, Haryana",5295
Education & Training,https://wbsadte.gov.in,"Directorate of State Archives, West Bengal",5296
Education & Training,https://mdmlakshadweep.utl.gov.in,"Mid Day Meal Scheme, Lakshadweep",5297
Education & Training,https://ongcagartala.kvs.ac.in,"Kendriya Vidyalaya ONGC, Agartala",5298
Education & Training,https://www.iitj.ac.in,"Indian Institute of Technology (IIT), Jodhpur",5299
Education & Training,https://khurud.kvs.ac.in,"Kendriya Vidyalaya Kurud, Raipur",5300
Education & Training,https://ranaghat.kvs.ac.in,"Kendriya Vidyalaya Ranaghat, Kolkata",5301
Education & Training,https://khetrinagar.kvs.ac.in,"Kendriya Vidyalaya Khetri Nagar, Jhunjhunu",5302
Education & Training,https://afsbamrauli.kvs.ac.in,"Kendriya Vidyalaya AFS Bamrauli, Varanasi",5303
Education & Training,https://gdcktripura.nic.in,"Government Degree College, Kamalpur, Dhalai, Tripura",5304
Education & Training,https://nmujalgaon.kvs.ac.in,"Kendriya Vidyalaya Jalgaon, Maharashtra",5305
Education & Training,https://www.iimk.ac.in,"Indian Institute of Management (IIM), Kozhikode",5306
Education & Training,https://naleti.kvs.ac.in,"Kendriya Vidyalaya  Naleti, Kangra",5307
Education & Training,https://bsfhazaribagh.kvs.ac.in,"Kendriya Vidyalaya BSF Hazaribagh, Jharkhand",5308
Education & Training,https://newmehrauliroadjnu.kvs.ac.in,"Kendriya Vidyalaya, JNU Campus, New Delhi",5310
Education & Training,https://postmatric-scholarship.cg.nic.in,"Post Matric Scholarship Portal, Chhattisgarh",5311
Education & Training,https://krishnarajapuram.kvs.ac.in,"Kendriya Vidyalaya Krishna Rajapuram, Karnataka",5312
Education & Training,https://bse.telangana.gov.in,"Directorate of Government Examinations, Telangana",5313
Education & Training,https://puri.kvs.ac.in,"Kendriya Vidyalaya, Puri, Odisha",5314
Education & Training,https://iimkashipur.ac.in,"Indian Institute of Management (IIM), Kashipur",5315
Education & Training,https://b-u.ac.in,"Bharathiar University, Coimbatore, Tamil Nadu",5316
Education & Training,https://iiitmanipur.ac.in,"Indian Institute of Information Technology (IIIT), Manipur",5317
Education & Training,https://oefkanpur.kvs.ac.in,"Kendriya Vidyalaya OEF Kanpur, Lucknow",5318
Education & Training,https://iescindia.com,Infrastructure Equipment Skill Council (IESC),5319
Education & Training,https://www.gdchahmd.org,"Government Dental College & hospital, Ahmedabad, Gujarat",5320
Education & Training,https://chakradharpur.kvs.ac.in,"Kendriya Vidyalaya Chakradharpur, Jharkhand",5321
Education & Training,https://tura.kvs.ac.in,"Kendriya Vidyalaya Tura, Meghalaya",5322
Education & Training,https://no2udhampur.kvs.ac.in,"Kendriya Vidyalaya No.2, Udhampur",5323
Education & Training,https://nalandaof.kvs.ac.in,"Kendriya Vidyalaya Nalanda, Bihar",5324
Education & Training,https://hindiacademy.delhi.gov.in,"Hindi Academy, Delhi",5325
Education & Training,https://no1imphal.kvs.ac.in,"Kendriya Vidyalaya No.1 Lamphelpat, Imphal, Manipur",5326
Education & Training,https://rangapahar.kvs.ac.in,"Kendriya Vidyalaya Rangapahar, Dimapur",5327
Education & Training,https://avadiocf.kvs.ac.in,"Kendriya Vidyalaya OCF, Avadi, Chennai, Tamil Nadu",5328
Education & Training,https://shmch.delhi.gov.in,"Dr. B. R. Sur Homeopathic Medical College, Hospital and Research Centre, Delhi",5329
Education & Training,https://karaikudicecri.kvs.ac.in,Kendriya Vidyalaya Karaikudi,5330
Education & Training,https://www.iitbhu.ac.in,"Indian Insttitute of Technology (BHU), Varanassi",5331
Education & Training,https://no2gaya.kvs.ac.in,"Kendriya Vidyalaya No.2, Gaya, Bihar",5332
Education & Training,https://junagarh.kvs.ac.in,"Kendriya Vidyalaya Junagadh, Gujarat",5333
Education & Training,https://www.gpamritsar.org,"Government Polytechnic, Amritsar, Punjab",5334
Education & Training,https://iimnagpur.ac.in,"Indian Institute of Management (IIM), Nagpur",5335
Education & Training,https://drn.delhi.gov.in,"DIET, Rajinder Nagar, New Delhi",5336
Education & Training,https://bargarh.kvs.ac.in,"Kendriya Vidyalaya Bargarh, Odisha",5337
Education & Training,https://www.nitk.ac.in,"National Institute of Technology (NIT), Surathkal",5338
Education & Training,https://tiruchur.kvs.ac.in,"Kendriya Vidyalaya, Puranattukara, Thrissur",5339
Education & Training,https://no1bokaro.kvs.ac.in,"Kendriya Vidyalaya No. 1, Bokaro, Jharkhand",5340
Education & Training,https://gpfatehpur.org,"Government Polytechnic, Fatehpur, Uttar Pradesh",5341
Education & Training,https://angul.kvs.ac.in,"Kendriya Vidyalaya, Angul, Odisha",5342
Education & Training,https://www.ihmjaipur.com,"Institute of Hotel Management, Catering Technology and Applied Nutrition, Jaipur",5343
Education & Training,https://www.rtu.ac.in,"Rajasthan Technical University (RTU), Kota, Rajasthan",5344
Education & Training,https://portal.mhrdnats.gov.in,National Apprenticeship Training Scheme (NATS),5345
Education & Training,https://matiakabarpur.kvs.ac.in,"Kendriya Vidyalaya Mati, Akbarpur, Kanpur Dehat",5346
Education & Training,https://keylonglahaulspiti.kvs.ac.in,"Kendriya Vidyalaya Keylong, Himachal Pradesh",5347
Education & Training,https://matanhail.kvs.ac.in,"Kendriya Vidyalaya Matanhail, Gurgaon",5348
Education & Training,https://no4cochin.kvs.ac.in,"Kendriya Vidyalaya, INS Dronacharya, Cochin",5349
Education & Training,https://www.iiitp.ac.in,"Indian Institute of Information Technology (IIIT), Pune",5351
Education & Training,https://gbpec.delhi.gov.in,"G.B. Pant Government Engineering College, Delhi",5352
Education & Training,https://www.isid.ac.in,"Indian Statistical Institute (ISI), Delhi",5353
Education & Training,https://www.gbu.ac.in,"Gautam Buddha University, Uttar Pradesh",5354
Education & Training,https://bsfpokhran.kvs.ac.in,"Kendriya Vidyalaya BSF, Pokhran",5355
Education & Training,https://www.atiwb.gov.in,"Netaji Subhas Administrative Training Institute (ATI), West Bengal",5356
Education & Training,https://ernakulam.kvs.ac.in,"Kendriya Vidyalaya Ernakulam, Kerala",5357
Education & Training,https://aayervaranasi.kvs.ac.in,"Kendriya Vidyalaya Aayer, Varanasi",5358
Education & Training,https://no1kota.kvs.ac.in,"Kendriya Vidyalaya No.1, Kota, Rajasthan",5360
Education & Training,https://chikodi.kvs.ac.in,"Kendriya Vidyalaya Chikodi, Karnataka",5361
Education & Training,https://dgme.up.gov.in,"Directorate of Medical Education and Training, Uttar Pradesh",5362
Education & Training,https://cadcentreju.org,"Computer Aided Design Centre, Jadavpur University, West Bengal",5363
Education & Training,https://bagdogra.kvs.ac.in,"Kendriya Vidyalaya AFS Bagdogra, Kolkata",5364
Education & Training,https://hamirpur.kvs.ac.in,"Kendriya Vidyalaya   Hamirpur, Himachal Pradesh",5365
Education & Training,https://www.nift.ac.in/shillong,"National Institute of Fashion Technology (NIFT), Shillong",5366
Education & Training,https://dodl.klyuniv.ac.in,"Directorate of Open and Distance Learning (DODL) - University of Kalyani, West Bengal",5367
Education & Training,https://www.rkcl.in,"Rajasthan Knowledge Corporation Limited, Rajasthan",5368
Education & Training,https://ntpcdibyapur.kvs.ac.in,"Kendriya Vidyalaya NTPC, Dibiyapur",5369
Education & Training,https://no2shahjahanpur.kvs.ac.in,"Kendriya Vidyalaya No.2 OCF Shahjahanpur, Lucknow",5370
Education & Training,https://www.edcilindia.co.in,Educational Consultants India Limited (EDCIL),5371
Education & Training,https://dholpur.kvs.ac.in,"Kendriya Vidyalaya Dholpur, Rajasthan",5372
Education & Training,https://robhopal.kvs.gov.in,"Kendriya Vidyalaya Sangathan Bhopal Region, Madhya Pradesh",5373
Education & Training,https://no2arakkonam.kvs.ac.in,"Kendriya Vidyalaya No.II CISF Arakkonam, Tamilnadu",5374
Education & Training,https://saharsa.kvs.ac.in,"Kenndriya Viyalaya Saharsa, Bihar",5375
Education & Training,https://www.gmcs.edu.in,"Government Medical College Srinagar and it's Associated Hospitals, Jammu and Kashmir",5376
Education & Training,https://gmcjammu.nic.in,"Government Medical College Jammu, Jammu and Kashmir",5377
Education & Training,https://garhwa.kvs.ac.in,"Kendriya Vidyalaya Garhwa, Jharkhand",5378
Education & Training,https://crpfmokamghat.kvs.ac.in,"Kendriya Vidyalaya, C.R.P.F. Mokamaghat, Bihar",5380
Education & Training,https://no1mangalore.kvs.ac.in,"Kendriya Vidyalaya No.1, Mangalore, Karnataka",5381
Education & Training,https://borjhar.kvs.ac.in,"Kendriya Vidyalaya AFS Borjhar, Guwahati",5382
Education & Training,https://bilaspur.kvs.ac.in,"Kendriya Vidyalaya, Bilaspur, Chhattisgarh",5383
Education & Training,https://ofambarnath.kvs.ac.in,"Kendriya Vidyalaya Ambarnath, Thane",5384
Education & Training,https://pulgaoncamp.kvs.ac.in,"Kendriya Vidyalaya Pulgaon Camp, Wardha",5385
Education & Training,https://afsdarjeepura.kvs.ac.in,"Kendriya Vidyalaya Darjipura, Vadodara",5386
Education & Training,https://afsyelahanka.kvs.ac.in,"Kendriya Vidyalaya AFS Yelahanka, Bengaluru",5387
Education & Training,https://www.srkgacyanam.edu.in/information?page=5c5d1b1c0d497,"Dr. Sarvepalli Radhakrishnan Government Arts College, Yanam, Puducherry",5389
Education & Training,https://mgrly.kvs.ac.in,"Kendriya Vidyalay Railway Colony, M G Colony, Bangalore",5390
Education & Training,https://iittmsouth.org,"Indian Institute of Tourism and Travel management (IITTM), Nellore",5391
Education & Training,https://nerist.kvs.ac.in,"Kendriya Vidyalaya Nerist, Nirjuli",5392
Education & Training,https://afskumbhirgram.kvs.ac.in,"Kendriya Vidyalaya Air Force Station, Kumbhirgram",5393
Education & Training,https://ihmshimla.ac.in,"Institute of Hotel Management, Catering and Nutrition, Kufri",5394
Education & Training,https://nitc.ac.in,"National Institute of Technology (NIT), Calicut",5395
Education & Training,https://ecounselling.utl.gov.in,"Online Seat Allotment, Department of Education, Lakshadweep",5396
Education & Training,https://jkpubliclibraries.nic.in,"Department of Libraries & Research, Jammu & Kashmir",5397
Education & Training,https://sociology.du.ac.in,"Department of Sociology, Delhi School of Economics",5398
Education & Training,https://kaluchak.kvs.ac.in,"Kendriya Vidyalaya Kaluchak, Jammu",5399
Education & Training,https://gpcwkandaghat.nic.in,"Government Polytechnic for Women, Kandaghat, Himachal Pradesh",5400
Education & Training,https://dhas.assam.gov.in,"Directorate of Historical and Antiquarian studies, Assam",5401
Education & Training,https://dumka.kvs.ac.in,"Kendriya Vidyalaya Dumka, Jharkhand",5402
Education & Training,https://www.pondiuni.edu.in,Pondicherry University,5403
Education & Training,https://robangalore.kvs.gov.in,"Kendriya Vidyalaya Sangathan (KVS), Bangalore Region",5404
Education & Training,https://dtek.karnataka.gov.in,Department of Technical Education,5405
Education & Training,https://amethi.kvs.ac.in,"Kendriya Vidyalaya Amethi, Uttar Pradesh",5406
Education & Training,https://nchmjee.nta.nic.in,National Council for Hotel Management,5407
Education & Training,https://drysrhu.ap.gov.in,"Dr. Y.S.R Horticultural University, Andhra Pradesh",5408
Education & Training,https://bhadrakcollege.nic.in,"Bhadrak Autonomous College, Odisha",5409
Education & Training,https://dietnongpoh.gov.in,"District Institute of Education and Training, Nongpoh, Meghalaya",5410
Education & Training,https://mashrak.kvs.ac.in,"Kendriya Vidyalaya Mashrak, Sharan",5411
Education & Training,https://jhabuagail.kvs.ac.in,"Kendriya Vidyalaya Gail Jhabua, Bhopal",5412
Education & Training,https://itinizamuddin.delhi.gov.in,"ITI, Arab Ki Sarai, Nizamuddin, Delhi",5413
Education & Training,https://dibrugarh.kvs.ac.in,"Kendriya Vidyalaya Dibrugarh, Tinsukia",5414
Education & Training,https://www.ccetdiploma.edu.in,Chandigarh College of Engineering and Technology (Diploma Wing),5415
Education & Training,https://www.gckattappana.ac.in,"Government College, Kattapana, Kerala",5416
Education & Training,https://psscive.ac.in,Pandit Sunderlal Sharma Central Institute of Vocational Education,5417
Education & Training,https://mirzapur.kvs.ac.in,"Kendriya Vidyalaya Mirzapur, Varanasi",5418
Education & Training,https://afssingharshi.kvs.ac.in,"Kendriya Vidyalaya, Air Force Station, Sinagharsi, Jharkhand",5419
Education & Training,https://chittaranjanclw.kvs.ac.in,"Kendriya Vidyalaya Chittaranjan, Kolkata",5420
Education & Training,https://kirtads.kerala.gov.in,"Kerala institute for Research Training & Development studies of Scheduled Castes and Scheduled Tribes, Kerala",5421
Education & Training,https://no3ahmednagar.kvs.ac.in,Kendriya Vidyalaya Ahmednagar No.3 (VRDE),5422
Education & Training,https://jpv.ac.in,"Jai Prakash Vishwavidyala (University), Bihar",5423
Education & Training,https://www.ccct.skmpoly.edu.in,"Centre for Computers and Communication Technology (CCCT), Sikkim",5424
Education & Training,https://no2binnaguri.kvs.ac.in,"Kendriya Vidyalaya No.2 Binnaguri, Jalpaiguri",5425
Education & Training,https://no2kanchrapara.kvs.ac.in,"Kendriya Vidyalaya No.2 Kanchrapara, Kolkata",5426
Education & Training,https://www.hptechboard.com,"Himachal Pradesh Takniki Shiksha Board, Dharamshala, Himachal Pradesh",5427
Education & Training,https://lakhimpurkheri.kvs.ac.in,"Kendriya Vidyalaya Lakhimpur, Kheri",5428
Education & Training,https://unnao.kvs.ac.in,"Kendriya Vidyalaya Dahi Chauki, Unnao",5429
Education & Training,https://neet.nta.nic.in,National Eligibility Cum Entrance Test (UG),5430
Education & Training,https://nau.in,"Navsari Agricultural University, Gujarat",5431
Education & Training,https://no1sagarroad.kvs.ac.in,"Kendriya Vidyalaya No.1, Bikaner, Jaipur",5432
Education & Training,https://koppal.kvs.ac.in,"Kendriya Vidyalaya Koppal, Karnataka",5433
Education & Training,https://dte.assam.gov.in,"Directorate of Technical Education, Assam",5434
Education & Training,https://samba.kvs.ac.in,"Kendriya Vidyalaya Samba, Jammu & Kashmir",5435
Education & Training,https://jetpur.kvs.ac.in,"Kendriya Vidyalaya Jetpur, Gujarat",5436
Education & Training,https://www.cukashmir.ac.in,Central University of Kashmir,5438
Education & Training,https://no3gwalior.kvs.ac.in,"Kendriya Vidyalaya No-3 Morarcantt, Gwalior, Madhya Pradesh",5439
Education & Training,https://nitttrc.ac.in,"National Institute of Technical Teachers Training and Research (NITTTR), Chennai",5440
Education & Training,https://humhamabsf.kvs.ac.in,"Kendriya Vidyalaya BSF Humhama, Jammu",5441
Education & Training,https://khajuwalabsf.kvs.ac.in,"Kendriya Vidyalaya B.S.F, Khajuwala, Rajasthan",5442
Education & Training,https://khurdaroad.kvs.ac.in,"Kendriya Vidyalaya Khurda Road, Odisha",5443
Education & Training,https://aurovillefoundation.org.in,"Auroville Foundation, Auroville",5444
Education & Training,https://no1jamnagar.kvs.ac.in,"Kendriya Vidyalaya No.1, A.F.S, Jamnagar, Gujarat",5445
Education & Training,https://rovaranasi.kvs.gov.in,"Kendriya Vidyalaya Sangathan, Regional Office, Varanasi",5446
Education & Training,https://home.iitd.ac.in,"Indian Institute of Technology (IIT), Delhi",5447
Education & Training,https://iiitsurat.ac.in,"Indian Institute of Information Technology (IIIT), Surat",5448
Education & Training,https://hyderabadcrpf.kvs.ac.in,"Kendriya Vidyalaya CRPF Barkas, Hyderabad",5449
Education & Training,https://pragativihar.kvs.ac.in,"Kendriya Vidyalaya, Pragati Vihar, New Delhi",5450
Education & Training,https://no2dehuroad.kvs.ac.in,"Kendriya Vidyalaya No.2, Ordnance Factory, Dehu Road, Pune",5451
Education & Training,https://hanumangarh.kvs.ac.in,"Kendriya Vidyalaya Hanumangarh, Jaipur",5452
Education & Training,https://www.iitk.ac.in,"Indian Institute of Technology (IIT), Kanpur",5453
Education & Training,https://maef.nic.in,Maulana Azad Education Foundation,5454
Education & Training,https://asansol.kvs.ac.in,"Kendriya Vidyalaya Asansol, Kolkata",5455
Education & Training,https://brbnmplmysuru.kvs.ac.in,"Kendriya Vidyalaya BRBNMPL, Mysuru",5456
Education & Training,https://garhara.kvs.ac.in,"Kendriya Vidyalaya Garhara, Patna",5457
Education & Training,https://baligunge.kvs.ac.in,"Kendriya Vidyalaya Ballygunge, Kolkata",5458
Education & Training,https://scertmanipur.nic.in,"Directorate of SCERT, Manipur",5459
Education & Training,https://fmcollege.nic.in,"Fakir Mohan Autonomous College, Odisha",5460
Education & Training,https://kendriyavidyalayatehran.ir,"Kendriya Vidyalaya (Embassy of India School), Tehran, Iran",5461
Education & Training,https://www.prl.res.in,"Physical Research Laboratory (PRL), Ahmedabad",5462
Education & Training,https://afsno1gurgaon.kvs.ac.in,"Kendriya Vidyalaya, Sector - 14, Gurgaon",5463
Education & Training,https://gailvijayapur.kvs.ac.in,"Kendriya Vidyalaya GAIL, Vijaipur",5464
Education & Training,https://nehushillong.kvs.ac.in,"Kendriya Vidyalaya Nehu, Shillong",5465
Education & Training,https://crpfteligaon.kvs.ac.in,"Kendriya Vidyalaya CRPF Talegaon, Pune",5466
Education & Training,https://no1kalpakkam.kvs.ac.in,"Kendriya Vidyalaya No 1, Kalpakkam, Tamil Nadu",5467
Education & Training,https://cpri.icar.gov.in,"ICAR-Central Potato Research Institute, Shimla",5469
Education & Training,https://ntpcshaktinagar.kvs.ac.in,"Kendriya Vidyalaya  Shaktinagar, Varanasi",5470
Education & Training,https://dhana.kvs.ac.in,"Kendriya Vidyalaya Army Camp Dhana, Sagar",5471
Education & Training,https://no1satna.kvs.ac.in,"Kendriya Vidyalaya No.1, Satna",5472
Education & Training,https://rgnv-teh.uk.gov.in,"Rajeev Gandhi Navodaya Vidyalaya, Jajal, Tehri Garhwal, Uttarakhand",5473
Education & Training,https://autch.delhi.gov.in,"A & U Tibbia College & Hospital, Delhi",5474
Education & Training,https://mandla.kvs.ac.in,"Kendriya Vidyalaya Mandla, Jabalpur",5475
Education & Training,https://no2suratgarhafs.kvs.ac.in,"Kendriya Vidyalaya No.2, AFS Surat Garha, Jaipur",5476
Education & Training,https://www.iipa.org.in,Indian Institute of Public Administration (IIPA),5477
Education & Training,https://cup.edu.in,Central University of Punjab (CUP),5478
Education & Training,https://www.dietsantrampur.org/index1.html,"District Institute of Education and Training, Santrampur, Gujarat",5479
Education & Training,https://ofvarangaon.kvs.ac.in,"Kendriya Vidyalaya Ordnance Factory, Varangaon",5480
Education & Training,https://www.gcsolan.ac.in,"Government College Solan, Himachal Pradesh",5481
Education & Training,https://www.nift.ac.in/patna,"National Institute of Fashion Technology (NIFT), Patna",5482
Education & Training,https://lucknowcantt.kvs.ac.in,Kendriya Vidyalaya Lucknow Cantt,5483
Education & Training,https://www.ecb.ac.in,"Engineering College Bikaner, Rajasthan",5484
Education & Training,https://cediqcjk.nic.in,"Design Inspection and Quality Control Department, Jammu, Jammu and Kashmir",5485
Education & Training,https://lunglei.kvs.ac.in,"Kendriya Vidyalaya Lunglei, Mizoram",5486
Education & Training,https://manmad.kvs.ac.in,"Kendriya Vidyalaya Manmad, Maharashtra",5487
Education & Training,https://kadapa.kvs.ac.in,"Kendriya Vidyalaya Kadapa, Hyderabad",5488
Education & Training,https://no2chamera.kvs.ac.in,"Kendriya Vidyalaya NHPC Chamera-II, Karian, Chamba, Himachal Pradesh",5489
Education & Training,https://no1rewa.kvs.ac.in,"Kendriya Vidyalaya No.1, Rewa, Jabalpur",5490
Education & Training,https://www.himtu.ac.in,"Himachal Pradesh Technical University, Himachal Pradesh",5491
Education & Training,https://hpfootacamund.kvs.ac.in,"Kendriya Vidyalaya ,Ooty, Tamil Nadu",5492
Education & Training,https://nitsilchar.kvs.ac.in,"Kendriya Vidyalaya NIT, Silchar",5493
Education & Training,https://www.ihmctkovalam.ac.in,"Institute of Hotel Management and Catering Technology, Kovalam",5494
Education & Training,https://no1colaba.kvs.ac.in,"Kendriya Vidyalaya No.1 Colaba, Mumbai",5495
Education & Training,https://itarana.kvs.ac.in,"Kendriya Vidyalaya Itarana, Alwar",5496
Education & Training,https://no2srinagar.kvs.ac.in,"Kendriya Vidyalaya No. 2 AFS, Srinagar",5497
Education & Training,https://www.cugujarat.ac.in,"Childrens University, Gandhinagar, Gujarat",5498
Education & Training,https://panna.kvs.ac.in,"Kendriya Vidyalaya, Panna, Madhya Pradesh",5499
Education & Training,https://iatgirinagar.kvs.ac.in,"Kendriya Vidyalaya DIAT Girinagar, Pune",5501
Education & Training,https://ukhrul.kvs.ac.in,"Kendriya Vidyalaya Ukhrul, Manipur",5502
Education & Training,https://www.cimap.res.in,Central Institute of Medicinal and Aromatic Plants (CIMAP),5503
Education & Training,https://mlsu.ac.in,"Mohanlal Sukhadia University, Rajasthan",5504
Education & Training,https://www.iitp.ac.in,"Indian Institute of Technology (IIT), Patna",5505
Education & Training,https://burdwan.kvs.ac.in,"Kendriya Vidyalaya Burdwan, West Bengal",5506
Education & Training,https://hasimara.kvs.ac.in,"Kendriya Vidyalaya Hasimara, West Bengal",5507
Education & Training,https://ssapunjab.org,"Department of School Education, Punjab",5508
Education & Training,https://www.mptechedu.org,"Directorate of Technical Education, Madhya Pradesh",5509
Education & Training,https://www.bckv.edu.in,"Bidhan Chandra Krishi Viswavidyalaya, Nadia, West Bengal",5510
Education & Training,https://knit.ac.in,"Kamla Nehru Institute of Technology (KNIT), Sultanpur, Uttar Pradesh",5511
Education & Training,https://no1hindon.kvs.ac.in,"Kendriya Vidyalaya, No.1 A.F.S, Hindan, Ghaziabad, Uttar Pradesh",5512
Education & Training,https://mpiti.delhi.gov.in,"ITI, Mangolpuri, Delhi",5513
Education & Training,https://rohinisec25.kvs.ac.in,"Kendriya Vidyalaya Sector - 25, Rohini, Delhi",5514
Education & Training,https://gcg11.ac.in,"Post Graduate Government College for Girls, Sector 11, Chandigarh",5515
Education & Training,https://trivandrumpattom.kvs.ac.in,"Kendriya Vidyalaya Pattom, Thiruvananthapuram, Kerala",5516
Education & Training,https://cirb.icar.gov.in,ICAR-Central Institute For Research On Buffaloes (CIRB),5517
Education & Training,https://dgmh.delhi.gov.in,"DIET, Ghumanhera, New Delhi",5518
Education & Training,https://annanagarchennai.kvs.ac.in,"Kendriya Vidyalaya, Anna Nagar, Chennai, Tamil Nadu",5519
Education & Training,https://payyanur.kvs.ac.in,"Kendriya Vidyalaya, Payyanur, Kannur",5520
Education & Training,https://begpune.kvs.ac.in,"Kendriya Vidyalaya BEG Pune, Mumbai",5521
Education & Training,https://www.cet.edu.in,"Odisha University of Technology and Research, Odisha",5522
Education & Training,https://afsamla.kvs.ac.in,"Kendriya Vidyalaya AFS Amla, Madhya Pradesh",5523
Education & Training,https://www.aicte-india.org,All India Council of Technical Education (AICTE),5524
Education & Training,https://itbpshivpuri.kvs.ac.in,"Kendriya Vidyalaya, Shivpuri, Madhya Pradesh",5525
Education & Training,https://medhasoft.bih.nic.in,Medha Soft -  Education Department Bihar,5526
Education & Training,https://iimjoka.kvs.ac.in,"Kendriya Vidyalaya IIM Joka, Kolkata",5527
Education & Training,https://dharani.telangana.gov.in,"Integrated Land Records Management System, Telangana",5528
Education & Training,https://jodhpurbsf.kvs.ac.in,"Kendriya Vidyalaya BSF Jodhpur, Jaipur",5529
Education & Training,https://no1jammu.kvs.ac.in,"Kendriya Vidyalaya No.1 Gandhi Nagar, Jammu",5530
Education & Training,https://www.andhrauniversity.edu.in,Andhra University,5531
Education & Training,https://iiitkalyani.ac.in,"Indian Institute of Information Technology (IIIT), Kalyani",5532
Education & Training,https://fciajmer.com,"Food Craft Institute, Ajmer",5533
Education & Training,https://dirang.kvs.ac.in,"Kendriya Vidyalaya Dirang, West Kameng",5534
Education & Training,https://bawanaafs.kvs.ac.in,"Kendriya Vidyalaya Air Force Station, Bawana, Delhi",5535
Education & Training,https://www.coa.gov.in,Council of Architecture,5536
Education & Training,https://hjbhabhaiti.delhi.gov.in,"Dr. H.J. Bhabha ITI Khichripur, Mayur Vihar, Delhi",5537
Education & Training,https://nitap.in,"National Institute of Technology (NIT), Arunachal Pradesh",5538
Education & Training,https://gpnagar.ac.in,"Government Polytechnic, Ahmednagar, Maharashtra",5539
Education & Training,https://iiitkota.ac.in,"Indian Institute of Information Technology (IIIT), Kota",5540
Education & Training,https://cifnet.gov.in,Central Institute of Fisheries Nautical and Engineering Training,5541
Education & Training,https://setexam.unipune.ac.in,"Maharashtra State Eligibility Test (MH-SET) for Assistant Professor, Pune University, Maharashtra",5542
Education & Training,https://ojee.admissions.nic.in,"Odisha Joint Entrance Examination (OJEE), Odisha",5543
Education & Training,https://warangal.kvs.ac.in,"Kendriya Vidyalaya Warangal, Hyderabad",5544
Education & Training,https://iittp.ac.in,"Indian Institute of Technology (IIT), Tirupati",5545
Education & Training,https://www.bhu.ac.in,"Banaras Hindu University, Varanasi",5546
Education & Training,https://gug.ac.in,"Gulbarga University, Karnataka",5547
Education & Training,https://www.dcescholarship.kerala.gov.in,"Directorate of Collegiate Education, Kerala",5548
Education & Training,https://dngc.ac.in,"Dera Natung Government College, Itanagar, Arunachal Pradesh",5549
Education & Training,https://lnmu.ac.in,"Lalit Narayan Mithila University, Darbhanga, Bihar",5550
Education & Training,https://gpat.nta.nic.in,Graduate Pharmacy Aptitude Test (GPAT),5551
Education & Training,https://www.iiests.ac.in,"Indian Institute of Engineering Science and Technology (IIEST), Shibpur",5552
Education & Training,https://gcesalem.edu.in,"Government College of Engineering (GCE), Salem, Tamil Nadu",5553
Education & Training,https://www.jnujaipur.ac.in,"Jaipur National University, Rajasthan",5554
Education & Training,https://www.iist.ac.in,"Indian Institute of Space Science and Technology (IIST), Thiruvananthapuram",5555
Education & Training,https://bhurkunda.kvs.ac.in,"Kendriya Vidyalaya Bhurkunda, Jharkhand",5557
Education & Training,https://crpfnagpur.kvs.ac.in,"Kendriya Vidyalaya CRPF Nagpur, Mumbai",5558
Education & Training,https://cibs.ac.in/directors-desk,Central Institute of Buddhist Studies,5559
Education & Training,https://iitguwahati.kvs.ac.in,"Kendriya Vidyalaya IIT, Guwahati",5560
Education & Training,https://no3bhatinda.kvs.ac.in,"Kendriya Vidyalaya No. 3 AFS Bhisiana, Bathinda, Punjab",5561
Education & Training,https://no1gandhinagar.kvs.ac.in,"Kendriya Vidyalaya Gandhinagar, Gujarat",5562
Education & Training,https://nagaon.kvs.ac.in,"Kendriya Vidyalaya Nagaon, Assam",5563
Education & Training,https://hinoo.kvs.ac.in,"Kendriya Vidyalaya, Hinoo, Ranchi, Jharkhand",5564
Education & Training,https://pusa.kvs.ac.in,"Kendriya Vidyalaya Pusa Samastipur, Patna",5565
Education & Training,https://nats.education.gov.in,National Apprenticeship Training Scheme,5566
Education & Training,https://malkangiri.kvs.ac.in,"Kendriya Vidyalaya Malkangiri, Chhattisgarh",5567
Education & Training,https://no1halwara.kvs.ac.in,"Kenriya Vidyalaya No-1,Air force station Halwara, Punjab",5568
Education & Training,https://itijaffarpur.delhi.gov.in,"Ch. Brahm Prakash Industrial Training Institute, Jaffarpur, Delhi",5569
Education & Training,https://no3baroda.kvs.ac.in,"Kendriya Vidyalaya Air Force Station, Makarpura, Vadodara",5570
Education & Training,https://210cobracrpf.kvs.ac.in,"Kendriya Vidyalaya 210 Cobra, CRPF",5571
Education & Training,https://aiimspatna.edu.in,"All India Institute of Medical Sciences (AIIMS), Patna",5572
Education & Training,https://zietmysore.kvs.gov.in,"Kendriya Vidyalaya Sangathan Zonal Institute of Education and Training (ZIET), Mysore",5573
Education & Training,https://itijr.delhi.gov.in,"ITI, Jail Road Hari Nagar, Delhi",5574
Education & Training,https://chennaiiit.kvs.ac.in,"Kendriya Vidyalaya IIT,Chennai",5575
Education & Training,https://chatra.kvs.ac.in,"Kendriya Vidyalaya Chatra, Jharkhand",5576
Education & Training,https://mahasumand.kvs.ac.in,"Kendriya Vidyalaya Mahasamund, Chhattisgarh",5577
Education & Training,https://gecskp.ac.in,"Government Engineering College Palakkad, Sreekrishnapuram, Kerala",5578
Education & Training,https://www.nipfp.org.in,"National Institute of Public Finance and Policy (NIPFP), New Delhi",5579
Education & Training,https://cdoe.puchd.ac.in,"Centre for Distance and Online Education, Panjab University, Chandigarh",5580
Education & Training,https://uri.kvs.ac.in,"Kendriya Vidyalaya N.H.P.C, URI",5581
Education & Training,https://www.nielit.gov.in/majuli,"National Institute of Electronics and Information Technology (NIELIT), Majuli",5582
Education & Training,https://cee.kerala.gov.in,"Commissioner for Entrance Examinations, Kerala",5583
Education & Training,https://no2chakeri.kvs.ac.in,"Kendriya Vidyalaya No.2 AFS Chakeri, Kanpur",5584
Education & Training,https://zietmumbai.kvs.gov.in,"Kendriya Vidyalaya Sangathan, Zonal Institute of Education & Training, Mumbai",5585
Education & Training,https://armybarrackpore.kvs.ac.in,"Kendriya Vidyalaya Army Barrackpore, Kolkata",5586
Education & Training,https://www.iitb.ac.in,"Indian Institute of Technology (IIT), Bombay",5587
Education & Training,https://www.academy.mp.gov.in,"RCVP Noronha Academy of Administration, Bhopal, Madhya Pradesh",5588
Education & Training,https://no1arakkonam.kvs.ac.in,"Kendriya Vidyalaya No. 1, Arakkonam, Tamil Nadu",5589
Education & Training,https://himachalservices.nic.in/scert,"HP State Council of Educational Research and Training, Himachal Pradesh",5590
Education & Training,https://www.geckkd.ac.in,"Government Engineering College - Kozhikode, Kerala",5591
Education & Training,https://khanapara.kvs.ac.in,"Kendriya Vidyalaya Khanapara, Jawahar Nagar",5592
Education & Training,https://ghatkesarnfc.kvs.ac.in,"Kendriya Vidyalaya Ghatkesar, Hyderabad",5593
Education & Training,https://crpfagartala.kvs.ac.in,"Kendriya Vidyalaya GC CRPF, Agartala",5594
Education & Training,https://dbatu.ac.in,"Dr. Babasaheb Ambedkar Technological University, Maharashtra",5595
Education & Training,https://stpssuratgarh.kvs.ac.in,"Kendriya Vidyalaya STPS, Suratgarh",5596
Education & Training,https://josaa.nic.in,Joint Seat Allocation Authority,5597
Education & Training,https://www.inflibnet.ac.in,Information and Library Network Centre (INFLIBNET),5598
Education & Training,https://mgiccc.delhi.gov.in,"Mahatma Gandhi Institute for Combating Climate Change, Delhi",5599
Education & Training,https://www.nielit.gov.in/pali,"National Institute of Electronics and Information Technology (NIELIT), Pali",5600
Education & Training,https://no2jorhatongc.kvs.ac.in,"Kendriya Vidyalaya ONGC No. 2 Jorhat, Assam",5601
Education & Training,https://trivandrumpangode.kvs.ac.in,"Kendriya Vidyalaya, Pangode, Thiruvananthapuram, Kerala",5602
Education & Training,https://wardha.kvs.ac.in,"Kendriya Vidyalaya Wardha, Maharashtra",5603
Education & Training,https://no2kota.kvs.ac.in,"Kendriya Vidyalaya No.2, Kota, Rajasthan",5604
Education & Training,https://niper.gov.in,"National Institute of Pharmaceutical Education and Research (NIPER), Mohali",5605
Education & Training,https://www.nduat.org,"Acharya Narendra Deva University of Agriculture & Technology, Ayodhya, Uttar Pradesh",5606
Education & Training,https://rgnv-deh.uk.gov.in,"Rajeev Gandhi Navodaya Vidyalaya, Dehradun, Uttarakhand",5607
Education & Training,https://www.iimsirmaur.ac.in,"Indian Institute of Management (IIM), Sirmaur",5608
Education & Training,https://crpfgandhinagar.kvs.ac.in,"Kendriya Vidyalaya CRPF Gandhinagar, Ahmedabad",5609
Education & Training,https://nilp.education.gov.in,Nav Bharat Saksharta Karyakramme (ULLAS),5610
Education & Training,https://rajnandgaon.kvs.ac.in,"Kendriya Vidyalaya Rajnandgaon, Raipur",5611
Education & Training,https://www.bput.ac.in,"Biju Patnaik University of Technology (BPUT), Odisha",5612
Education & Training,https://damoh.kvs.ac.in,"Kendriya Vidyalaya Damoh, Madhya Pradesh",5613
Education & Training,https://www.gpdlpune.ac.in,"Government Polytechnic for Distance Learning, Pune, Maharashtra",5614
Education & Training,https://www.iimrohtak.ac.in,"Indian Institute of Management (IIM), Rohtak",5615
Education & Training,https://ccets.cgg.gov.in,"Commissionerate of Collegiate Education, Telangana",5616
Education & Training,https://nerist.ac.in,"North Eastern Regional Institute of Science and Technology (NERIST), Nirjuli",5617
Education & Training,https://no2bikaner.kvs.ac.in,"Kendriya Vidyalaya No.2, Bikaner",5618
Education & Training,https://no2itarasi.kvs.ac.in,"Kendriya Vidyalaya No 2 C.P.E. Itarsi, Madhya Pradesh",5619
Education & Training,https://mangaldoi.kvs.ac.in,"Kendriya Vidyalaya Mangaldoi, Assam",5620
Education & Training,https://jhajha.kvs.ac.in,"Kendriya Vidyalaya Jhajha, Patna",5622
Education & Training,https://www.gujaratuniversity.ac.in,"Gujarat University, Gujarat",5623
Education & Training,https://mysore.kvs.ac.in,"Kendriya Vidyalaya Mysore, Karnataka",5624
Education & Training,https://aiimsbibinagar.edu.in,"All India Institutes of Medical Sciences (AIIMS), Bibinagar, Hyderabad",5625
Education & Training,https://colart.delhi.gov.in,"College of Art, Delhi",5626
Education & Training,https://secljhagrakhand.kvs.ac.in,"Kendriya Vidyalaya Jhagrakhand, Raipur",5627
Education & Training,https://keonjhar.kvs.ac.in,"Kendriya Vidyalaya Keonjhar, Bhubneshwar",5629
Education & Training,https://www.iiitb.ac.in,"International Institute of Information Technology Bangalore, Karnataka",5630
Education & Training,https://jnrm.and.nic.in,"Jawaharlal Nehru Rajkeeya Mahavidyalaya, Andaman & Nicobar Islands",5631
Education & Training,https://www.jawaharinstitutepahalgam.com,"Jawahar Institute of Mountaineering and Winter Sports, Pahalgam",5632
Education & Training,https://godhra.kvs.ac.in,"Kendriya Vidyalaya Godhra, Gujarat",5633
Education & Training,https://painavu.kvs.ac.in,"Kendriya Vidyalaya Idukki, Kerala",5634
Education & Training,https://chdenggadmissions.nic.in,Chandigarh Engineering and Architecture Counselling,5635
Education & Training,https://no2jaipurcantt.kvs.ac.in,"Kendriya Vidyalaya No.2, Jaipur",5636
Education & Training,https://garha.kvs.ac.in,"Kendriya Vidyalaya Garha , Jabalpur",5637
Education & Training,https://www.iiit.ac.in,"International Institute of Information Technology, Hyderabad, Telangana",5638
Education & Training,https://badarpurntpc.kvs.ac.in,Kendriya Vidyalaya NTPC Badarpur,5639
Education & Training,https://kvsangathan.nic.in,Kendriya Vidyalaya Sangathan (KVS),5640
Education & Training,https://nagalanduniversity.ac.in,"Nagaland University, Nagaland",5641
Education & Training,https://rciregistration.nic.in,"Online Registration-Rehabilitation Council of India, New Delhi",5642
Education & Training,https://adra.kvs.ac.in,"Kendriya Vidyalaya Adra, Purulia",5643
Education & Training,https://siwan.kvs.ac.in,"Kendriya Vidyalaya Siwan, Bihar",5644
Education & Training,https://no2kalpakkam.kvs.ac.in,"Kendriya Vidyalaya No 2, Kalpakkam, Tamil Nadu",5645
Education & Training,https://no4delhicantt.kvs.ac.in,"Kendriya Vidyalaya No. 4, Delhi Cantt",5646
Education & Training,https://cutn.ac.in,Central University of Tamil Nadu,5647
Education & Training,https://www.iiitdm.ac.in,"Indian Institute of Information Technology, Design and Manufacturing (IIITD and M), Kancheepuram",5648
Education & Training,https://ratlam.kvs.ac.in,Kendriya Vidyalaya Ratlam,5649
Education & Training,https://www.alagappauniversity.ac.in,"Alagappa University, Tamil Nadu",5650
Education & Training,https://no2golconda.kvs.ac.in,"Kendriya Vidyalaya No. 2, Golconda, Hyderabad",5651
Education & Training,https://curahyasuchani.kvs.ac.in,"Kendriya Vidyalaya Central University, Jammu",5652
Education & Training,https://no3belgaumcantt.kvs.ac.in,"Kendriya Vidyalaya No.3 Machhe, Belagavi",5653
Education & Training,https://schooleducation.tripura.gov.in,"Directorate of Secondary Education, Tripura",5655
Education & Training,https://crpfjhaphan.kvs.ac.in,"Kendriya Vidyalaya CRPF Jhaphan, Muzaffarpur",5656
Education & Training,https://www.islamicuniversity.edu.in,"Islamic University of Science & Technology, Jammu and Kashmir",5657
Education & Training,https://cofcau.nic.in,"College of Fisheries, Lembucherra",5658
Education & Training,https://avadihvf.kvs.ac.in,"Kendriya Vidyalaya, HVF, Avadi, Chennai, Tamil Nadu",5659
Education & Training,https://bhilai.kvs.ac.in,"Kendriya Vidyalaya B.M.Y., Bhilai, Chhattisgarh",5660
Education & Training,https://no1delhicantt.kvs.ac.in,"Kendriya Vidyalaya No.1 Delhi Cantonment, New Delhi",5661
Education & Training,https://jayantcolliery.kvs.ac.in,"Kendriya Vidyalaya Jayant Colliery, Jabalpur",5662
Education & Training,https://dhenkanaltown.kvs.ac.in,"Kendriya Vidyalaya , Dhenkanal, Odisha",5663
Education & Training,https://hajipur.kvs.ac.in,"Kendriya Vidyalaya Hajipur, Bihar",5664
Education & Training,https://iiitbhopal.ac.in,"Indian Institute of Information Technology (IIIT), Bhopal",5665
Education & Training,https://scrnanded.kvs.ac.in,"Kendriya Vidyalaya Nanded, Mumbai",5666
Education & Training,https://roernakulam.kvs.gov.in,"Kendriya Vidyalaya Jhabua, Madhya Pradesh",5667
Education & Training,https://mahabubabad.kvs.ac.in,"Kendriya Vidyalaya Mahabubabad, Hyderabad",5668
Education & Training,https://dme.ap.nic.in,"Directorate of Medical Education, Andhra Pradesh",5669
Education & Training,https://www.kuk.ac.in,"Kurukshetra University, Haryana",5670
Education & Training,https://aliganj.kvs.ac.in,"Kendriya Vidyalaya Aliganj, Lucknow",5671
Education & Training,https://jeemain.nta.nic.in,Joint Entrance Examination (Main) (JEE),5672
Education & Training,https://www.iitr.ac.in,"Indian Institute of Technology (IIT), Roorkee",5673
Education & Training,https://www.iitmandi.ac.in,"Indian Institute of Technology (IIT), Mandi",5674
Education & Training,https://cisfbhilai.kvs.ac.in,"Kendriya Vidyalaya CISF Bhilai, Raipur",5675
Education & Training,https://ramgarhcantt.kvs.ac.in,"Kendriya Vidyalaya Patratu, Ramgarh, Jharkhand",5676
Education & Training,https://www.mnit.ac.in,"Malaviya National Institute of Technology (MNIT), Jaipur",5677
Education & Training,https://gumla.kvs.ac.in,"Kendriya Vidyalaya,Gumla, Jharkhand",5678
Education & Training,https://vizianagaram.kvs.ac.in,"Kendriya Vidyalaya Vizianagaram, Andhra Pradesh",5679
Education & Training,https://passigaht.kvs.ac.in,"Kendriya Vidyalaya Pasighat, Arunachal Pradesh",5680
Education & Training,https://www.gacrkl.ac.in,"Government Autonomous College, Rourkela, Odisha",5681
Education & Training,https://gardenreach.kvs.ac.in,"Kendriya Vidyalaya Garden Reach, Kolkata",5682
Education & Training,https://megcentre.kvs.ac.in,"Kendriya Vidyalaya MEG, Bangalore",5683
Education & Training,https://tniti.delhi.gov.in,"ITI, Tilak Nagar, New Delhi",5684
Education & Training,https://banswara.kvs.ac.in,"Kendriya Vidyalaya Banswara, Jaipur",5685
Education & Training,https://www.mbbcollege.in,"Maharaja Bir Bikram College (MBB), Agartala, Tripura",5686
Education & Training,https://no6pratapnagar.kvs.ac.in,"Kendriya Vidyalaya No.6, Sector -3, Pratap Nagar, Jaipur",5687
Education & Training,https://www.ihrd.ac.in,"Institute of Human Resources Development (IHRD), Kerala",5688
Education & Training,https://santokhgarhsaloh.kvs.ac.in,"Kendriya Vidyalaya Santokhgarh, Gurgaon",5689
Education & Training,https://rgnv-rud.uk.gov.in,"Rajeev Gandhi Navodaya Vidyalaya, Rudraprayag, Uttarakhand",5690
Education & Training,https://www.nift.ac.in/mumbai,"National Institute of Fashion Technology (NIFT), Mumbai",5691
Education & Training,https://msrvvp.ac.in,"Maharshi Sandeepani Rashtriya Vedavidya Pratishthan (MSRVVP), Ujjain",5692
Education & Training,https://mgiri.org,Mahatma Gandhi Institute for Rural Industrialization (MGIRI),5693
Education & Training,https://afsbarrackpore.kvs.ac.in,"Kendriya Vidyalaya Barrackpore, Kolkata",5694
Education & Training,https://dodajodhpur.kvs.ac.in,"Kendriya Vidyalaya, Dodajodhpur",5695
Education & Training,https://tuli.kvs.ac.in,"Kendriya Vidyalaya Tuli, Nagaland",5697
Education & Training,https://sholapur.kvs.ac.in,"Kendriya Vidyalaya Solapur, Mumbai",5698
Education & Training,https://no1nashikcamp.kvs.ac.in,Kendriya Vidyalaya Nasik Road Camp,5699
Education & Training,https://no2halwara.kvs.ac.in,"Kendriya Vidyalaya No.2, AFS, Halwara, Punjab",5700
Education & Training,https://scholarship.nagaland.gov.in,"Common Scholarship Portal, Nagaland",5701
Education & Training,https://www.aec.ac.in,Assam Engineering College (AEC),5702
Education & Training,https://tamenglong.kvs.ac.in,"Kendriya Vidyalaya Tamenglong, Tinsukia",5703
Education & Training,https://haldiaioc.kvs.ac.in,"Kendriya Vidyalaya IOC Haldia, Kolkata",5704
Education & Training,https://medakof.kvs.ac.in,"Kendriya Vidyalaya Ordnance Factory Medak, Eddumailaram",5705
Education & Training,https://bsfdholchera.kvs.ac.in,"Kendriya Vidyalaya Dholchera, Assam",5706
Education & Training,https://meghahatuburu.kvs.ac.in,"Kendriya Vidyalaya, Meghahatuburu, West Singhbhum, Jharkhand",5707
Education & Training,https://csvtu.ac.in,Chhattisgarh Swami Vivekananda Technical University (CSVTU),5708
Education & Training,https://www.jagannathuniversity.org,"Jagannath University, Rajasthan",5709
Education & Training,https://no3amritsar.kvs.ac.in,"Kendriya Vidyalaya No.3 Amritsar, Punjab",5710
Education & Training,https://koraput.kvs.ac.in,"Kendriya Vidyalaya Koraput, Bhubaneswar",5711
Education & Training,https://dhe.goa.gov.in,"Directorate of Higher Education, Goa",5712
Education & Training,https://kirandul.kvs.ac.in,"Kendriya Vidyalaya Kirandul, Chhattisgarh",5713
Education & Training,https://iocguwahati.kvs.ac.in,"Kendriya Vidyalaya IOC, Guwahati",5714
Education & Training,https://ihm-gsp.ac.in,"Institute of Hotel Management, Gurdaspur",5715
Education & Training,https://no5jaipur.kvs.ac.in,"Kendriya Vidyalaya No.5, Jaipur, Rajasthan",5716
Education & Training,https://simdega.kvs.ac.in,"Kendriya Vidyalaya Simdega, Jharkhand",5717
Education & Training,https://gacc.org.in,"Gujarat Arts and Commerce College (Evening), Ahmedabad, Gujarat",5718
Education & Training,https://www.iitg.ac.in,"Indian Institute of Technology (IIT), Guwahati",5719
Education & Training,https://www.kakatiya.ac.in,"Kakatiya University, Andhra Pradesh",5720
Education & Training,https://roguwahati.kvs.gov.in,"Kendriya Vidyalaya Sangathan, Regional Office, Guwahati",5721
Education & Training,https://rourkela.kvs.ac.in,"Kendriya Vidyalaya, Rourkela, Bhubaneswar",5722
Education & Training,https://www.cci.gov.in,Competition Commission of India,5723
Education & Training,https://crpfallahabad.kvs.ac.in,"Kendriya Vidyalaya  CRPF, Prayagraj",5724
Education & Training,https://no1dehuroad.kvs.ac.in,"Kendriya Vidyalaya No.1 Dehu Road, Pune",5725
Education & Training,https://thanjavurafs.kvs.ac.in,"Kendriya Vidyalaya, Thanjavur, Tamil Nadu",5727
Education & Training,https://no2kanpur.kvs.ac.in,"Kendriya Vidyalaya No. 2 Amarpur, Kanpur",5728
Education & Training,https://nih.nic.in,"National Institute of Homoeopathy, Kolkata",5729
Education & Training,https://no2darbhanga.kvs.ac.in,"Kendriya Vidyalaya No.2, Darbhanga",5730
Education & Training,https://jourian.kvs.ac.in,"Kendriya Vidyalaya Jourian, Jammu",5731
Education & Training,https://no2ishapore.kvs.ac.in,"Kendriya Vidyalaya No.2 Ishapore, Kolkata",5732
Education & Training,https://mahabubnagar.kvs.ac.in,"Kendriya Vidyalaya Yenugonda, Mahabubnagar",5733
Education & Training,https://trimulghery.kvs.ac.in,"Kendriya Vidyalaya Tirumalagiri, Hyderabad",5734
Education & Training,https://bsfpanbari.kvs.ac.in,"Kendriya Vidyalaya Panbari, Dhubri, Guwahati",5735
Education & Training,https://kollam.kvs.ac.in,"Kendriya Vidyalaya Kollam, Kerala",5736
Education & Training,https://www.iitbhilai.ac.in,"Indian Institute of Technology (IIT), Bhilai",5737
Education & Training,https://www.iricen.gov.in,Indian Railways Institute of Civil Engineering (IRICEN),5738
Education & Training,https://rgnv-pau.uk.gov.in,"Rajeev Gandhi Navodaya Vidyalaya Santudhar, Pauri Garhwal, Uttarakhand",5739
Education & Training,https://www.bhaderwahcampus.in,"Bhaderwah Campus, University of Jammu, Jammu and Kashmir",5740
Education & Training,https://www.nitmz.ac.in,"National Institute of Technology (NIT), Mizoram",5741
Education & Training,https://www.gcg42.ac.in,"Post Graduate Government College For Girls Sector-42, Chandigarh",5742
Education & Training,https://trivandrumsap.kvs.ac.in,"Kendriya Vidyalaya SAP Camp, Peroorkada",5743
Education & Training,https://cbse.gov.in,Central Board of Secondary Education (CBSE),5744
Education & Training,https://no4ambalacantt.kvs.ac.in,"Kendriya Vidyalaya No.4 Ambala Cantonment, Haryana",5745
Education & Training,https://iiss.icar.gov.in,"ICAR-Indian Institute of Soil Science, Bhopal",5746
Education & Training,https://www.ctuap.ac.in,Central Tribal University of Andhra Pradesh,5747
Education & Training,https://kamptee.kvs.ac.in,"Kendriya Vidyalaya Kamptee, Mumbai",5748
Education & Training,https://www.kittsedu.org,"Kerala Institute of Tourism and Travel Studies (KITTS), Kerala",5749
Education & Training,https://www.cug.ac.in,"Central University of Gujarat, Gandhinagar, Gujarat",5750
Education & Training,https://www.nitsikkim.ac.in,"National Institute of Technology (NIT), Sikkim",5751
Education & Training,https://cbpgec.delhi.gov.in,"Ch. Brahm Prakash Government Engineering College, Delhi",5752
Education & Training,https://rajahmundaryongc.kvs.ac.in,"Kendriya Vidyalaya ONGC, Rajahmundry",5753
Education & Training,https://ihmshillong.nic.in,"Institute of Hotel Management, Catering Technology and Applied Nutrition, Shillong",5754
Education & Training,https://makautwb.ac.in,"Maulana Abul Kalam Azad University of Technology, West Bengal",5755
Education & Training,https://ponda.kvs.ac.in,"Kendriya Vidyalaya Ponda, Mumbai",5756
Education & Training,https://budaun.kvs.ac.in,"Kendriya Vidyalaya Shaikhupur, Budaun",5757
Education & Training,https://afsjaisalmer.kvs.ac.in,"Kendriya Vidyalaya AFS, Jaisalmer",5758
Education & Training,https://no2jammucantt.kvs.ac.in,"Kendriya Vidyalaya No.2, Jammu",5759
Education & Training,https://iitjammu.ac.in,"Indian Institute of Technology (IIT), Jammu",5760
Education & Training,https://no1bhopal.kvs.ac.in,"Kendriya Vidyalaya No.1, Bhopal, Madhya Pradesh",5761
Education & Training,https://bhind.kvs.ac.in,"Kendriya Vidyalaya, Bhind, Madhya Pradesh",5762
Education & Training,https://dtetodisha.gov.in,"Directorate of Technical Education & Training, Odisha",5763
Education & Training,https://bsfchurachandpur.kvs.ac.in,"Kendriya Vidyalaya  BSF Churachandpur, Manipur",5764
Education & Training,https://www.university.gen.in,"Indian Institute of Futurology, Delhi",5765
Education & Training,https://mancherial.kvs.ac.in,"Kendriya Vidyalaya  Mancherial, Hyderabad",5766
Education & Training,https://ihm-chennai.org,"Institute of Hotel Management Catering Technology and Applied Nutrition, Chennai",5767
Education & Training,https://cherosalempur.kvs.ac.in,"Kendriya Vidyalaya Chero, Salempur",5768
Education & Training,https://www.nielit.gov.in/bhubaneswar,"National Institute of Electronics and Information Technology (NIELIT), Bhubaneswar",5769
Education & Training,https://apdhte.nic.in,"Directorate of Higher and Technical Education, Arunachal Pradesh",5770
Education & Training,https://www.gecwyd.ac.in,"Government Engineering College, Wayanad, Kerala",5771
Education & Training,https://www.mgu.ac.in,"Mahatma Gandhi University, Kerala",5772
Education & Training,https://www.msuniv.ac.in,"Manonmaniam Sundaranar University, Tamil Nadu",5773
Education & Training,https://gpratnagiri.org,"Government Polytechnic, Ratnagiri, Maharashtra",5774
Education & Training,https://iiitr.ac.in,"Indian Institute of Information Technology (IIIT), Raichur",5775
Education & Training,https://gdch.goa.gov.in,"Goa Dental College & Hospital, Goa",5776
Education & Training,https://iiserbpr.ac.in,"Indian Institute of Science Education and Research (IISER), Berhampur",5777
Education & Training,https://sasaram.kvs.ac.in,"Kendriya Vidyalaya Sasaram, Patna",5778
Education & Training,https://no1patiala.kvs.ac.in,"Kendriya Vidyalaya No.1, Patiala Cantt. Chandigarh",5779
Education & Training,https://rangpuriaai.kvs.ac.in,"Kendriya Vidayalaya A.A.I, Rangpuri, New Delhi",5780
Education & Training,https://schooledn.py.gov.in,"Directorate of School Education, Puducherry",5781
Education & Training,https://chhindwara.kvs.ac.in,"Kendriya Vidyalaya No.1, Chhindwara",5782
Education & Training,https://ambikapur.kvs.ac.in,"Kendriya Vidyalaya Ambikapur, Raipur",5783
Education & Training,https://www.geos.iitb.ac.in,"Department of Earth Sciences, IIT Bombay",5784
Education & Training,https://no2ambalacantt.kvs.ac.in,"Kendriya Vidyalaya, No.2 Ambala, Haryana",5785
Education & Training,https://cmerti.res.in,"Central Muga Eri Research and Training Institute (CMER and TI), Lahdoigarh",5786
Education & Training,https://eands.da.gov.in,"Directorate of Economics and Statistics, Department of Agriculture and Farmers Welfare, Karnataka",5787
Education & Training,https://ivribareilly.kvs.ac.in,"Kendriya Vidyalaya  IVRI Izatnagar, Bareilly",5788
Education & Training,https://balliya.kvs.ac.in,"Kendriya Vidyalaya Ballia, Varanasi",5789
Education & Training,https://jnvbilaspurcg.gov.in,"Jawahar Navodaya Vidyalaya (JNV), Malhar",5790
Education & Training,https://gauribidanur.kvs.ac.in,"Kendriya Vidyalaya Gauribidanur, Bangalore",5791
Education & Training,https://www.iiitd.ac.in,"Indraprastha Institute of Information Technology (IIIT), Delhi",5792
Education & Training,https://www.gpamravati.ac.in,"Government Polytechnic, Amravati, Maharashtra",5793
Education & Training,https://bambolim.kvs.ac.in,"Kendriya Vidyalaya Bambolim Camp, Goa",5794
Education & Training,https://latehar.kvs.ac.in,"Kendriya Vidyalaya Latehar, Ranchi",5795
Education & Training,https://azamgarh.kvs.ac.in,"Kendriya Vidyalaya  Azamgarh, Uttar Pradesh",5796
Education & Training,https://surda.kvs.ac.in,"Kendriya Vidyalaya, Surda, Jharkhand",5797
Education & Training,https://no2nausenabagh.kvs.ac.in,"Kendriya Vidyalaya No.2 Nausenabagh, Visakhapatnam",5798
Education & Training,https://kailashahar.kvs.ac.in,"Kendriya Vidyalaya Kailashahar, Tripura",5799
Education & Training,https://giridih.kvs.ac.in,"Kendriya Vidyalaya Giridih, Jharkhand",5800
Education & Training,https://sandhol.kvs.ac.in,"Kendriya Vidyalaya Sandhole, Himachal Pradesh",5801
Education & Training,https://khonsa.kvs.ac.in,"Kendriya Vidyalaya Khonsa, Tinsukia",5802
Education & Training,https://chaurai.kvs.ac.in,"Kendriya Vidyalaya Chaurai, Jabalpur",5803
Education & Training,https://nhpcloktak.kvs.ac.in,"Kendriya Vidyalaya NHPC, Loktak, Manipur",5804
Education & Training,https://balasore.kvs.ac.in,"Kendriya Vidyalaya, Balasore, Odisha",5805
Education & Training,https://motihari.kvs.ac.in,"Kendriya Vidyalaya, Motihari, Bihar",5806
Education & Training,https://codjabalpur.kvs.ac.in,"Kendriya Vidyalaya COD, Jabalpur",5807
Education & Training,https://pallapuram.kvs.ac.in,"Kendriya Vidyalaya Ottapalam, Kerala",5808
Education & Training,https://gppune.ac.in,"Government Polytechnic, Pune, Maharashtra",5809
Education & Training,https://mdmsmeghalaya.gov.in,"Mid Day Meal Scheme, Directorate of School Education & Literacy, Meghalaya",5810
Education & Training,https://no2madurai.kvs.ac.in,"Kendriya Vidyalaya, Tiruparankundram, Madurai, Tamil Nadu",5811
Education & Training,https://no5gwalior.kvs.ac.in,"Kendriya Vidyalaya No.5, Gwalior, Madhya Pradesh",5812
Education & Training,https://www.cuk.ac.in,Central University of Karnataka,5813
Education & Training,https://rckharagpur.kvs.ac.in,"Kendriya Vidyalaya Railway Colony, Kharagpur",5814
Education & Training,https://scpune.kvs.ac.in,"Kendriya Vidyalaya Southern Command, Pune",5815
Education & Training,https://no1afsbhuj.kvs.ac.in,"Kendriya Vidyalaya No.1, Air Force Station, Bhuj",5816
Education & Training,https://pahalgaon.kvs.ac.in,"Kendriya Vidyalaya Pahalgam, Jammu",5817
Education & Training,https://rajgarh.kvs.ac.in,"Kendriya Vidyalaya, Rajgarh, Madhya Pradesh",5818
Education & Training,https://seclbaikuntpur.kvs.ac.in,"Kendriya Vidyalaya Baikunthpur, Raipur",5820
Education & Training,https://www.motherteresawomenuniv.ac.in,"Mother Teresa Women's University, Kodaikanal, Tamil Nadu",5821
Education & Training,https://no3jorhat.kvs.ac.in,Kendriya Vidyalaya Jorhat No. III (RRL),5823
Education & Training,https://jagiroadhpcl.kvs.ac.in,"Kendriya Vidyalaya HPCL, Jagiroad",5824
Education & Training,https://gmcbhavnagar.edu.in,"Government Medical College, Bhavnagar, Gujarat",5825
Education & Training,https://hassan.kvs.ac.in,"Kendriya Vidayalaya Hassan, Karnataka",5826
Education & Training,https://ambajhari.kvs.ac.in,"Kendriya Vidyalaya Ambajhari, Nagpur",5827
Education & Training,https://sidharthnagar.kvs.ac.in,"Kendriya Vidyalaya Siddharthnagar, Varanasi",5828
Education & Training,https://no2jodhpur.kvs.ac.in,"Kendriya Vidyalaya No.2 Army, Jodhpur",5829
Education & Training,https://jhajjar.kvs.ac.in,"Kendriya Vidyalaya, Jhajjar, Haryana",5830
Education & Training,https://no2dhanbad.kvs.ac.in,"Kendriya Vidyalaya No.2 Dhanbad, Jharkhand",5831
Education & Training,https://jorhatmedicalcollege.in,"Jorhat Medical College, Assam",5832
Education & Training,https://osepa.odisha.gov.in,"Odisha School Education Programme Authority, Odisha",5833
Education & Training,https://gmch.gov.in,"Government Medical College and Hospital, Chandigarh",5834
Education & Training,https://iitdh.ac.in,"Indian Institute of Technology (IIT), Dharwad",5835
Education & Training,https://www.iimj.ac.in,"Indian Institute of Management (IIM), Jammu",5836
Education & Training,https://no2delhicantt.kvs.ac.in,"Kendriya Vidyalaya No 2, Delhi Cantonment, New Delhi",5837
Education & Training,https://deolicisf.kvs.ac.in,"Kendriya Vidyalaya CISF Deoli, Jaipur",5838
Education & Training,https://iitpkd.ac.in,"Indian Institute of Technology (IIT), Palakkad",5839
Education & Training,https://jeeadv.ac.in,Joint Entrance Examination (Advanced) (JEE Advanced),5840
Education & Training,https://pgimer.edu.in,"Post Graduate Institute of Medical Education and Research, Chandigarh",5841
Education & Training,https://iipmb.edu.in,"Indian Institute of Plantation Management, Bangalore",5842
Education & Training,https://kurnool.kvs.ac.in,"Kendriya Vidyalaya Kurnool, Andhra Pradesh",5843
Education & Training,https://no2vijayawada.kvs.ac.in,"Kendriya Vidyalaya No.2, Vijayawada",5844
Education & Training,https://csl.nic.in,Central Secretariat Library (CSL),5845
Education & Training,https://jyotipuram.kvs.ac.in,"Kendriya Vidyalayas Jyotipuram, Jammu and Kashmir",5846
Education & Training,https://no1kalaikunda.kvs.ac.in,"Kendriya Vidyalaya No.1 AFS, Kalaikunda",5847
Education & Training,https://iiitvadodara.ac.in,"Indian Institute of Information Technology (IIIT), Vadodara",5848
Education & Training,https://www.nic.in/,National Informatics Centre,5849
Education & Training,https://crpfpallipuram.kvs.ac.in,"Kendriya Vidyalaya Pallipuram, Thiruvananthapuram, Kerala",5850
Education & Training,https://ongcankleshwar.kvs.ac.in,"Kendriya Vidyalaya ONGC, Ankleshwar, Gujarat",5851
Education & Training,https://dkkd.delhi.gov.in,"DIET, Karkardooma, Delhi",5852
Education & Training,https://jamalpur.kvs.ac.in,"Kendriya Vidyalaya Jamalpur, Patna",5853
Education & Training,https://gpnashik.ac.in,"Government Polytechnic, Nashik, Maharashtra",5854
Education & Training,https://churu.kvs.ac.in,Kendriya Vidyalaya Churu,5855
Education & Training,https://dwarkasec5.kvs.ac.in,"Kendriya Vidyalaya Sector-5, Dwarka, New delhi",5856
Education & Training,https://no2jalahalli.kvs.ac.in,"Kendriya Vidyalaya, No.2 AFS Jalahalli East, Karnataka",5857
Education & Training,https://chdtechnicaleducation.gov.in,"Directorate of Technical Education, Chandigarh",5858
Education & Training,https://uttarlai.kvs.ac.in,"Kendriya Vidyalaya Uttarlai, Barmer",5859
Education & Training,https://araria.kvs.ac.in,"Kendriya Vidyalaya Araria, Bihar",5860
Education & Training,https://rochandigarh.kvs.gov.in,"Kendriya Vidyalaya Sangathan, Regional Office, Chandigarh",5861
Education & Training,https://ihmgwalior.org,"Institute of Hotel Management (IHM), Gwalior",5862
Education & Training,https://no1vascodagama.kvs.ac.in,"Kendriya Vidyalaya No.1, Vasco-Da-Gama, Goa",5863
Education & Training,https://www.ganpatuniversity.ac.in,"Ganpat University, Gujarat",5864
Education & Training,https://aktu.ac.in,"Dr. A.P.J. Abdul Kalam Technical University, Lucknow, Uttar Pradesh",5865
Education & Training,https://www.nift.ac.in/gandhinagar,"National Institute of Fashion Technology (NIFT), Gandhinagar",5866
Education & Training,https://cohsemmanipur.nic.in,"Council of Higher Secondary Education, Manipur (COHSEM), Manipur",5867
Education & Training,https://bhanala.kvs.ac.in,"Kendriya Vidyalaya Bhanala, Himachal Pradesh",5868
Education & Training,https://dbrait.andaman.gov.in,"Dr. B.R. Ambedkar Institute of Technology, Andaman & Nicobar Admistration",5869
Education & Training,https://ihmpusa.net,"Institute of Hotel Management, Catering and Nutrition, Pusa",5870
Education & Training,https://no1dhanbad.kvs.ac.in,"Kendriya Vidyalaya No. 1 Dhanbad, Jharkhand",5871
Education & Training,https://no2jabalpurgcf.kvs.ac.in,"Kendriya Vidyalaya No.2, GCF, Jabalpur",5872
Education & Training,https://ongcmehsana.kvs.ac.in,"Kendriya Vidyalaya ONGC Mehsana, Gujarat",5873
Education & Training,https://no1ahmednagar.kvs.ac.in,"Kendriya Vidyalaya No.1 Ahmednagar, Maharashtra",5874
Education & Training,https://www.collegeholkar.org,"Government Holkar (Model, Autonomous) Science College, Indore, Madhya Pradesh",5875
Education & Training,https://www.jnu.ac.in,Jawaharlal Nehru University (JNU),5876
Education & Training,https://cpcri.icar.gov.in,Central Plantation Crops Research Institute (CPCRI),5877
Education & Training,https://raebreillymcf.kvs.ac.in,"Kendriya Vidyalaya MCF Lalganj, Lucknow",5878
Education & Training,https://education.kerala.gov.in,"General Education Department, Kerala",5879
Education & Training,https://www.jntuh.ac.in,"Jawaharlal Nehru Technological University Hyderabad (JNTUH), Andhra Pradesh",5880
Education & Training,https://no2hubli.kvs.ac.in,"Kendriya Vidyalaya No.2, Hubballi, Dharwad",5881
Education & Training,https://malkapuram.kvs.ac.in,"Kendriya Vidyalaya Malkapuram, Andhra Pradesh",5882
Education & Training,https://bsfkishanganj.kvs.ac.in,"Kendriya Vidyalaya BSF Kishanganj, Bihar",5883
Education & Training,https://nivh.gov.in,"National Institute for the Visually Handicapped (NIVH), Dehradun",5884
Education & Training,https://mandapamcamp.kvs.ac.in,"Kendriya Vidyalaya, Mandapam, Tamilnadu",5885
Education & Training,https://csab.nic.in,"Central Seat Allocation Board (CSAB), Joint Entrance Examination (Main)",5886
Education & Training,https://kayamkulamntpc.kvs.ac.in,"Kendriya Vidyalaya NTPC, Kayamkulam, Kerala",5887
Education & Training,https://narsingpur.kvs.ac.in,"Kendriya Vidyalaya Narsing Pur, Jabalpur",5888
Education & Training,https://nadvishakhapatnam.kvs.ac.in,"Kendriya Vidyalaya NAD Vishakhapatnam, Hyderabad",5889
Education & Training,https://www.nmeict.ac.in,National Mission on Education through Information and Communication Technology (NMEICT),5890
Education & Training,https://hpcpanchgram.kvs.ac.in,"Kendriya Vidyalaya HPC Panchgram, Silchar",5891
Education & Training,https://igitsarang.ac.in,"Indira Gandhi Institute of Technology, Sarang, Odisha",5892
Education & Training,https://www.ihmctan.edu,"Institute of Hotel Management, Catering Technology and Applied Nutrition, Mumbai",5893
Education & Training,https://dimapur.kvs.ac.in,"Kendriya Vidyalaya Dimapur CRPF, Tinsukia",5894
Education & Training,https://rohinisec3.kvs.ac.in,"Kendriya Vidyalaya, Sec - 3, Rohini, Delhi",5895
Education & Training,https://www.gposmanabad.org,"Government Polytechnic, Dharashiv, Maharashtra",5896
Education & Training,https://www.nielit.gov.in/gorakhpur,"National Institute of Electronics and Information Technology (NIELIT), Gorakhpur",5897
Education & Training,https://www.nielit.gov.in/kohima,"National Institute of Electronics and Information Technology, Kohima",5898
Education & Training,https://samanaafs.kvs.ac.in,"Kendriya Vidyalaya Air Force Station, Samana",5899
Education & Training,https://aurangabad.kvs.ac.in,"Kendriya Vidyalaya Aurangabad, Bihar",5900
Education & Training,https://afsbakshikatalab.kvs.ac.in,"Kendriya Vidyalaya AFS BKT, Lucknow",5901
Education & Training,https://berhampore.kvs.ac.in,"Kendriya Vidyalaya Berhampore, Kolkata",5902
Education & Training,https://rojammu.kvs.gov.in,"Kendriya Vidyalaya Sangathan, Regional Office, Jammu",5903
Education & Training,https://kothuru.kvs.ac.in,"Kendriya Vidyalaya Nellore, Hyderabad",5904
Education & Training,https://gpkursibbk.com,"Government Polytechnic, Kursi Road, Barabanki , Uttar Pradesh",5905
Education & Training,https://dungargarh.kvs.ac.in,"Kendriya Vidyalaya, Dongargarh, Chhattisgarh",5906
Education & Training,https://annamalaiuniversity.ac.in,"Annamalai University, Tamil Nadu",5907
Education & Training,https://dipatoli.kvs.ac.in,"Kendriya Vidyalaya Dipatoli, Ranchi",5908
Education & Training,https://geology.puchd.ac.in,"Department of Geology, Panjab University, Chandigarh",5909
Education & Training,https://iictsrinagarcarpet-gi.org,"Indian Institute of Carpet Technology (IICT), Srinagar, Jammu and Kashmir",5910
Education & Training,https://www.nielit.gov.in,National Institute of Electronics and Information Technology,5911
Education & Training,https://oldcanttald.kvs.ac.in,"Kendriya Vidyalaya Old Cantt, Allahabad",5912
Education & Training,https://www.iip-in.com,Indian Institute of Packaging,5913
Education & Training,https://www.medicalcollegebaroda.edu.in,"Medical College, Baroda, Gujarat",5914
Education & Training,https://andal.kvs.ac.in,"Kendriya Vidyalaya Andal, Kolkata",5915
Education & Training,https://www.ciil.org,Central Institute of Indian Languages (CIIL),5916
Education & Training,https://nabhacantt.kvs.ac.in,"Kendriya Vidyalaya Nabha Cantt, Chandigarh",5917
Education & Training,https://www.meity.gov.in/,Ministry of Electronics & Information Technology,5918
Education & Training,https://eei-ner.org,"Extension Education Institute (NE Region), Assam",5919
Education & Training,https://gtcvaranasi.kvs.ac.in,"Kendriya Vidyalaya 39GTC (Gorkha Training Centre), Varanasi",5920
Education & Training,https://iitpowai.kvs.ac.in,"Kendriya Vidyalaya IIT Powai, Mumbai",5921
Education & Training,https://e-hrms.gov.in,Electronic Human Resource Management System 2.0,5922
Education & Training,https://miao.kvs.ac.in,"Kendriya Vidyalaya Miao, Tinsukia",5923
Education & Training,https://gyansankalp.nic.in,"Gyan Sankalp, Rajasthan",5925
Education & Training,https://www.kgec.edu.in,"Kalyani Government Engineering College, Nadia, West Bengal",5926
Education & Training,https://bbmb.gov.in,Bhakra Beas Management Board (BBMB),5927
Education & Training,https://rogurgaon.kvs.gov.in,"Kendriya Vidyalaya Sangathan, Gurgaon Region",5928
Education & Training,https://www.yspuniversity.ac.in,"Dr YS Parmar University of Horticulture & Forestry, Nauni-Solan, Himachal Pradesh",5929
Education & Training,https://lonavala.kvs.ac.in,"Kendriya Vidyalaya INS Shivaji, Lonavla",5930
Education & Training,https://chheoki.kvs.ac.in,"Kendriya Vidyalaya Chheoki Prayagraj, Varanasi Region",5931
Education & Training,https://washim.kvs.ac.in,"Kendriya Vidyalaya Washim, Mumbai",5932
Education & Training,https://dindori.kvs.ac.in,"Kendriya Vidyalaya Dindori, Jabalpur",5933
Education & Training,https://nstiwmumbai.dgt.gov.in,"National Skill Trainers Institute for Women, Mumbai",5934
Education & Training,https://wca.edu.in,"Government Degree College For Women, Anantnag, Jammu and Kashmir",5935
Education & Training,https://sukna.kvs.ac.in,"Kendriya Vidyalaya Sukna, West Bengal",5936
Education & Training,https://www.gsvmmedicalcollege.com,"G.S.V.M. Medical College, Kanpur, Uttar Pradesh",5937
Education & Training,https://www.dbgirls.org,"Govt. Dudhadhari Bajrang Girls Postgraduate College,Raipur, Chhattisgarh",5938
Education & Training,https://no1surat.kvs.ac.in,"Kendriya Vidyalaya No.1, Ichhanath, Surat",5939
Education & Training,https://www.cusb.ac.in,Central University of Bihar (CUB),5940
Education & Training,https://muzzaffarpur.kvs.ac.in,"Kendriya Vidyalaya Muzaffarpur, Bihar",5941
Education & Training,https://sagarno4hsgv.kvs.ac.in,"Kendriya Vidyalaya No.4, HSGV, Sagar",5942
Education & Training,https://www.nls.ac.in,"National Law School of India University, Bengaluru,, Karnataka",5943
Education & Training,https://ascbangalore.kvs.ac.in,"Kendriya Vidyalaya ASC and Centre No.1, Bangalore",5944
Education & Training,https://keralaresults.nic.in,"Kerala Examination Results, Kerala",5945
Education & Training,https://www.fcikerala.org,"Food Craft institute, Kerala",5946
Education & Training,https://mati.gov.in,"Administrative Training Institute, Meghalaya",5947
Education & Training,https://www.gcect.ac.in,"Government College of Engineering & Ceramic Technology (GCE&CT), Kolkata, West Bengal",5948
Education & Training,https://no2raipur.kvs.ac.in,"Kendriya Vidyalaya No.2, Raipur",5949
Education & Training,https://tuting.kvs.ac.in,"Kendriya Vidyalaya Tuting, Tinsukia",5950
Education & Training,https://no2jalandhar.kvs.ac.in,"Kendriya Vidayalaya, No.2, Jalandhar Cantonment, Punjab",5951
Education & Training,https://no2afsdevlali.kvs.ac.in,"Kendriya Vidyalaya AFS Devlali, Mumbai",5952
Education & Training,https://ndmcdonimalai.kvs.ac.in,"Kendriya Vidyalaya, Donimalai, Karnataka",5953
Education & Training,https://rgnv-pit.uk.gov.in,"Rajeev Gandhi Navodaya Vidyalaya Gangolihat, Pithoragarh, Uttarakhand",5954
Education & Training,https://collegiateedu.kerala.gov.in,"Directorate of Collegiate Education, Kerala",5955
Education & Training,https://no2nasikisp.kvs.ac.in,"Kendriya Vidyalaya ISP Nehru Nagar Nasik, Mumbai",5956
Education & Training,https://mbit.delhi.gov.in,"Meera Bai Institute of Technology (MBIT), Delhi",5957
Education & Training,https://maharajganj.kvs.ac.in,"Kendriya Vidyalaya Maharajganj, Siwan, Bihar",5958
Education & Training,https://no1gwalior.kvs.ac.in,"Kendriya Vidyalaya No.1, Gwalior, Madhya Pradesh",5959
Education & Training,https://afssalua.kvs.ac.in,"Kendriya Vidyalaya Salua, Midnapur",5960
Education & Training,https://hospet.kvs.ac.in,"Kendriya Vidyalaya Hospet, Karnataka",5961
Education & Training,https://jamtara.kvs.ac.in,"Kendriya Vidyalaya Jamtara, Jharkhand",5962
Education & Training,https://bharatpur.kvs.ac.in,"Kendriya Vidyalaya, Bharatpur, Rajasthan",5963
Education & Training,https://nahep.icar.gov.in,National Agricultural Higher Education Project,5964
Education & Training,https://kstmuseum.com,"Kerala State Science and Technology Museum & Priyadarshani Planetarium, Kerala",5965
Education & Training,https://www.nou.nic.in,"Maharaja Sriram Chandra Bhanja Deo University, Odisha",5966
Education & Training,https://higheredn.delhi.gov.in,"Directorate of Higher Education, Delhi",5967
Education & Training,https://afsdigaru.kvs.ac.in,"Kendriya Vidyalaya AFS Digaru, Assam",5968
Education & Training,https://chennaiclri.kvs.ac.in,"Kendriya Vidyalaya CLRI, Chennai",5969
Education & Training,https://kanpurrakshavihar.kvs.ac.in,"Kendriya Vidyalaya Rakshavihar, Kanpur",5970
Education & Training,https://nahara.kvs.ac.in,"Kendriya Vidyalaya  Nahara, Sonipat",5971
Education & Training,https://haveri.kvs.ac.in,"Kendriya Vidyalaya Haveri, Karnataka",5972
Education & Training,https://ece.nitk.ac.in,"Department of Electronics and Communication Engineering, Karnataka",5973
Education & Training,https://www.csauk.ac.in,"Chandra Shekhar Azad - University of Agriculture & Technology, Kanpur, Uttar Pradesh",5974
Education & Training,https://no4tezpur.kvs.ac.in,"Kendriya Vidyalaya Central University Tezpur, Sonitpur",5975
Education & Training,https://aizawlmu.kvs.ac.in,"Kendriya Vidyalaya Tanhril, Mizoram",5976
Education & Training,https://recongpeo.kvs.ac.in,"Kendriya Vidyalaya Reckongpeo, Kinnaur",5977
Education & Training,https://rolucknow.kvs.gov.in,"Kendriya Vidyalaya Sangathan, Regional Office, Lucknow",5979
Education & Training,https://maths.puchd.ac.in,"Mathematics Department, Panjab University, Chandigarh",5980
Education & Training,https://chabua.kvs.ac.in,"Kendriya Vidyalaya AFS Chabua, Dibrugarh",5981
Education & Training,https://www.ruhsraj.org,"Rajasthan University of Health Sciences, Jaipur, Rajasthan",5982
Education & Training,https://newmajari.kvs.ac.in,"Kendriya Vidyalaya New Majri, Mumbai",5983
Education & Training,https://www.aiimsbhopal.edu.in,"All India Institute of Medical Sciences (AIIMS), Bhopal",5984
Education & Training,https://iimbg.ac.in,"Indian Institute of Management (IIM), Bodh Gaya",5985
Education & Training,https://www.unigoa.ac.in,"Goa University, Goa",5986
Education & Training,https://www.mlcuniv.in,"Martin Luther Christian University, (MICU), Shillong, Meghalaya",5987
Education & Training,https://nadt.gov.in,"National Academy of Direct Taxes, Nagpur",5988
Education & Training,https://jbiti.delhi.gov.in,"ITI, Siri Fort (W), New Delhi",5989
Education & Training,https://khagaria.kvs.ac.in,"Kendriya Vidyalaya Khagaria, Patna",5990
Education & Training,https://www.lbsgcsnagar.edu.in,"Lal Bahadur Shastri Government Degree College, Saraswati Nagar, Himachal Pradesh",5991
Education & Training,https://www.iirs.gov.in,Indian Institute of Remote Sensing (IIRS),5992
Education & Training,https://iiscbangalore.kvs.ac.in,"Kendriya Vidyalaya, IISC, Karnataka",5993
Education & Training,https://diu.kvs.ac.in,"Kendriya Vidyalaya, Fudam, Diu",5994
Education & Training,https://dpp.delhi.gov.in,"DIET, Pitampura, Delhi",5995
Education & Training,https://mau.kvs.ac.in,"Kendriya Vidyalaya  Mau, Uttar Pradesh",5996
Education & Training,https://gopalganj.kvs.ac.in,"Kendriya Vidyalaya, Thawe, Gopalganj, Bihar",5997
Education & Training,https://www.iimidr.ac.in,"Indian Institute of Management (IIM), Indore",5998
Education & Training,https://saraipalli.kvs.ac.in,"Kendriya Vidyalaya Saraipali, Raipur",5999
Education & Training,https://gpb.goa.gov.in,"Government Polytechnic, Bicholim, Goa",6000
Education & Training,https://no1gaya.kvs.ac.in,"Kendriya Vidyalaya No.1 Gaya, Bihar",6001
Education & Training,https://longding.kvs.ac.in,"Kendriya Vidyalaya Longding, Arunachal Pradesh",6002
Education & Training,https://no2bhujcantt.kvs.ac.in,"Kendriya Vidyalaya No.2 Bhuj (Army), Gujarat",6003
Education & Training,https://bhakli.kvs.ac.in,"Kendriya Vidyalaya, Bhakli, Rewari, Haryana",6004
Education & Training,https://bsfpanisagar.kvs.ac.in,"Kendriya Vidyalaya BSF Campus, Panisagar, North Tripura",6005
Education & Training,https://amclucknow.kvs.ac.in,"Kendriya Vidyalaya AMC, Lucknow",6006
Education & Training,https://kanpurcantt.kvs.ac.in,"Kendriya Vidyalaya Kanpur Cantt, Lucknow",6007
Education & Training,https://www.ashtalakshmimahotsav.com,Ashtalakshmi Mahotsav,6008
Education & Training,https://bijapur.kvs.ac.in,"Kendriya Vidyalaya Bijapur, Karnataka",6009
Education & Training,https://www.gc11.ac.in,"Post Graduate Government College, Sector 11, Chandigarh",6010
Education & Training,https://lokra.kvs.ac.in,"Kendriya Vidyalaya Lokra, Guwahati",6011
Education & Training,https://crpfpinjore.kvs.ac.in,"Kendriya Vidyalaya G.C C.R.P.F Pinjore, Panchkula",6012
Education & Training,https://cess.ac.in,"Centre for Economic and Social Studies, Andhra Pradesh",6013
Education & Training,https://www.aimguwahati.edu.in,"Assam Institute of Management, Guwahati",6014
Education & Training,https://nhpcsingtam.kvs.ac.in,"Kendriya Vidyalaya NHPC Singtam, Kolkata",6015
Education & Training,https://wellington.kvs.ac.in,"Kendriya Vidyalaya,Wellington,The Nilgiris",6016
Education & Training,https://vvnagar.kvs.ac.in,"Kendriya Vidyalaya Vallabh Vidyanagar, Anand",6017
Education & Training,https://no1adampur.kvs.ac.in,"Kendriya Vidyalaya No.1 Adampur, Chandigarh",6018
Education & Training,https://vijayanarayanam.kvs.ac.in,"Kendriya Vidyalaya,Vijayanarayanam,Tirunelveli,Tamil Nadu",6019
Education & Training,https://bsfbandipur.kvs.ac.in,"Kendriya Vidyalaya BSF, Bandipur",6020
Education & Training,https://www.odishateachers.gov.in,"Odisha School Teachers Transfer Portal, Odisha",6021
Education & Training,https://www.pssou.ac.in,"Pandit Sundarlal Sharma (Open) University (PSSOU) Chhattisgarh, Bilaspur",6022
Education & Training,https://gectcr.ac.in,"Government Engineering College, Thrissur, Kerala",6023
Education & Training,https://jss.gov.in,Jan Shikshan Sansthan (JSS),6024
Education & Training,https://www.dge.tn.gov.in,"Directorate of Government Examinations, Tamil Nadu",6025
Education & Training,https://ssbchampawat.kvs.ac.in,"Kendriya Vidyalya, No-2 NHPC, Champawat, Uttrakhand",6026
Education & Training,https://iiitg.ac.in,"Indian Institute of Information Technology (IIIT), Guwahati",6027
Education & Training,https://hecranchi.kvs.ac.in,"Kendriya Vidyalaya HEC No.1, Ranchi",6028
Education & Training,https://neriwalm.gov.in,North Eastern Regional Institute of Water and Land Management (NERIWALM),6029
Education & Training,https://www.ihmbbs.org,"Institute of Hotel Management, Catering Technology and Applied Nutrition, Bhubaneswar",6030
Education & Training,https://www.gpmuz.ac.in,"Government Polytechnic, Muzaffarpur, Bihar",6031
Education & Training,https://dee.assam.gov.in,"Directorate of Elementary Education,Assam",6032
Education & Training,https://ptu.ac.in,"I. K. Gujral Punjab Technical University, Jalandhar, Punjab",6033
Education & Training,https://jindrah.kvs.ac.in,"Kendriya Vidyalaya Jindrah, Jammu",6034
Education & Training,https://insmandovi.kvs.ac.in,"Kendriya Vidyalaya, INS Mandovi Goa",6035
Education & Training,https://admissions.hau.ac.in,"CCS Haryana Agricultural University, Hisar, Haryana",6036
Education & Training,https://lekhapani.kvs.ac.in,"Kendriya Vidyalaya  Lekha Pani, Tinsukia",6037
Education & Training,https://no1darbhanga.kvs.ac.in,"Kendriya Vidyalaya Air Force Station, Darbhanga, Patna",6038
Education & Training,https://nagarcoil.kvs.ac.in,"Kendriya Vidyalaya, Konam, Nagercoil, Tamilnadu",6039
Education & Training,https://afsojhar.kvs.ac.in,"Kendriya Vidyalaya AFS Ojhar, Nashik",6040
Education & Training,https://www.jngec.ac.in,"Jawaharlal Nehru Government Engineering College, Himachal Pradesh",6041
Education & Training,https://ariia.gov.in,Atal Ranking of Institutions on Innovation Achievements (ARIIA),6042
Education & Training,https://bhilwara.kvs.ac.in,"Kendriya Vidyalaya Bhilwara, Rajasthan",6043
Education & Training,https://bcscl.tripura.gov.in,"Birchandra State Central Library, Agartala, Tripura",6044
Education & Training,https://nadaunhp.kvs.ac.in,"Kendriya Vidyalaya Nadaun, Himachal Pradesh",6045
Education & Training,https://no1sibsagar.kvs.ac.in,"Kendriya Vidyalaya ONGC Colony, Sivsagar, Assam",6046
Education & Training,https://no3korba.kvs.ac.in,"Kendriya Vidyalaya No. 3, Korba, Kusmunda",6047
Education & Training,https://www.aau.ac.in,Assam Agricultural University,6048
Education & Training,https://www.ercncte.org,National Council for Teacher Education,6050
Education & Training,https://alipore.kvs.ac.in,"Kendriya Vidyalaya Command Hospital, Alipore",6051
Education & Training,https://jamai.kvs.ac.in,"Kendriya Vidyalaya Jamai, Jabalpur",6052
Education & Training,https://nal.kvs.ac.in,"Kendriya Vidyalaya , NAL campus, Bangalore",6053
Education & Training,https://gcwgandhinagar.com,"Government Women College, Gandhi Nagar, Jammu, Jammu and Kashmir",6054
Education & Training,https://no2tambaram.kvs.ac.in,"Kendriya Vidyalaya No 2,AFS,Tambaram,Chennai, Tamil Nadu",6055
Education & Training,https://gcert.gujarat.gov.in,"Gujarat Council of Educational Research and Training, Gandhinagar, Gujarat",6056
Education & Training,https://begumpetafs.kvs.ac.in,"Kendriya Vidyalaya, Begumpet, Hyderabad",6057
Education & Training,https://bharatskills.gov.in,Bharat Skills,6058
Education & Training,https://silchar.kvs.ac.in,"Kendriya Vidyalaya Silchar, Assam",6059
Education & Training,https://hattanagar.kvs.ac.in,"Kendriya Vidyalaya Hatta, Jabalpur",6060
Education & Training,https://bsfbaikunthpur.kvs.ac.in,"Kendriya Vidyalaya BSF Baikunthpur, West Bengal",6061
Education & Training,https://shivgarhraebareli.kvs.ac.in,"Kendriya Vidyalaya Shivgarh, Raebareli",6062
Education & Training,https://www.skillodisha.gov.in,"Odisha Skill Development Authority, Odisha",6063
Education & Training,https://kctu.karnataka.gov.in,"Karnataka Council for Technological Upgradation, Karnataka",6064
Education & Training,https://eltiassam.assam.gov.in,"English Language Teaching Institute, Assam",6065
Education & Training,https://no1itanagar.kvs.ac.in,"Kendriya Vidyalaya No.1, Itanagar, Arunachal Pradesh",6066
Education & Training,https://www.nitp.ac.in,"National Institute of Technology (NIC), Patna",6067
Education & Training,https://gct.ac.in,"Government College of Technology, Coimbatore, Tamil Nadu",6068
Education & Training,https://aligarh.kvs.ac.in,"Kendriya Vidyalaya Aligarh, Agra",6069
Education & Training,https://itilhrg.delhi.gov.in,"ITI, Lala Hans Raj Gupta Industrial Training Institute, Delhi",6070
Education & Training,https://iitjodhpur.kvs.ac.in,"Kendriya Vidyalaya IIT, Jodhpur",6071
Education & Training,https://danapurcantt.kvs.ac.in,"Kendriya Vidyalaya Danapur Cantt, Patna",6072
Education & Training,https://diet.utl.gov.in,"District Institute of Education and Training (DIET), Kavaratti, Lakshadweep",6073
Education & Training,https://www.gtu.ac.in,"Gujarat Technological University, Gujarat",6074
Education & Training,https://madhupurdeoghar.kvs.ac.in,"Kendriya Vidyalaya Madhupur, Deoghar",6075
Education & Training,https://nituk.ac.in,"National Institute of Technology (NIT), Uttarakhand",6077
Education & Training,https://www.iitbbs.ac.in,"Indian Institute of Technology (IIT), Bhubaneswar",6078
Education & Training,https://nmu.ac.in,"Kavayitri Bahinabai Chaudhari North Maharashtra University, Jalgaon, Maharashtra",6079
Education & Training,https://bemlnagarkolar.kvs.ac.in,"Kendriya Vidyalaya BEML Nagar, Karnataka",6080
Education & Training,https://rkpuramsec2.kvs.ac.in,"Kendriya Vidyalaya  Sector-2, Ram Krishan Puram, Delhi",6081
Education & Training,https://itijp.delhi.gov.in,"ITI, Jahangirpuri, Delhi",6082
Education & Training,https://gandhianstudies.puchd.ac.in,"Department of Gandhian and Peace Studies, Panjab University, Chandigarh",6083
Education & Training,https://fddiindia.com,Footwear Design and Development Institute (FDDI),6084
Education & Training,https://no2calicut.kvs.ac.in,"Kendriya Vidyalaya No 2, Kozhikode, Calicut",6085
Education & Training,https://niftem.ac.in,"National  Institute of Food Technology Entrepreneurship and Management (NIFTEM), Kundli",6086
Education & Training,https://drkp.delhi.gov.in,"DIET, R K Puram, New Delhi",6087
Education & Training,https://jamunacolliery.kvs.ac.in,"Kendriya Vidyalaya Jamuna Colliery, Jabalpur",6088
Education & Training,https://www.cuh.ac.in,Central University of Haryana,6089
Education & Training,https://afsshillong.kvs.ac.in,"Kendriya Vidyalaya Laitkor Peak, Shillong",6090
Education & Training,https://bopter.gov.in,"Board of Practical Training (BOPT), Easter Region",6091
Education & Training,https://mohanbari.kvs.ac.in,"Kendriya Vidyalaya Mohanbari, Dibrugarh",6092
Education & Training,https://iiitu.ac.in,"Indian Institute of Information Technology (IIIT), Una",6093
Education & Training,https://doonuniversity.ac.in,"Doon University, Dehradun",6094
Education & Training,https://pau.edu,"Punjab Agricultural University (PAU), Punjab",6095
Education & Training,https://natpac.kerala.gov.in,"KSCSTE - National Transportation Planning and Research Centre (NATPAC), Kerala",6096
Education & Training,https://rewari.kvs.ac.in,"Kendriya Vidyalaya Rewari, Haryana",6097
Education & Training,https://tfrijabalpur.kvs.ac.in,"Kendriya Vidyalaya TFRI, Jabalpur",6098
Education & Training,https://no1akhnoor.kvs.ac.in,"Kendriya Vidyalaya Akhnoor, Jammu",6099
Education & Training,https://no1golconda.kvs.ac.in,"Kendriya Vidyalaya  No. 1, Golconda",6100
Education & Training,https://swriavikanagar.kvs.ac.in,"Kendriya Vidyalaya, Avikanagar, Rajasthan",6101
Education & Training,https://gpwchd.edu.in,"Goverment Polytechnic for Women, Chandigarh",6102
Education & Training,https://www.iipsdata.ac.in,International Institute for Population Sciences (IIPS),6103
Education & Training,https://tte.delhi.gov.in,"Directorate of Training and Technical Education, Delhi",6104
Education & Training,https://iimcampus.kvs.ac.in,"Kendriya Vidyalaya IIM, Lucknow",6105
Education & Training,https://dmb.delhi.gov.in,"DIET, Moti Bagh, New Delhi",6106
Education & Training,https://nizamabad.kvs.ac.in,"Kendriya Vidyalaya Nizamabad, Hyderabad",6107
Education & Training,https://palwal.kvs.ac.in,"Kendriya Vidyalaya, Karna, Palwal, Haryana",6108
Education & Training,https://ramagundamntpc.kvs.ac.in,"Kendriya Vidyalaya NTPC Ramagundam, Telangana",6109
Education & Training,https://khagaul.kvs.ac.in,"Kendriya Vidyalaya Khagaul, Patna",6110
Education & Training,https://no3patiala.kvs.ac.in,"Kendriya Vidyalaya No. 3 Patiala Cantonment, Punjab",6111
Education & Training,https://ciet.ncert.gov.in,Central Institute of Educational Technology (CIET),6112
Education & Training,https://raichur.kvs.ac.in,"Kendriya Vidyalaya Raichur, Karnataka",6113
Education & Training,https://asapkerala.gov.in,Additional Skill Acquisition Programme (ASAP) Kerala,6114
Education & Training,https://www.ihmbhopal.ac.in,"Institute of Hotel Management, Catering Technology and Applied Nutrition, Bhopal",6115
Education & Training,https://sambraafs.kvs.ac.in,"Kendriya Vidyalaya No.1, Air Force Station, Sambra",6116
Education & Training,https://www.dietthrissur.org,"District Institute of Education and Training (DIET) - Thrissur, Kerala",6117
Education & Training,https://suryalankaafs.kvs.ac.in,"Kendriya Vidyalaya, AFS Suryalanka",6118
Education & Training,https://bhadohi.kvs.ac.in,"Kendriya Vidyalaya Bhadohi, Varanasi",6119
Education & Training,https://no2korba.kvs.ac.in,"Kendriya Vidyalaya Korba Kusumunda, Chhattisgarh",6120
Education & Training,https://govindpurbsf.kvs.ac.in,"Kendriya Vidyalaya Raiganj BSF, Uttar Dinajpur",6121
Education & Training,https://rangiya.kvs.ac.in,"Kendriya Vidyalaya Rangiya, Kamrup",6122
Education & Training,https://jharodakalan.kvs.ac.in,"Kendriya Vidyalaya, Jharodakalan, Delhi",6123
Education & Training,https://icvcollege.edu.in,"Iswar Chandra Vidyasagar College, Tripura",6124
Education & Training,https://narayanpur.kvs.ac.in,"Kendriya Vidyalaya Narayanpur, Chhattisgarh",6125
Education & Training,https://kimin.kvs.ac.in,"Kendriya Vidyalaya Kimin, Arunachal Pradesh",6126
Education & Training,https://balrampur.kvs.ac.in,"Kendriya Vidyalaya Balrampur, Lucknow",6127
Education & Training,https://www.csrtimys.res.in,"Central Sericultural Research and Training Institute (CSRTI), Mysore",6128
Education & Training,https://hebbalbangalore.kvs.ac.in,"Kendriya Vidyalaya Hebbal, Bangalore, Karnataka",6129
Education & Training,https://drdokanchanbagh.kvs.ac.in,"Kendriya Vidyalaya DRDO, Kanchanbagh",6130
Education & Training,https://bamangachi.kvs.ac.in,"Kendriya Vidyalaya Bamangachi, Kolkata",6131
Education & Training,https://no3afjamnagar.kvs.ac.in,"Kendriya Vidyalaya No.3, AF-2, Jamnagar, Gujarat",6132
Education & Training,https://club.ndl.iitkgp.ac.in,"Institutional Registration, National Digital Library of India",6133
Education & Training,https://bandel.kvs.ac.in,"Kendriya Vidyalaya Bandel, Kolkata",6134
Education & Training,https://www.nielit.gov.in/chandigarh,"National Institute of Electronics and Information Technology (NIELIT), Chandigarh",6135
Education & Training,https://kalakshetra.in,"Kalakshetra Foundation, Chennai",6136
Education & Training,https://no3ambalacantt.kvs.ac.in,"Kendriya Vidyalaya No. 3 Ambala Cantt , Haryana",6137
Education & Training,https://crpfdurgapur.kvs.ac.in,"Kendriya Vidyalaya CRPF Durgapur, Kolkata",6138
Education & Training,https://balurghat.kvs.ac.in,"Kendriya Vidyalaya Balurghat, Kolkata",6139
Education & Training,https://no1tirichy.kvs.ac.in,"Kendriya Vidyalaya, No.1, Triuchirapalli, Tamilnadu",6140
Education & Training,https://www.gpfwjammu.org,"Government Polytechnic for Women Jammu, Jammu and Kashmir",6141
Education & Training,https://no1saltlake.kvs.ac.in,"Kendriya Vidyalaya No.1 Salt Lake, Kolkata",6142
Education & Training,https://purch.puchd.ac.in,"P.U. Swami Sarvanand Giri Regional Centre, Panjab University, Chandigarh",6143
Education & Training,https://pali.kvs.ac.in,"Kendriya Vidyalaya Pali, Jaipur",6144
Education & Training,https://deoria.kvs.ac.in,"Kendriya Vidyalaya Deoria, Varanasi",6145
Education & Training,https://no1armapur.kvs.ac.in,"Kendriya Vidyalaya No.1 Armapur, Kanpur",6146
Education & Training,https://jhunjhunu.kvs.ac.in,Kendriya Vidyalaya Jhunjhunu,6147
Education & Training,https://kashipur.kvs.ac.in,"Kendriya Vidyalaya Kashipur, Uttarakhand",6148
Education & Training,https://siddipet.kvs.ac.in,"Kendriya Vidyalaya  Siddipet, Telangana",6149
Education & Training,https://no1jaipur.kvs.ac.in,"Kendriya Vidyalaya No.1, Bajaj Nagar, Jaipur",6150
Education & Training,https://adilabad.kvs.ac.in,"Kendriya Vidyalaya Adilabad, Hyderabad",6151
Education & Training,https://iimraipur.ac.in,"Indian Institute of Management (IIM), Raipur",6152
Education & Training,https://lakhnadon.kvs.ac.in,"Kendriya Vidyalaya Lakhnadon, Jabalpur",6153
Education & Training,https://nubra.kvs.ac.in,"Kendriya Vidyalaya, Nubra",6154
Education & Training,https://chhattarpur.kvs.ac.in,"Kendriya Vidyalaya Chhatarpur, Jabalpur",6155
Education & Training,https://minambakkam.kvs.ac.in,"Kendriya Vidyalaya Minambakkam ,Chennai",6156
Education & Training,https://no1bhusawal.kvs.ac.in,"Kendriya Vidyalaya No.1 Bhusawal, Mumbai",6157
Education & Training,https://no2mangalore.kvs.ac.in,"Kendriya Vidyalaya No.2 Mangaluru, Karnataka",6158
Education & Training,https://tumkur.kvs.ac.in,"Kendriya Vidyalaya Tumakuru, Karnataka",6159
Education & Training,https://no1uppal.kvs.ac.in,"Kendriya Vidyalaya No.1, Uppal, Hyderabad",6160
Education & Training,https://iphb.goa.gov.in,"Institute of Psychiatry & Human Behaviour (IPHB), Goa",6161
Education & Training,https://no2kalaikunda.kvs.ac.in,"Kendriya Vidyalaya No.2 Kalaikunda, Kolkata",6162
Education & Training,https://no2sagar.kvs.ac.in,"Kendriya Vidyalaya No.2, Sagar",6163
Education & Training,https://ncte.gov.in,National Council for Teacher Education (NCTE),6164
Education & Training,https://gpmumbai.ac.in,"Government Polytechnic, Mumbai, Maharashtra",6165
Education & Training,https://goalpara.kvs.ac.in,"Kendriya Vidyalaya Goalpara, Assam",6166
Education & Training,https://ntpcfarakka.kvs.ac.in,"Kendriya Vidyalaya NTPC Farakka, Kolkata",6167
Education & Training,https://davangere.kvs.ac.in,"Kendriya Vidyalaya Davangere, Karnataka",6168
Education & Training,https://no1bhubaneswar.kvs.ac.in,"Kendriya Vidyalaya No.1, Bhubaneswar",6169
Education & Training,https://nagaur.kvs.ac.in,Kendriya Vidyalaya Nagaur,6170
Education & Training,https://www.mangaloreuniversity.ac.in,"Mangalore University, Konaje, Karnataka",6171
Education & Training,https://schedujammu.nic.in,"Directorate of School Education Jammu, Jammu and Kashmir",6172
Education & Training,https://no2saltlake.kvs.ac.in,"Kendriya Vidyalaya No.2 Salt Lake, Kolkata",6173
Education & Training,https://katihar.kvs.ac.in,"Kendriya Vidyalaya Katihar, Patna",6174
Education & Training,https://rgnv-bag.uk.gov.in,"Rajeev Gandhi Navodaya Vidyalaya, Bahuli, Bageshwar, Uttarakhand",6175
Education & Training,https://iiitdwd.ac.in,"Indian Institute of Information Technology (IIIT), Dharwad",6176
Education & Training,https://gcdharamshala.in,"Government College Dharamshala, Himachal Pradesh",6177
Education & Training,https://www.capekerala.org,"Co-operative Academy of Professional Education (CAPE), Kerala",6178
Education & Training,https://iimranchi.ac.in,"Indian Institute of Management (IIM), Ranchi",6179
Education & Training,https://www.bankurauniv.ac.in,"Bankura University, West Bengal",6180
Education & Training,https://sevokeroad.kvs.ac.in,"Kendriya Vidyalaya, Sevoke Road, West Bengal",6181
Education & Training,https://bsfbagafa.kvs.ac.in,"Kendriya Vidyalaya Bagafa, Silchar",6182
Education & Training,https://pilbs.punjab.gov.in,Punjab Institute of Liver & Biliary Sciences,6183
Education & Training,https://gmcsurat.edu.in,"Government Medical College, Surat, Gujarat",6184
Education & Training,https://basti.kvs.ac.in,"Kendriya Vidyalaya Basti, Varanasi",6185
Education & Training,https://mughalsarai.kvs.ac.in,"Kendriya Vidyalaya Mughalsarai, Uttar Pradesh",6186
Education & Training,https://waltair.kvs.ac.in,"Kendriya Vidyalaya Waltair, Hyderabad",6187
Education & Training,https://drdobangalore.kvs.ac.in,"Kendriya Vidyalaya, DRDO - Project School Sponsored By DRDO, Bengaluru",6188
Education & Training,https://no2hajirasurat.kvs.ac.in,"Kendriya Vidyalaya No.2 Kribhco Township, Surat, Gujarat",6189
Education & Training,https://manendragarh.kvs.ac.in,"Kendriya Vidyalaya Manendragarh, Raipur",6190
Education & Training,https://mtechadm.iitm.ac.in,"DoMS, Managment Studies, Indian Institute of Technology Madras",6191
Education & Training,https://mathurabaad.kvs.ac.in,"Kendriya Vidyalaya No.3 Baad, Mathura",6192
Education & Training,https://madhyamik.assam.gov.in,"Directorate of Secondary Education, Assam",6193
Education & Training,https://dhamtari.kvs.ac.in,"Kendriya Vidyalaya Dhamtari, Raipur",6194
Education & Training,https://arah.kvs.ac.in,"Kendriya Vidyalaya Ara, Bihar",6195
Education & Training,https://www.iisertirupati.ac.in,"Indian Institute of Science Education and Research (IISER), Tirupati",6196
Education & Training,https://www.klsgaci.edu.in,"Pt. Khushilal Sharma Government (Autonomous) Ayurveda College & Institute Bhopal, Madhya Pradesh",6197
Education & Training,https://pmposhan.education.gov.in,Pradhan Mantri Poshan Shakti Nirman,6198
Education & Training,https://dietnongstoin.gov.in,"District Institute of Education and Training, Nongstoin, Meghalaya",6199
Education & Training,https://lumding.kvs.ac.in,"Kendriya Vidyalaya Officers Colony, Lumding, Assam",6200
Education & Training,https://vsnnagpur.kvs.ac.in,"Kendriya Vidyalaya Vayusena Nagar, Nagpur",6201
Education & Training,https://kokrajhar.kvs.ac.in,"Kendriya Vidyalaya Kokrajhar, Guwahati",6202
Education & Training,https://www.iitkgp.ac.in,"Indian Institute of Technology (IIT), Kharagpur",6203
Education & Training,https://www.ncskochi.ac.in,"Navy Children School, Kochi, Kerala",6204
Education & Training,https://rajshaladarpan.nic.in/SD3/Home/Public2/Default.aspx,"Integrated Shala Darpan, Rajasthan",6205
Education & Training,https://www.nitdelhi.ac.in,"National Institute of Technology (NIT), Delhi",6206
Education & Training,https://no1vijayawada.kvs.ac.in,Kendriya Vidyalaya No.1 Vijayawada,6207
Education & Training,https://kandukurtown.kvs.ac.in,"Kendriya Vidyalaya Kandukur Town, Andhra Pradesh",6208
Education & Training,https://no2balasore.kvs.ac.in,"Kendriya Vidyalaya No 2 Balasore,Odisha",6209
Education & Training,https://dme.telangana.gov.in,"Directorate of Medical Education, Telangana",6210
Education & Training,https://www.nielit.gov.in/haridwar,"National Institute of Electronics & Information Technology, Haridwar",6211
Education & Training,https://atingl.nic.in,"Administrative Training Institute, Nagaland",6212
Education & Training,https://kvkuppersubansiri.nic.in,"Krishi Vigyan Kendra, Upper Subansiri, Arunachal Pradesh",6213
Education & Training,https://www.gcelt.gov.in,"Government College of Engineering & Leather Technology, West Bengal",6214
Education & Training,https://mbacademy.delhi.gov.in,"Maithili-Bhojpuri Academy, Delhi",6215
Education & Training,https://nsmahavidyalaya.nic.in,"Netaji Subhash Mahavidyalaya, Udaipur, Tripura",6216
Education & Training,https://www.attc.skmpoly.edu.in,"Advanced Technical Training Centre (ATTC), Sikkim",6217
Education & Training,https://seclnowrozabad.kvs.ac.in,"Kendriya Vidyalaya Nowrozabad, Madhya Pradesh",6218
Education & Training,https://cmeridurgapur.kvs.ac.in,"Kendriya Vidyalaya CMERI Durgapur, Kolkata",6219
Education & Training,https://no4gwaliorafs.kvs.ac.in,"Kendriya Vidyalaya No.4 Maharajpur, Gwalior, Madhya Pradesh",6220
Education & Training,https://iiits.ac.in,"Indian Institute of Information Technology (IIIT), Chittoor",6221
Education & Training,https://no1afsjorhat.kvs.ac.in,"Kendriya Vidyalaya AFS Jorhat, Assam",6223
Education & Training,https://raigarh.kvs.ac.in,"Kendriya Vidyalaya Raigarh, Chhattisgarh",6224
Education & Training,https://no2rewa.kvs.ac.in,"Kendriya Vidyalaya No. 2, Rewa, Madhya Pradesh",6225
Education & Training,https://rohinisec22.kvs.ac.in,"Kendriya Vidyalaya sector-22, Rohini At D-16, sector-3, Rohini, Delhi",6226
Education & Training,https://iiitbh.ac.in,"Indian Institute of Information Technology (IIIT), Bhagalpur",6227
Education & Training,https://adoor.kvs.ac.in,"Kendriya Vidyalaya, Adoor, Pathanamthitta, Kerala",6228
Education & Training,https://no1amritsarcantt.kvs.ac.in,"Kendriya Vidyalaya No.1, Amritsar Cantonment, Amritsar, Punjab",6229
Education & Training,https://www.ugc.ac.in/deb,Distance Education Bureau (DEB) - A Bureau of University Grants Commission (UGC),6230
Education & Training,https://ladakh.nic.in/higher-education,"Higher Education Department, Ladakh",6231
Education & Training,https://inskalinga.kvs.ac.in,"Kendriya Vidyalaya INS, Kalinga",6232
Education & Training,https://nirm.in,National Institute of Rock Mechanics (NIRM),6233
Education & Training,https://www.dtekerala.gov.in,"Directorate of Technical Education, Kerala",6234
Education & Training,https://no2katni.kvs.ac.in,"Kendriya Vidyalaya No.2, NKJ, Katni",6235
Education & Training,https://mallapuram.kvs.ac.in,"Kendriya Vidyalaya  Malappuram, Ernakulam",6236
Education & Training,https://pec.ac.in,"Punjab Engineering College (PEC), Chandigarh",6237
Education & Training,https://no2udaipur.kvs.ac.in,"Kendriya Vidyalaya No.2, Eklinggarh Cantt, Udaipur",6238
Education & Training,https://kishtwar.kvs.ac.in,"Kendriya Vidyalaya Kishtwar, Jammu & Kashmir",6239
Education & Training,https://www.muhs.ac.in,"Maharashtra University of Health Sciences, Nashik, Maharashtra",6240
Education & Training,https://lalgarhjattan.kvs.ac.in,"Kendriya Vidyalaya Lalgarh Jattan, Jaipur",6241
Education & Training,https://tamulpur.kvs.ac.in,"Kendriya Vidyalaya Tamulpur, Assam",6242
Education & Training,https://www.amu.ac.in,Aligarh Muslim University (AMU),6243
Education & Training,https://afswadsar.kvs.ac.in,"Kendriya Vidyalaya Wadsar, Gujarat",6244
Education & Training,https://iiitallahabad.kvs.ac.in,"Kendriya Vidyalaya IIIT Jhalwa, Varanasi",6245
Education & Training,https://bsfraninagar.kvs.ac.in,"Kendriya Vidyalaya BSF Raninagar, Jalpaiguri",6246
Education & Training,https://itishahdara.delhi.gov.in,"ITI Shahdara, Delhi",6248
Education & Training,https://www.iiap.res.in,Indian Institute of Astrophysics (IIA),6249
Education & Training,https://www.kvkathmandu.net,"Kendriya Vidyalaya, Kathmandu, Nepal",6250
Education & Training,https://kite.kerala.gov.in,"Kerala Infrastructure and Technology for Education (KITE), Kerala",6251
Education & Training,https://eacuppershillong.kvs.ac.in,"Kendriya Vidyalaya EAC, Upper Shillong, Meghalaya",6252
Education & Training,https://nitsri.ac.in,"National Institute of Technology (NIT), Srinagar",6253
Education & Training,https://no2afstezpur.kvs.ac.in,"Kendriya Vidyalaya No.2 AFS , Tezpur",6254
Education & Training,https://www.natboard.edu.in,National Board of Examinations,6255
Education & Training,https://bed.delhi.gov.in,"Bachelor of Education Program, Delhi",6256
Education & Training,https://www.ihmlucknow.com,"Institute of Hotel Management, Lucknow",6257
Education & Training,https://www.iith.ac.in,"Indian Institute of Technology (IIT), Hyderabad",6258
Education & Training,https://roraipur.kvs.gov.in,"Kendriya Vidyalaya Sangathan, Regional Office, Raipur",6259
Education & Training,https://kawardha.kvs.ac.in,"Kendriya Vidyalaya Kawardha, Raipur",6260
Education & Training,https://eluru.kvs.ac.in,"Kendriya Vidyalaya Eluru, Hyderabad",6261
Education & Training,https://patan.kvs.ac.in,"Kendriya Vidyalaya Patan, Ahemdabad",6262
Education & Training,https://phulera.kvs.ac.in,"Kendriya Vidyalaya Phulera, Rajasthan",6263
Education & Training,https://no1tezpur.kvs.ac.in,"Kendriya Vidyalaya No.1 Tezpur, Assam",6264
Education & Training,https://results.cusat.ac.in,"Cochin University of Science and Technology, Kerala",6265
Education & Training,https://www.nimsuniversity.org,"Nims University, Jaipur, Rajasthan",6266
Education & Training,https://dehradunolf.kvs.ac.in,"Kendriya Vidyalaya OLF, Raipur, Dehradun",6267
Education & Training,https://www.periyaruniversity.ac.in,"Periyar University, Tamil Nadu",6268
Education & Training,https://alipurduar.kvs.ac.in,"Kendriya Vidyalaya Alipurduar, Kolkata",6269
Education & Training,https://nitttrbpl.ac.in,"National Institute of Technical Teachers Training and Research (NITTTR), Bhopal",6270
Education & Training,https://mrcahmedabad.kvs.ac.in,"Kendriya Vidyalaya No.1 Shahibaug, Ahmedabad, Gujarat",6271
Education & Training,https://fmuniversity.nic.in,"Fakir Mohan University, Odisha",6272
Education & Training,https://no2akhnoor.kvs.ac.in,"Kendriya Vidyalaya No.2 Akhnoor, Jammu",6273
Education & Training,https://mkuniversity.ac.in,"Madurai Kamaraj University, Tamil Nadu",6274
Education & Training,https://jutogh.kvs.ac.in,"Kendriya Vidyalaya Jutogh Cantt, Shimla",6275
Education & Training,https://www.nitw.ac.in,"National Institute of Technology (NIT), Warangal",6276
Education & Training,https://himmatnagar.kvs.ac.in,"Kendriya Vidyalaya Himmat Nagar, Gujarat",6277
Education & Training,https://andrewsganj.kvs.ac.in,"Kendriya Vidyalaya, Andrews Ganj, New Delhi",6278
Education & Training,https://agppanta.kvs.ac.in,"Kendriya Vidyalaya, NTPC, Anta, Rajasthan",6279
Education & Training,https://schooledn.py.gov.in/diet/introductiondiet.html,"District Institute of Education and Training (DIET), Puducherry",6280
Education & Training,https://steelplant.kvs.ac.in,"Kendriya Vidyalaya Steel Plant, Visakhapatnam",6281
Education & Training,https://silvassa.kvs.ac.in,"Kendriya Vidyalaya Tokarkhada, Silvassa",6282
Education & Training,https://dte.maharashtra.gov.in,"Directorate of Technical Education, Maharashtra",6283
Education & Training,https://mdm.wbsed.gov.in,"Pradhan Mantri Poshan Shakti Nirman (PM POSHAN), West Bengal",6284
Education & Training,https://gonda.kvs.ac.in,"Kendriya Vidyalaya Gonda, Varanasi",6285
Education & Training,https://crpfmudkhed.kvs.ac.in,"Kendriya Vidyalaya CRPF Mudkhed, Nanded",6287
Education & Training,https://shikshaportal.mp.gov.in,"Education Portal 2.0, Madhya Pradesh",6288
Education & Training,https://bolpur.kvs.ac.in,"Kendriya Vidyalaya Bolpur, Kolkata",6289
Education & Training,https://www.nita.ac.in,"National Institute of Technology (NIT), Agartala",6290
Education & Training,https://khamariaof.kvs.ac.in,"Kendriya Vidyalaya O.F. Khamaria, Jabalpur",6291
Education & Training,https://www.bknmu.edu.in,"Bhakta Kavi Narsinh Maheta University, Gujarat",6292
Education & Training,https://godda.kvs.ac.in,"Kendriya Vidyalaya Godda, Jharkhand",6293
Education & Training,https://www.jmi.ac.in,Jamia Millia Islamia,6294
Education & Training,https://baramula.kvs.ac.in,"Kendriya Vidyalaya Baramulla, Jammu and Kashmir",6295
Education & Training,https://jansuraksha.gov.in,Jan-Dhan Se Jan Suraksha Portal,6296
Education & Training,https://no3pune.kvs.ac.in,"Kendriya Vidyalaya No.3, Pune",6297
Education & Training,https://copyright.gov.in,Copyright Office,6298
Education & Training,https://vasantkunj.kvs.ac.in,"Kendriya Vidyalaya, Vasant Kunj, New Delhi",6299
Education & Training,https://no1ishapore.kvs.ac.in,"Kendriya Vidyalaya No.1 Ishapore, Kolkata",6300
Education & Training,https://www.nift.ac.in/delhi,"National Institute of Fashion Technology (NIFT), New Delhi",6301
Education & Training,https://jashpur.kvs.ac.in,"Kendriya Vidyalaya Jashpur, Raipur",6302
Education & Training,https://www.pmsonline.bih.nic.in,"Post Matric Scholarship Portal, Bihar",6303
Education & Training,https://no1madurai.kvs.ac.in,"Kendriya Vidyalaya No 1, Madurai, Tamil Nadu",6304
Education & Training,https://dantewada.kvs.ac.in,"Kendriya Vidyalaya, Dantewada, Chhattisgarh",6305
Education & Training,https://mggcm.and.nic.in,"Mahatma Gandhi Government College, Mayabunder, Andaman & Nicobar Islands",6306
Education & Training,https://www.nie.gov.in,National Institute of Epidemiology (NIE),6307
Education & Training,https://pusaiti.delhi.gov.in,"Industrial Training Institute Pusa, Delhi",6309
Education & Training,https://www.ihmhajipur.net,"Institute of Hotel Management (IHM), Hajipur",6310
Education & Training,https://chapra.kvs.ac.in,"Kendriya Vidyalaya, Chapra, Bihar",6311
Education & Training,https://gootyanantpur.kvs.ac.in,"Kendriya Vidyalaya Gooty, Andhra Pradesh",6312
Education & Training,https://jalore.kvs.ac.in,"Kendriya Vidyalaya Jalore, Jaipur",6313
Education & Training,https://no4korba.kvs.ac.in,"Kendriya Vidyalaya NTPC Korba, Chhattisgarh",6314
Education & Training,https://pmevidya.education.gov.in,PM e-VIDYA,6315
Education & Training,https://kvkrajouri.nic.in,"Krishi Vigyan Kendra (KVK), Rajouri",6316
Education & Training,https://economics.puchd.ac.in,"Department of Economics, Panjab University, Chandigarh",6317
Education & Training,https://jecassam.ac.in,"Jorhat Engineering College, Assam",6318
Education & Training,https://malanjkhand.kvs.ac.in,"Kendriya Vidyalaya Malanjkhand, Balaghat, MP",6319
Education & Training,https://cmepune.kvs.ac.in,"Kendriya Vidyalaya CME, Pune",6320
Education & Training,https://www.bdu.ac.in,"Bharathidasan University, Tiruchirappalli, Tamil Nadu",6321
Education & Training,https://andcollege.du.ac.in,"Acharya Narendra Dev College, Delhi",6322
Education & Training,https://ujjain.kvs.ac.in,"Kendriya Vidyalaya Ujjain, Madhya Pradesh",6323
Education & Training,https://no2srivijayanagar.kvs.ac.in,"Kendriya Vidyalaya No.2 Sri Vijaya Nagar, Visakhapatnam",6324
Education & Training,https://koliwada.kvs.ac.in,"Kendriya Vidyalaya Koliwada, Maharashtra",6325
Education & Training,https://gangavathi.kvs.ac.in,"Kendriya Vidyalaya Gangavathi, Bangalore",6326
Education & Training,https://secldhanpuri.kvs.ac.in,"Kendriya Vidyalaya Dhanpuri, Madhya Pradesh",6327
Education & Training,https://nationalawardstoteachers.education.gov.in,National Awards to Teachers,6328
Education & Training,https://diphu.kvs.ac.in,"Kendriya Vidyalaya Diphu, Guwahati",6329
Education & Training,https://cec.nic.in,Consortium for Educational Communication (CEC),6330
Education & Training,https://no3chakeri.kvs.ac.in,"Kendriya Vidyalaya No.3 Air Force Station, Kanpur, Uttar Pradesh",6331
Education & Training,https://www.keralasahityaakademi.org,"Kerala Sahitya Akademi, Kerala",6332
Education & Training,https://tikamgarh.kvs.ac.in,"Kendriya Vidyalaya Tikamgarh, Madhya Pradesh",6333
Education & Training,https://hissarcantt.kvs.ac.in,"Kendriya Vidyalaya Military Station, Hisar, Haryana",6334
Education & Training,https://barkakana.kvs.ac.in,"Kendriya Vidyalaya Barkakana, Jharkhand",6335
Education & Training,https://www.nasonline.org,National Academy of Sciences,6336
Education & Training,https://sabarmati.kvs.ac.in,"Kendriya Vidyalaya Sabarmati, Ahmedabad, Gujarat",6337
Education & Training,https://www.iiserkol.ac.in,"Indian Institute of Science Education and Research (IISER), Kolkata",6338
Education & Training,https://www.mcehassan.ac.in,"Malnad College of Engineering, Hassan, Karnataka",6339
Education & Training,https://dharmapuri.kvs.ac.in,"Kendriya Vidyalaya, Dharmapuri, Tamil Nadu",6340
Education & Training,https://wclchandrapur.kvs.ac.in,"Kendriya Vidyalaya Ordnance Factory, Chandrapur, Maharashtra",6341
Education & Training,https://anantnag.kvs.ac.in,"Kendriya Vidyalaya Anantnag, Jammu",6342
Education & Training,https://bhavnagarpara.kvs.ac.in,"Kendriya Vidyalaya Bhavnagar Para, Gujarat",6343
Education & Training,https://ziro.kvs.ac.in,"Kendriya Vidyalaya Ziro, Tinsukia",6344
Education & Training,https://www.ccsuniversity.ac.in,"Chaudhary Charan Singh University, Meerut, Uttar Pradesh",6345
Education & Training,https://www.abc.gov.in,Academic Bank of Credits,6346
Education & Training,https://dseu.ac.in,Delhi Skill & Enterprenuership University,6347
Education & Training,https://www.iitism.ac.in,"Indian Institute of Technology (IIT), Dhanbad",6348
Education & Training,https://narangi.kvs.ac.in,"Kendriya Vidyalaya Narangi, Guwahati",6349
Education & Training,https://afskasauli.kvs.ac.in,"Kendriya Vidyalaya AFS Kasauli, Solan",6350
Education & Training,https://sacahmedabad.kvs.ac.in,"Kendriya Vidyalaya, Vastrapur, Ahmedabad, Gujurat",6352
Education & Training,https://ihmddn.com,"Institute of Hotel Management, Catering Technology and Applied Nutrition, Dehradun",6353
Education & Training,https://kargil.kvs.ac.in,"Kendriya Vidyalaya Kargil, Ladakh",6354
Education & Training,https://ghbc.edu.in,"Govt. Hrangbana College, Mizoram",6355
Education & Training,https://www.isibang.ac.in,"Indian Statistical Institute (ISI), Bangalore",6356
Education & Training,https://mahe.kvs.ac.in,"Kendriya Vidyalaya Mahe, Paral",6357
Education & Training,https://www.urducouncil.nic.in,National Council for Promotion of Urdu Language (NCPUL),6358
Education & Training,https://badarwah.kvs.ac.in,Kendriya Vidyalaya Bhadarwah,6359
Education & Training,https://mahaotandptcouncil.in,"Maharashtra State Council for Occupational Therapy & Physiotherapy, Maharashtra",6360
Education & Training,https://ccet.ac.in,Chandigarh College of Engineering and Technology (Degree Wing),6361
Education & Training,https://champhai.kvs.ac.in,"Kendriya Vidyalaya Champhai, Mizoram",6362
Education & Training,https://cse.pec.edu,"Department of Computer Science and Engineering, Puducherry Technological University, Puducherry",6364
Education & Training,https://iimamritsar.ac.in,"Indian Institute of Management (IIM), Amritsar",6365
Education & Training,https://www.dauniv.ac.in,"Devi Ahilya Vishwavidyalaya, Indore, Madhya Pradesh",6366
Education & Training,https://eoc.du.ac.in,"Equal Opportunity Cell, University of Delhi",6367
Education & Training,https://kalpetta.kvs.ac.in,"Kendriya Vidyalaya Munderi, Kalpetta, Kerala",6368
Education & Training,https://viramgaon.kvs.ac.in,"Kendriya Vidyalaya Viramgam, Gujarat",6369
Education & Training,https://boatwr.education.gov.in,"Board of Apprenticeship Training, Mumbai",6370
Education & Training,https://armyareapune.kvs.ac.in,"Kendriya Vidyalaya Army Area, Pune, Mumbai",6371
Education & Training,https://no2ajmercrpf.kvs.ac.in,"Kendriya Vidyalaya No.2, Ajmer",6372
Education & Training,https://shahadol.kvs.ac.in,"Kendriya Vidyalaya Shahdol, Jabalpur",6373
Education & Training,https://zakhma.kvs.ac.in,"Kendriya Vidyalaya Zakhama, Nagaland",6374
Education & Training,https://kcg.gujarat.gov.in,"Knowledge Consortium of Gujarat (KCG), Gujarat",6375
Education & Training,https://www.jiwaji.edu,"Jiwaji University, Gwalior, Madhya Pradesh",6376
Education & Training,https://no1tambaram.kvs.ac.in,"Kendriya Vidyalaya No 1,AFS,Tambaram,Chennai, Tamil Nadu",6377
Education & Training,https://www.centacpuducherry.in,"Centralized Admission Committee (CENTAC), Puducherry",6378
Education & Training,https://jhalawar.kvs.ac.in,"Kendriya Vidyalaya Jhalawar, Rajasthan",6379
Education & Training,https://umroicantt.kvs.ac.in,"Kendriya Vidyalaya Umroi Cantt, Silchar",6380
Education & Training,https://www.kucc.keralauniversity.ac.in,"Computer Centre, University of Kerala, Kerala",6381
Education & Training,https://www.dietgangtok.nic.in,"District Institute of Education and Training (DIET), Gangtok, West Bengal",6382
Education & Training,https://www.igntu.ac.in,"Indira Gandhi National Tribal University, Amarkantak, Madhya Pradesh",6383
Education & Training,https://lakhanpur.kvs.ac.in,"Kendriya Vidyalaya Lakhanpur, Kathua",6384
Education & Training,https://machhlipatnam.kvs.ac.in,"Kendriya Vidyalaya Machilipatnam, Andhra Pradesh",6385
Education & Training,https://manresults.nic.in,"Examination Results, Manipur",6386
Education & Training,https://nits.ac.in,"National Institute of Technology, Silchar, Assam",6387
Education & Training,https://gangtok.kvs.ac.in,"Kendriya Vidyalaya Gangtok, Sikkim",6388
Education & Training,https://jagdalpur.kvs.ac.in,"Kendriya Vidyalaya Jagdalpur, Chhattisgarh",6389
Education & Training,https://romumbai.kvs.gov.in,"Kendriya Vidyalaya Sangathan, Regional Office, Mumbai, Maharashtra",6390
Education & Training,https://no1sagarcantt.kvs.ac.in,"Kendriya Vidyalaya No. 1 Sagar, Madhya Pradesh",6391
Education & Training,https://pgimsrmumbai.esic.gov.in,"Employees State Insurance Corporation, Esi Pgimsr And Model Hospital Cum O.d.c, Andhari (e), Mumbai, Maharashtra",6392
Education & Training,https://rte25.upsdc.gov.in,"Basic Education Department, Uttar Pradesh",6393
Education & Training,https://kau.in,"Kerala Agricultural University, Kerala",6394
Education & Training,https://bsfaradhpur.kvs.ac.in,"Kendriya Vidyalaya Aradhpur, Kolkata",6395
Education & Training,https://ildm.kerala.gov.in,"Institute of Land and Disaster Management, Kerala",6396
Education & Training,https://www.arunachaluniversity.ac.in,"Arunachal University of Studies (AUS), Arunachal Pradesh",6397
Education & Training,https://teluguuniversity.ac.in,"Potti Sreeramulu Telugu University, Andhra Pradesh",6398
Education & Training,https://bhandup.kvs.ac.in,"Kendriya Vidyalaya Bhandup, Mumbai",6399
Education & Training,https://iiitk.ac.in,"Indian Institute of Information Technology, Design and Manufacturing (IIITDM), Kurnool",6400
Education & Training,https://ducc.du.ac.in,Delhi University Computer Centre (DUCC),6401
Education & Training,https://gangrani.kvs.ac.in,"Kendriya Vidyalaya Gangrani, Kushinagar",6402
Education & Training,https://kakinada.kvs.ac.in,"Kendriya Vidyalaya Kakinada, Hyderabad",6403
Education & Training,https://boatnr.org,"Board of Apprenticeship Training, Northern Region",6404
Education & Training,https://sircilla.kvs.ac.in,"Kendriya Vidyalaya Sircilla, Telangana",6405
Education & Training,https://no4bhubaneswar.kvs.ac.in,"Kendriya Vidyalaya No.4, Bhubaneswar, Odisha",6406
Education & Training,https://rhepune.kvs.ac.in,"Kendriya Vidyalaya RHE Pune, Mumbai",6407
Education & Training,https://balaghat.kvs.ac.in,"Kendriya Vidyalaya Balaghat, Jabalpur",6408
Education & Training,https://no2bhopal.kvs.ac.in,"Kendriya Vidyalaya No. 2, Bhopal, Madhya Pradesh",6409
Education & Training,https://rojaipur.kvs.gov.in,"Kendriya Vidyalaya Sangathan (KVS), Regional Office, Jaipur",6410
Education & Training,https://khairagarh.kvs.ac.in,"Kendriya Vidyalaya Khairagarh, Raipur",6411
Education & Training,https://bsfanoopgarh.kvs.ac.in,"Kendriya Vidyalaya BSF Anupgarh, Rajasthan",6412
Education & Training,https://dte.gujarat.gov.in,"Commissionerate of Technical Education, Gujarat",6413
Education & Training,https://aruvankadu.kvs.ac.in,"Kendriya Vidyalaya, Aruvankadu, The Nilgiris, Tamil Nadu",6414
Education & Training,https://karauli.kvs.ac.in,Kendriya Vidyalaya Karauli,6415
Education & Training,https://rochennai.kvs.gov.in,"Kendriya Vidyalaya Sangathan, Chennai Region, Tamil Nadu",6416
Education & Training,https://no1ofkatni.kvs.ac.in,"Kendriya Vidyalaya Ordnance Factory, Katni",6417
Education & Training,https://tawang.kvs.ac.in,"Kendriya Vidyalaya Tawang, Arunachal Pradesh",6418
Education & Training,https://www.irma.ac.in,"Institute of Rural Management Anand (IRMA), Gujarat",6419
Education & Training,https://nitkkr.ac.in,"National Institute of Technology (NIT), Kurukshetra",6420
Education & Training,https://www.iicb.res.in,Indian Institute of Chemical Biology (IICB),6421
Education & Training,https://bsfgandhinagar.kvs.ac.in,"Kendriya Vidyalaya BSF, Gandhinagar, West Bengal",6422
Education & Training,https://namkum.kvs.ac.in,"Kendriya Vidyalaya Namkum, Ranchi",6423
Education & Training,https://dhar.kvs.ac.in,"Kendriya Vidyalaya, Dhar, Madhya Pradesh",6424
Education & Training,https://no3srinagarbsf.kvs.ac.in,"Kendriya Vidyalaya No.3 BSF, Srinagar",6425
Education & Training,https://no1sambalpur.kvs.ac.in,"Kendriya Vidyalaya No. 1, Sambalpur, Odisha",6426
Education & Training,https://sawaimadhopur.kvs.ac.in,"Kendriya Vidyalaya Sawai Madhopur, Jaipur",6427
Education & Training,https://prerana.education.gov.in,PRERANA-School of Experiential Learning,6428
Education & Training,https://www.govtayurvedacollegetvm.nic.in,"Government Ayurveda College, Thiruvananthapuram, Kerala",6429
Education & Training,https://rgnv-utt.uk.gov.in,"Rajeev Gandhi Navodaya Vidyalaya Chinyalisaur, Uttarkashi, Uttarakhand",6430
Education & Training,https://www.hpuniv.ac.in,"Himachal Pradesh University, Himachal Pradesh",6431
Education & Training,https://dlwvaranasi.kvs.ac.in,Kendriya Vidyalaya DLW Varanasi,6432
Education & Training,https://chakpikarong.kvs.ac.in,"Kendriya Vidyalaya Chakpikarong, Tinsukiya",6433
Education & Training,https://sanskrit.nic.in,Central Sanskrit University,6434
Education & Training,https://no4baroda.kvs.ac.in,"Kendriya Vidyalaya No.4 ONGC - Vadodara, Gujarat",6435
Education & Training,https://doomdoomaarc.kvs.ac.in,Kendriya Vidyalaya A. R. C. Doomdooma,6436
Education & Training,https://gachibawli.kvs.ac.in,"Kendriya Vidyalaya Gachibowli, Hyderabad",6437
Education & Training,https://no2imphal.kvs.ac.in,"Kendriya Vidyalaya No.2 Imphal, Tinsukia",6438
Education & Training,https://sanskritacademy.delhi.gov.in,"Delhi Sanskrit Academy, Delhi",6439
Education & Training,https://ongcno3surat.kvs.ac.in,"Kendriya Vidyalaya No.3 ONGC, Surat",6440
Education & Training,https://www.mpuat.ac.in,"Maharana Pratap University of Agriculture and Technology, Udaipur, Rajasthan",6441
Education & Training,https://nniti.delhi.gov.in,"Industrial Training Institute Nand Nagri, Delhi",6442
Education & Training,https://schoolerp.ladakh.gov.in,"Directorate of School Education, Ladakh",6443
Education & Training,https://jharasangam.kvs.ac.in,"Kendriya Vidyalaya Jharasangam, Telangana",6444
Education & Training,https://karnal.kvs.ac.in,"Kendriya Vidyalaya Karnal, Haryana",6445
Education & Training,https://ihmgoa.gov.in,"Institute of Hotel Management, Catering Technology and Applied Nutrition, Goa",6446
Education & Training,https://ncds.nic.in,"Nabakrushna Choudhury Centre for Development Studies (ICSSR), Odisha",6447
Education & Training,https://hpbose.org,"Himachal Pradesh Board of School Education, Dharamshala, Himachal Pradesh",6448
Education & Training,https://www.nagarjunauniversity.ac.in,"Acharya Nagarjuna University, Andhra Pradesh",6449
Education & Training,https://no1srivijayanagar.kvs.ac.in,"Kendriya Vidyalaya  No.1 Srivijaya Nagar, Visakhapatnam",6450
Education & Training,https://idayapatti.kvs.ac.in,"Kendriya Vidyalaya, ITBP, Idayapatti, Madurai",6451
Education & Training,https://no3bokaro.kvs.ac.in,"Kendriya Vidyalaya No.3 Bokaro, Jharkhand",6452
Education & Training,https://gecidukki.ac.in,"Goverment Engineering College Idukki, Kerala",6453
Education & Training,https://www.keralabhashainstitute.org,"Kerala Language Institute, Kerala",6454
Education & Training,https://ncert.nic.in,National Council of Educational Research and Training (NCERT),6455
Education & Training,https://mgpgi.py.gov.in,"Mahatma Gandhi Postgraduate Institute of Dental Sciences (MGPGIDS), Puducherry",6456
Education & Training,https://www.mudde.org,"Directorate of Distance Education, Magadh University, BodhGaya, Bihar",6457
Education & Training,https://www.gbpihed.gov.in,Govind Ballabh Pant 'National Institute of Himalayan Environment' (NIHE),6458
Education & Training,https://bsfdantiwada.kvs.ac.in,"Kendriya Vidyalaya BSF Dantiwada, Banaskantha",6459
Education & Training,https://bsfsunderbani.kvs.ac.in,"Kendriya Vidyalaya Sunderbani, Rajouri",6460
Education & Training,https://roing.kvs.ac.in,"Kendriya Vidyalaya Roing, Tinsukia",6461
Education & Training,https://www.istm.gov.in,Institute of Secretariat Training and Management (ISTM),6462
Education & Training,https://tdmcalappuzha.org,"Government T.D. Medical College, Kerala",6463
Education & Training,https://abohar.kvs.ac.in,"Kendriya Vidyalaya Abohar, Punjab",6464
Education & Training,https://aecsmum1.ac.in,"Atomic Energy Central School-1, Mumbai, Maharashtra",6465
Education & Training,https://gcshillai.highalteducation.in,"Government College Shillai, Himachal Pradesh",6466
Education & Training,https://www.nielit.gov.in/patna,"National Institute of Electronics and Information Technology (NIELIT), Patna",6467
Education & Training,https://sulur.kvs.ac.in,"Kendriya Vidyalaya Air Force Station, Sulur",6468
Education & Training,https://crpfranchi.kvs.ac.in,"Kendriya Vidyalaya CRPF, Ranchi",6469
Education & Training,https://shahibganj.kvs.ac.in,"Kendriya Vidyalaya Sahibganj, Jharkhand",6470
Education & Training,https://no2dundigal.kvs.ac.in,"Kendriya Vidyalaya No.2, Air Force Academy, Dundigal",6471
Education & Training,https://www.nitjsr.ac.in,"National Institute of Technology (NIT), Jamshedpur",6472
Education & Training,https://vyapam.cgstate.gov.in,Chhattisgarh Professional Examination Board,6473
Education & Training,https://www.iiita.ac.in,"Indian Institute of Information Technology (IIIT), Allahabad",6474
Education & Training,https://chandametta.kvs.ac.in,"Kendriya Vidyalaya Barkuhi, Jabalpur",6475
Education & Training,https://www.ngu.ac.in,"Hemchandracharya North Gujarat University (HNGU), Gujarat",6476
Education & Training,https://nosmsje.gov.in,National Overseas Scholarship Scheme (NOS),6477
Education & Training,https://barabanki.kvs.ac.in,"Kendriya Vidyalaya Barabanki, Lucknow",6478
Education & Training,https://maids.delhi.gov.in,"Maulana Azad Institute of Dental Science, Delhi",6479
Education & Training,https://no1baroda.kvs.ac.in,"Kendriya Vidyalaya No.1 Harni Road, Vadodara, Ahmedabad",6480
Education & Training,https://www.plgpl.org,"Puranmal Lahoti Government Polytechnic, Latur, Maharashtra",6481
Education & Training,https://dungarpur.kvs.ac.in,"Kendriya Vidyalaya Dungarpur, Jaipur",6482
Education & Training,https://sikar.kvs.ac.in,"Kendriya Vidyalaya Sikar, Rajasthan",6483
Education & Training,https://www.manage.gov.in,National Institute of Agricultural Extension Management (MANAGE),6484
Education & Training,https://www.ayurveduniversity.edu.in,"Gujarat Ayurved University, Jamnagar",6485
Education & Training,https://www.aau.in,"Anand Agricultural University, Gujarat",6486
Education & Training,https://naini.kvs.ac.in,"Kendriya Vidyalaya Naini, Prayagraj",6487
Education & Training,https://brlps.in,JEEViKA - Bihar Rural Livelihoods Project (BRLP),6488
Education & Training,https://www.cujammu.ac.in,"Central University of Jammu, Jammu and Kashmir",6489
Education & Training,https://mandya.kvs.ac.in,"Kendriya Vidyalaya Mandya, Keragodu Hobli, Karnataka",6490
Education & Training,https://www.aiims.edu,"All India Institute of Medical Sciences (AIIMS), New Delhi",6491
Education & Training,https://cbmr.res.in,"Center of BioMedical Research, Lucknow, Uttar Pradesh",6492
Education & Training,https://ssgpurch.puchd.ac.in,"Punjab University, P.U. Swami Sarvanand Giri Regional Centre, Punjab",6493
Education & Training,https://kalimpong.kvs.ac.in,"Kendriya Vidyalaya Kalimpong, West Bengal",6494
Education & Training,https://ropatna.kvs.gov.in,"Kendriya Vidyalaya Sangathan, Regional Office, Patna",6495
Education & Training,https://rihandnagar.kvs.ac.in,"Kendriya Vidyalaya Rihandnagar, Varanasi",6496
Education & Training,https://scholarships.gov.in,National Scholarships Portal,6497
Education & Training,https://parbhani.kvs.ac.in,"Kendriya Vidyalaya Parbhani, Mumbai",6498
Education & Training,https://nationalbalbhavan.nic.in,National Bal Bhavan,6499
Education & Training,https://www.cev.ac.in,"College of Engineering Vadakara, Kerala",6500
Education & Training,https://subhadra.odisha.gov.in,"SUBHADRA Yojana, Odisha",6501
Education & Training,https://patratu.kvs.ac.in,"Kendriya Vidyalaya Patratu, Ranchi",6502
Education & Training,https://miryalaguda.kvs.ac.in,"Kendriya Vidyalaya  Miryalaguda, Telangana",6503
Education & Training,https://tezu.kvs.ac.in,"Kendriya Vidyalaya Tezu, Tinsukia",6504
Education & Training,https://dwarkagujarat.kvs.ac.in,"Kendriya Vidyalaya Dwarka, Gujarat",6505
Education & Training,https://www.iitm.ac.in,"Indian Institute of Technology (IIT), Madras",6506
Education & Training,https://talimrojgar.gujarat.gov.in,"Directorate of Employment and Training (DET), Gujarat",6507
Education & Training,https://inderpura.kvs.ac.in,"Kendriya Vidyalaya Indrapura, Jaipur",6508
Education & Training,https://aishe.gov.in,All India Survey on Higher Education,6509
Education & Training,https://nitagartala.kvs.ac.in,"Kendriya Vidyalaya NIT, Agartala",6510
Education & Training,https://dkp.delhi.gov.in,"DIET, Keshav Puram, New Delhi",6511
Education & Training,https://nccr-iitm.com,National Center for Catalysis Research (NCCR),6512
Education & Training,https://zietgwalior.kvs.gov.in,"Kendriya Vidyalaya Sangathan Zonal Institute of Education and Training (ZIET), Madhya Pradesh",6513
Education & Training,https://www.kvafsu.edu.in,"Karnataka Veterinery,  Animal and Fisheries Science University, Bidar, Karnataka",6514
Education & Training,https://no1kanchrapara.kvs.ac.in,"Kendriya Vidyalaya No.1, Kanchrapara",6515
Education & Training,https://rodelhi.kvs.gov.in,"Kendriya Vidyalaya Sangathan, Regional Office, Delhi",6516
Education & Training,https://umaria.kvs.ac.in,"Kendriya Vidyalaya Umaria, Madhya Pradesh",6517
Education & Training,https://www.medadmgujarat.org,"Admission Committee for Professional Medical Educational Courses, Gujarat",6518
Education & Training,https://www.buodisha.edu.in,"Berhampur University, Odisha",6519
Education & Training,https://kadrimidri.kvs.ac.in,"Kendriya Vidyalaya Chikkamagaluru, Bangalore",6520
Education & Training,https://dahod.kvs.ac.in,"Kendriya Vidyalaya Dahod, Ahmedabad",6521
Education & Training,https://bhongir.kvs.ac.in,"Kendriya Vidyalaya Bhongir, Telangana",6522
Education & Training,https://no1srinagar.kvs.ac.in,"Kendriya Vidyalaya No.1 Srinagar, Jammu",6523
Education & Training,https://iitgoa.ac.in,"Indian Institute of Technology (IIT), Goa",6524
Education & Training,https://bsfrajouri.kvs.ac.in,"Kendriya Vidyalaya BSF Campus Rajouri, Jammu",6525
Education & Training,https://udalguri.kvs.ac.in,"Kendriya Vidyalaya Udalguri, Assam",6526
Education & Training,https://iitkanpur.kvs.ac.in,"Kendriya Vidyalaya IIT, Kanpur",6527
Education & Training,https://samastipur.kvs.ac.in,"Kendriya Vidyalaya, Rau, Samastipur, Bihar",6528
Education & Training,https://ksoumysuru.ac.in,"Karnataka State Open University, Karnataka",6529
Education & Training,https://www.auttvl.ac.in,"Anna University Regional Campus - Tirunelveli, Tamil Nadu",6530
Education & Training,https://chennaigillnagar.kvs.ac.in,"Kendriya Vidyalaya, Gill Nagar, Chennai, Tamil Nadu",6531
Education & Training,https://www.mkbhavuni.edu.in,"Maharaja Krishnakumarsinhji Bhavnagar University, Gujarat",6532
Education & Training,https://nerizzatnagar.kvs.ac.in,"Kendriya Vidyalaya NER, Bareilly",6533
Education & Training,https://subathu.kvs.ac.in,"Kendriya Vidyalaya  14 G.T.C.  Subathu, Himachal Pradesh",6534
Education & Training,https://www.gpnagpur.ac.in,"Government Polytechnic, Nagpur, Maharashtra",6535
Education & Training,https://cmat.nta.nic.in,Common Management Admission Test (CMAT),6536
Education & Training,https://akampat.kvs.ac.in,"Kendriya Vidyalaya Akampat, Tinsukia",6537
Education & Training,https://roranchi.kvs.gov.in,"Kendriya Vidyalaya Sangathan Regional Office, Ranchi",6538
Education & Training,https://highereducation.nagaland.gov.in,"Higher Education Department, Nagaland",6539
Education & Training,https://manauri.kvs.ac.in,"Kendriya Vidyalaya AFS Manauri, Allahabad",6540
Education & Training,https://karwar.kvs.ac.in,"Kendriya Vidyalaya Karwar Naval Base, Uttar Kannada",6541
Education & Training,https://gmchassam.gov.in,"Gauhati Medical College and Hospital, Assam",6542
Education & Training,https://wapyelahanka.kvs.ac.in,"Kendriya Vidyalaya Rail Wheel Factory Yelahanka, Bengaluru",6543
Education & Training,https://kottayammedicalcollege.org,"Government Medical College Kottayam, Kerala",6544
Education & Training,https://sitapur.kvs.ac.in,"Kendriya Vidyalaya Sitapur, Lucknow",6545
Education & Training,https://chamrajnagar.kvs.ac.in,"Kendriya Vidyalaya Chamarajanagara, Bangaluru",6546
Education & Training,https://berhampur.kvs.ac.in,"Kendriya Vidyalaya Berhampur, Odisha",6547
Education & Training,https://rokolkata.kvs.gov.in,"Kendriya Vidyalaya Sangathan (KVS), Regional Office, Kolkata",6548
Education & Training,https://islandgrounds.kvs.ac.in,"Kendriya Vidyalaya, Island Grounds, Chennai, Tamil Nadu",6549
Education & Training,https://janjgir.kvs.ac.in,"Kendriya Vidyalaya Janjgir, Raipur",6550
Education & Training,https://maligaon.kvs.ac.in,"Kendriya Vidyalaya Maligaon, Guwahati",6551
Education & Training,https://drbbagpks.org,"Dr Babasaheb Bhimrao Ambedkar Government Polytechnic, UT of Dadra and Nagar Haveli-Silvassa",6552
Education & Training,https://bairagarh.kvs.ac.in,"Kendriya Vidyalaya Bairagarh, Bhopal",6553
Education & Training,https://no1nausenabagh.kvs.ac.in,"Kendriya Vidyalaya No.1, Nausenabaugh, Visakhapatnam",6554
Education & Training,https://no3faridabad.kvs.ac.in,"Kendriya Vidyalaya No.3, Faridabad",6555
Education & Training,https://www.nift.ac.in/kannur,"National Institute of Fashion Technology (NIFT), Kannur",6556
Education & Training,https://namrupbvfcl.kvs.ac.in,"Kendriya Vidyalaya Namrup, Assam",6557
Education & Training,https://www.niperkolkata.edu.in,"National Institute of Pharmaceutical Education and Research (NIPER), Kolkata",6558
Education & Training,https://ntiindia.kar.nic.in,"National Tuberculosis Institute (NTI), Bangalore",6559
Education & Training,https://puchd.ac.in,"Panjab University, Chandigarh",6560
Education & Training,https://iffcobareilly.kvs.ac.in,"Kendriya Vidyalaya IFFCO, Bareilly",6561
Education & Training,https://masimpur.kvs.ac.in,"Kendriya Vidyalaya Masimpur, Silchar",6562
Education & Training,https://okha.kvs.ac.in,"Kendriya Vidyalaya Okha, Gujarat",6563
Education & Training,https://iitgn.ac.in,"Indian Institute of Technology (IIT), Gandhinagar",6564
Education & Training,https://robhubaneswar.kvs.gov.in,"Kendriya Vidyalaya Sangathan, Regional Office, Bhubaneswar",6565
Education & Training,https://angrau.ac.in,"Acharya N. G. Ranga Agricultural University, Andhra Pradesh",6566
Education & Training,https://img.kerala.gov.in,"Institute of Management in Government (IMG), Kerala",6567
Education & Training,https://dte.goa.gov.in,"Directorate of Technical Education, Goa",6568
Education & Training,https://www.brabu.net,Babasaheb Bhimrao Ambedkar Bihar University,6569
Education & Training,https://gomoh.kvs.ac.in,"Kendriya Vidyalaya Gomoh, Jharkhand",6570
Education & Training,https://pilibhit.kvs.ac.in,"Kendriya Vidyalaya Pilibhit, Lucknow",6571
Education & Training,https://ndl.iitkgp.ac.in,National Digital Library of India,6572
Education & Training,https://ninpune.ayush.gov.in,"National Institute of Naturopathy, Pune",6573
Education & Training,https://rbnmsalboni.kvs.ac.in,"Kendriya Vidyalaya Raiganj Salboni, Kolkata",6574
Education & Training,https://iiserb.ac.in,"Indian Institute of Science Education and Research (IISER), Bhopal",6575
Education & Training,https://sukma.kvs.ac.in,"Kendriya Vidyalaya Sukma, Raipur",6576
Education & Training,https://afsno1sirsa.kvs.ac.in,"Kendriya Vidyalaya  No.1, Sirsa, Gurgaon",6577
Education & Training,https://afsbihata.kvs.ac.in,"Kendriya Vidyalaya, AFS, Bihta, Bihar",6578
Education & Training,https://hnbgu.ac.in,"Hemwati Nandan Bahuguna Garhwal University, Uttarakhand",6579
Education & Training,https://gomtinagar.kvs.ac.in,"Kendriya Vidyalaya Gomti Nagar, Lucknow",6580
Education & Training,https://www.iisertvm.ac.in,"Indian Institute of Science Education and Research (IISER), Thiruvananthapuram",6581
Education & Training,https://www.iiitsonepat.ac.in,"Indian Institute of Information Technology (IIIT), Sonepat",6582
Education & Training,https://rameswaram.kvs.ac.in,"Kendriya Vidyalaya, Rameswaram, Tamil Nadu",6583
Education & Training,https://nmcouncil.ap.nic.in,"Andhra Pradesh Nurses ,Midwives ,Auxiliary Nurse-Midwives & Health Visitors Council",6584
Education & Training,https://rajampalli.kvs.ac.in,"Kendriya Vidyalaya Rajampalli, Hyderabad",6585
Education & Training,https://niepa.ac.in,National Institute of Educational Planning and Administration,6586
Education & Training,https://no1afspune.kvs.ac.in,"Kendriya Vidyalaya No.1, AFS, Pune",6587
Education & Training,https://cossipore.kvs.ac.in,"Kendriya Vidyalaya Cossipore, Kolkata",6588
Education & Training,https://cup.ugc.ac.in,Central University Portal,6589
Education & Training,https://www.isichennai.res.in,"Indian Statistical Institute (ISI), Chennai",6590
Education & Training,https://www.kunainital.ac.in,"Kumaun University, Uttarakhand",6591
Education & Training,https://nayaraipur.kvs.ac.in,Kendriya Vidyalaya Naya Raipur,6592
Education & Training,https://bowenpally.kvs.ac.in,"Kendriya Vidyalaya Bowenpally, Secunderabad",6593
Education & Training,https://trivandrumafs.kvs.ac.in,"Kendriya Vidyalaya, Akkulam, Thiruvananthapuram, Kerala",6594
Education & Training,https://itipuri.nic.in,"Industrial Training Institute (ITI), Puri, Odisha",6595
Education & Training,https://www.gndu.ac.in,"Guru Nanak Dev University, Amritsar, Punjab",6596
Education & Training,https://ddpambassa.ac.in,"Dhalai District Polytechnic, Ambassa, Tripura",6597
Education & Training,https://sattenapalli.kvs.ac.in,Kendriya Vidyalaya Sattenapalli,6598
Education & Training,https://nalsar.ac.in,"NALSAR University of Law, Andhra Pradesh",6599
Education & Training,https://cipranchi.nic.in,Central Institute of Psychiatry (CIP),6600
Education & Training,https://www.bgsbu.ac.in,"Baba Ghulam Shah Badshah University, Rajouri, Jammu and Kashmir",6601
Education & Training,https://chittorgarh.kvs.ac.in,"Kendriya Vidyalaya Chittorgarh, Udaipur",6602
Education & Training,https://along.kvs.ac.in,"Kendriya Vidyalaya Aalo, Arunachal Pradesh",6603
Education & Training,https://karimganj.kvs.ac.in,"Kendriya Vidyalaya Karimganj, Silchar",6604
Education & Training,https://bsfkrishnanagar.kvs.ac.in,"Kendriya Vidyalaya BSF Krinshnanagar, Kolkata",6605
Education & Training,https://guntakal.kvs.ac.in,"Kendriya Vidyalaya Guntakal, Andhra Pradesh",6606
Education & Training,https://bellary.kvs.ac.in,"Kendriya Vidyalaya Bellary, Karnataka",6607
Education & Training,https://www.icsi.edu,Institute of Company Secretaries of India (ICSI),6608
Education & Training,https://www.nift.ac.in/hyderabad,"National Institute of Fashion Technology (NIFT), Hyderabad",6609
Education & Training,https://www.nitpy.ac.in,"National Institute of Technology (NIT), Puducherry",6610
Education & Training,https://cihcs.edu.in,Central Institute of Himalayan culture Studies (CIHCS),6611
Education & Training,https://www.iima.ac.in,"Indian Institute of Management (IIM), Ahmedabad",6612
Education & Training,https://coochbehar.kvs.ac.in,"Kendriya Vidyalaya Cooch Behar, West Bengal",6613
Education & Training,https://bbmc.nic.in,"Bir Bikram Memorial College, Agartala, Tripura",6614
Education & Training,https://aiimsbhubaneswar.nic.in,"All India Institute of Medical Sciences (AIIMS), Bhubaneswar",6615
Education & Training,https://rgnv-cha.uk.gov.in,"Rajeev Gandhi Novodaya Vidayalaya, Gairsain, Chamoli, Uttarakhand",6616
Education & Training,https://bsfteliamura.kvs.ac.in,Kendriya Vidyalaya BSF Teliamura,6617
Education & Training,https://www.cethalassery.ac.in,"College of Engineering Thalassery, Kerala",6618
Education & Training,https://mdu.ac.in,"Maharshi Dayanand University, Rohtak, Haryana",6619
Education & Training,https://onlinetesthry.gov.in,"Haryana State Technical Education Society, Panchkula (HSTES), Haryana",6620
Education & Training,https://www.ncpsl.gov.in,National Council for Promotion of Sindhi Language (NCPSL),6621
Education & Training,https://www.nitj.ac.in,"Dr B R Ambedkar National Institute of Technology, Jalandhar",6622
Education & Training,https://www.dvet.gov.in,"Directorate of Vocational Education and Training, Maharashtra",6623
Education & Training,https://no3delhicantt.kvs.ac.in,Kendriya Vidyalaya No. 3 Delhi Cantt,6624
Education & Training,https://gwcsbp.in,"Govt. Women's College, Sambalpur, Odisha",6625
Education & Training,https://jiyoparsi.minorityaffairs.gov.in,Jiyo Parsi Scheme Portal,6626
Education & Training,https://bpsmv.digitaluniversity.ac,"Bhagat Phool Singh Mahila Vishwavidyalaya, Haryana",6627
Education & Training,https://gcp.goa.gov.in,"Goa College of Pharmacy, Goa",6628
Education & Training,https://barpeta.kvs.ac.in,"Kendriya Vidyalaya Barpeta, Assam",6629
Education & Training,https://www.mitmuzaffarpur.org,"Muzaffarpur Institute of Technology, Bihar",6630
Education & Training,https://happyvalley.kvs.ac.in,"Kendriya Vidyalaya Happy Valley, Shillong",6631
Education & Training,https://no2chhindwara.kvs.ac.in,"Kendriya Vidyalaya No.2, Chhindwara, Jabalpur",6632
Education & Training,https://jrcbareilly.kvs.ac.in,"Kendriya Vidyalaya No.1 JRC, Bareilly",6633
Education & Training,https://ccibokajan.kvs.ac.in,"Kendriya Vidyalaya CCI Bokajan, Assam",6634
Education & Training,https://geca.ac.in,"Government College of Engineering, Chhatrapati Sambhajinagar, Maharashtra",6635
Education & Training,https://isid.org.in,Institute for Studies in Industrial Development (ISID),6636
Education & Training,https://www.iiti.ac.in,"Indian Institute of Technology (IIT), Indore",6637
Education & Training,https://rgnv-hdr.uk.gov.in,"Rajeev Gandhi Navodaya Vidyalaya, Haridwar, Uttarakhand",6638
Education & Training,https://no1devlali.kvs.ac.in,"Kendriya Vidyalaya No1 Devlali - Nashik, Maharashtra",6639
Education & Training,https://no3cochin.kvs.ac.in,"Kendriya Vidyalaya Port Trust, Kochi, Kerala",6640
Education & Training,https://no1udhampur.kvs.ac.in,"Kendriya Vidyalaya No.1 Udhampur, Jammu and Kashmir",6641
Education & Training,https://mahoba.kvs.ac.in,"Kendriya Vidyalaya Mahoba, Agra",6642
Education & Training,https://cuo.ac.in,"Central University of Odisha, Koraput",6643
Education & Training,https://www.iimtrichy.ac.in,"Indian Institute of Management (IIM), Tiruchirappalli",6644
Education & Training,https://bokarothermal.kvs.ac.in,"Kendriya Vidyalaya Bokaro Thermal, Jharkhand",6645
Education & Training,https://fatehgarh.kvs.ac.in,"Kendriya Vidyalaya RRC Fatehgarh, Lucknow",6646
Education & Training,https://afsthane.kvs.ac.in,Kendriya Vidyalaya AFS Thane,6647
Education & Training,https://www.gpk.ac.in,"Government Ploytechnic, Karad, Maharashtra",6648
Education & Training,https://no2itanagar.kvs.ac.in,"Kendriya Vidyalaya No.2, Itanagar",6649
Education & Training,https://www.nios.ac.in,National Institute of Open Schooling (NIOS),6650
Education & Training,https://swachhatahiseva.gov.in,Swachhata Hi Seva 2024,6651
Education & Training,https://www.bausabour.ac.in,"Bihar Agricultural University, Sabour",6652
Education & Training,https://nith.ac.in,"National Institute of Technology (NIT), Hamirpur",6653
Education & Training,https://iiitl.ac.in,"Indian Institute of Information Technology (IIIT), Lucknow",6654
Education & Training,https://afsbidar.kvs.ac.in,"Kendriya Vidyalaya Air Force Station, Bidar, Karnataka",6655
Education & Training,https://www.karnatakadigitalpubliclibrary.org,"Karnataka Digital Public Library, Karnataka",6656
Education & Training,https://newbongaigaon.kvs.ac.in,"Kendriya Vidyalaya, New Bongaigaon, Assam",6657
Education & Training,https://www.ptuniv.edu.in,"Puducherry Technological University (PTU), Puducherry",6658
Education & Training,https://itiambarnath.gov.in,"Govt. Industrial Training Institute (ITI), Ambarnath, Maharashtra",6659
Education & Training,https://rosilchar.kvs.gov.in,"Kendriya Vidyalaya Sangathan (KVS), Regional Office, Silchar",6660
Education & Training,https://itimankapur.kvs.ac.in,"Kendriya Vidyalaya ITI Mankapur, Varanasi",6661
Education & Training,https://www.iimb.ac.in,"Indian Institute of Management (IIM), Bangalore",6662
Education & Training,https://gbpmgcrampur.edu.in,"G. B. Pant Memorial Govt. College, Himachal Pradesh",6663
Education & Training,https://ongccambey.kvs.ac.in,"Kendriya Vidyalaya ONGC Cambay, Anand",6664
Education & Training,https://no2kharagpur.kvs.ac.in,"Kendriya Vidyalaya No.2 Kharagpur, Kolkata",6665
Education & Training,https://tenali.kvs.ac.in,"Kendriya Vidyalaya Tenali, Andhra Pradesh",6666
Education & Training,https://kanker.kvs.ac.in,"Kendriya Vidyalaya Kanker, Raipur",6667
Education & Training,https://rojabalpur.kvs.gov.in,"Kendriya Vidyalaya Sangathan, Regional Office, Jabalpur",6668
Education & Training,https://no3jaipur.kvs.ac.in,"Kendriya Vidyalaya No.3, Jaipur",6669
Education & Training,https://iitkharagpur.kvs.ac.in,"Kendriya Vidyalaya IIT, Kharagpur",6670
Education & Training,https://scert.mizoram.gov.in,"Directorate of State Council of Educational Research and Training, Mizoram",6671
Education & Training,https://no1dundigal.kvs.ac.in,"Kendriya Vidyalaya No.1 AFA, Dundigal",6672
Education & Training,https://iiitagartala.ac.in,"Indian Institute of Information Technology (IIIT), Agartala",6673
Education & Training,https://gpyavatmal.ac.in,"Government Polytechnic, Yavatmal, Maharashtra",6674
Education & Training,https://tatanagar.kvs.ac.in,"Kendriya Vidyalaya Tatanagar, Jharkhand",6675
Education & Training,https://bandarsindari.kvs.ac.in,"Kendriya Vidyalaya Bandarsindri, Jaipur",6676
Education & Training,https://no1chandimandir.kvs.ac.in,"Kendriya Vidyalaya  No.1 Chandimandir, Gurgaon",6677
Education & Training,https://no1binnaguricantt.kvs.ac.in,"Kendriya Vidyalaya No.1 Binnaguri, Kolkata",6678
Education & Training,https://rdsolucknow.kvs.ac.in,"Kendriya Vidyalaya RDSO, Lucknow",6679
Education & Training,https://ihmkol.org,"Institute of Hotel Management, Catering Technology and Applied Nutrition, Kolkata",6680
Education & Training,https://chandaof.kvs.ac.in,"Kendriya Vidyalaya Ordnance Factory, Chanda, Bhadravati",6681
Education & Training,https://no1jodhpurafs.kvs.ac.in,"Kendriya Vidyalaya No.1, Air Force Station, Jodhpur",6682
Education & Training,https://no1kanpur.kvs.ac.in,"Kendriya Vidyalaya No.1 AFS Chakeri, Kanpur",6684
Education & Training,https://dharwad.kvs.ac.in,"Kendriya Vidyalaya, Dharwad, Karnataka",6685
Education & Training,https://shimla.kvs.ac.in,"Kendriya Vidyalaya Jakhoohills, Shimla",6686
Education & Training,https://ncfsurvey.ncert.gov.in,Digital Survey for National Curriculum,6687
Education & Training,https://ksv.ac.in,"Kadi Sarva Vishwavidyalaya, Gujarat",6688
Education & Training,https://csjmu.ac.in,"Chhatrapati Shahu Ji Maharaj University, Kanpur, Uttar Pradesh",6689
Education & Training,https://afsnaliya.kvs.ac.in,"Kendriya Vidyalaya AFS Naliya, Kutch (Bhuj)",6690
Education & Training,https://betiah.kvs.ac.in,"Kendriya Vidyalaya Bettiah, Patna",6691
Education & Training,https://gpck.rajasthan.gov.in,"Government Polytechnic College, Kota, Rajasthan",6692
Education & Training,https://cbse.gov.in/ecbse/welcome.html,Collection of CBSE Books in Electronic Format,6693
Education & Training,https://virudunagar.kvs.ac.in,"Kendriya Vidyalaya, Virudhunagar, Tamilnadu",6694
Education & Training,https://coimbatore.kvs.ac.in,"Kendriya Vidyalaya, Coimbatore, Tamil nadu",6695
Education & Training,https://www.cuj.ac.in,"Central University of Jharkhand, Jharkhand",6696
Education & Training,https://hamlains.kvs.ac.in,"Kendriya Vidyalaya INS Hamla, Mumbai",6697
Education & Training,https://cwrdm.kerala.gov.in,"Centre for Water Resources Development and Management (CWRDM), Kerala",6698
Education & Training,https://pup.ac.in,"Patna University, Bihar",6699
Education & Training,https://www.navodaya.gov.in/nvs/nvs-school/KATHUA/en/home,"Jawahar Navodaya Vidyalaya, Kathua, Jammu and Kashmir",6700
Education & Training,https://www.kgmu.org,"King George's Medical University, Lucknow, Uttar Pradesh",6702
Education & Training,https://kvkwestkameng.gov.in,"Krishi Vigyan Kendra (KVK), West Kameng, Arunachal Pradesh",6703
Education & Training,https://porbander.kvs.ac.in,"Kendriya Vidyalaya Porbandar, Gujarat",6704
Education & Training,https://no2puneafs.kvs.ac.in,"Kendriya Vidyalaya No.2 AFS Pune, Mumbai",6705
Education & Training,https://rgnv-chp.uk.gov.in,"Rajeev Gandhi Navodaya Vidyalaya Lohaghat, Champawat, Uttarakhand",6706
Education & Training,https://bondamunda.kvs.ac.in,"Kendriya Vidyalaya, Bondamunda, Odisha",6707
Education & Training,https://crpfbantalab.kvs.ac.in,"Kendriya Vidyalaya Bantalab, Jammu",6708
Education & Training,https://biharboardonline.bihar.gov.in,Bihar School Examination Board (BSEB),6709
Education & Training,https://dharangandhra.kvs.ac.in,"Kendriya Vidyalaya Dhrangadhra, Ahmedabad",6710
Education & Training,https://no3bikanerafs.kvs.ac.in,"Kendriya Vidyalaya No.3, Nal, Bikaner",6711
Education & Training,https://no1agartala.kvs.ac.in,"Kendriya Vidyalaya No.1 Kunjaban, Agartala, Tripura",6712
Education & Training,https://mic.gov.in,Innovation Cell,6713
Education & Training,https://no2belagavicantt.kvs.ac.in,"Kendriya VidyalayaNo.2, Belgaum, Karnataka",6714
Education & Training,https://panagarh.kvs.ac.in,"Kendriya Vidyalaya Panagarh, Kolkata",6715
Education & Training,https://srikakulam.kvs.ac.in,"Kendriya Vidyalaya Srikakulam, Hyderabad",6716
Education & Training,https://npasvp.kvs.ac.in,"Kendriya Vidyalaya  SVP National Police Academy, Hyderabad",6717
Education & Training,https://baran.kvs.ac.in,"Kendriya Vidyalaya, Baran, Rajasthan",6718
Education & Training,https://cclranchi.kvs.ac.in,"Kendriya Vidyalaya Central Coal Field, Ranchi",6719
Education & Training,https://bodhantown.kvs.ac.in,"Kendriya Vidyalaya Bodhan Town, Telangana",6720
Education & Training,https://tinsukia.kvs.ac.in,Kendriya Vidyalaya Tinsukia,6721
Education & Training,https://kathua.kvs.ac.in,"Kendriya Vidyalaya Kathua, Jammu & Kashmir",6722
Education & Training,https://no4varanasi.kvs.ac.in,"Kendriya Vidyalaya No.4, Varanasi",6723
Education & Training,https://malleshwaram.kvs.ac.in,"Kendriya Vidyalaya, Malleswaram, Karnataka",6724
Education & Training,https://www.icssr.org,Indian Council of Social Science Research (ICSSR),6725
Education & Training,https://www.mids.ac.in,Madras Institute of Development Studies (MIDS),6726
Education & Training,https://nims.edu.in,"Nizam's Institute of Medical Sciences, Hyderabad, Telangana",6727
Education & Training,https://no2gorakhpur.kvs.ac.in,"Kendriya Vidyalaya No.2, FCI, Gorakhpur",6728
Education & Training,https://bengdubi.kvs.ac.in,"Kendriya Vidyalaya Bengdubi, Kolkata",6729
Education & Training,https://www.isical.ac.in,"Indian Statistical Institute (ISI), Calcutta",6730
Education & Training,https://biopbacheli.kvs.ac.in,"Kendriya Vidyalaya Bacheli, Dantewada, Raipur",6731
Education & Training,https://buxar.kvs.ac.in,"Kendriya Vidyalaya Buxar, Patna",6732
Education & Training,https://assamuniversity.kvs.ac.in,"Kendriya Vidyalaya Assam University Dorgakona, Silchar",6733
Education & Training,https://jawaharnagar.kvs.ac.in,"Kendriya Vidyalaya Jawaharnagar, Patna",6734
Education & Training,https://www.iimshillong.ac.in,"Indian Institute of Management (IIM), Shillong",6735
Education & Training,https://kankinara.kvs.ac.in,"Kendriya Vidyalaya Kankinara, Kolkata",6736
Education & Training,https://amhat.kvs.ac.in,"Kendriya Vidyalaya Amhat, Sultanpur",6737
Education & Training,https://www.dravidianuniversity.ac.in,"Dravidian University, Kuppam, Andhra Pradesh",6738
Education & Training,https://rajkot.kvs.ac.in,"Kendriya Vidyalaya Rajkot, Ahemedabad",6739
Education & Training,https://www.coep.org.in,"COEP Technological University, Pune, Maharashtra",6740
Education & Training,https://www.gujaratvidyapith.ac.in,"Gujarat Vidyapith, Gujarat",6741
Education & Training,https://nadkaranja.kvs.ac.in,"Kendriya Vidyalaya NAD Karanja, Mumbai",6742
Education & Training,https://www.guts.ac.in,Gujarat University of Transplantation Sciences,6743
Education & Training,https://mzu.edu.in,"Mizoram University, Mizoram",6744
Education & Training,https://khunti.kvs.ac.in,"Kendriya Vidyalaya Khunti, Ranchi",6745
Education & Training,https://dietbaghmara.gov.in,"District Institute of Education and Training, Baghmara, Meghalaya",6746
Education & Training,https://no3pathankot.kvs.ac.in,"Kendriya Vidyalaya No.3 Pathankot (Mamoon Cantt), Punjab",6747
Education & Training,https://nas.gov.in,National Achievement Survey (NAS),6748
Education & Training,https://amarkantak.kvs.ac.in,"Kendriya Vidyalaya Amarkantak , Jabalpur",6749
Education & Training,https://beawar.kvs.ac.in,"Kendriya Vidyalaya Beawar, Rajasthan",6750
Education & Training,https://www.gecmodasa.ac.in,"Government Engineering College, Modasa, Gandhinagar, Gujarat",6751
Education & Training,https://educationindia.gov.in,Education in India,6752
Education & Training,https://nagrota.kvs.ac.in,"Kendriya Vidyalaya,Nagrota, Jammu and Kashmir",6753
Education & Training,https://hindivishwa.org,Mahatma Gandhi Antarrashtriya Hindi Vishwavidyalaya,6754
Education & Training,https://ccrtindia.gov.in,Centre for Cultural Resources and Training (CCRT),6755
Education & Training,https://bgcw.py.gov.in,"Bharathidasan Government College for Women, Puducherry",6756
Education & Training,https://ongole.kvs.ac.in,"Kendriya Vidyalaya  Ongole, Hyderabad",6757
Education & Training,https://no1shahjahanpur.kvs.ac.in,Kendriya Vidyalaya No.1 Shahjahanpur Cantt,6758
Education & Training,https://gpthane.org.in,"Government Polytechnic, Thane, Maharashtra",6759
Education & Training,https://iiitn.ac.in,"Indian Institute of Information Technology (IIIT), Nagpur",6760
Education & Training,https://www.bbau.ac.in,Babasaheb Bhimrao Ambedkar University,6761
Education & Training,https://www.itra.ac.in,"Institute of Teaching and Research in Ayurveda (ITRA), Jamnagar",6762
Education & Training,https://www.charusat.ac.in,"Charotar University of Science and Technology (CHARUSAT), Gujarat",6763
Education & Training,https://schooledu.telangana.gov.in,"Commissioner and Director of School Education, Telangana",6764
Education & Training,https://ncvet.gov.in,National Council for Vocational Education and Training (NCVET),6765
Education & Training,https://www.ukdte.in,"Directorate of Technical Education Srinagar Garhwal, Uttarakhand",6766
Education & Training,https://afsawantipura.kvs.ac.in,"Kendriya Vidyalaya AFS Awantipur, Pulwama",6767
Education & Training,https://leh.kvs.ac.in,"Kendriya Vidyalaya Leh, Ladakh",6768
Education & Training,https://gcarch.goa.gov.in,"Goa College of Architecture, Goa",6769
Education & Training,https://www.iite.ac.in,"Indian Institute of Teacher Education (IITE), Gujarat",6770
Education & Training,https://deendayalinstitute.gujarat.gov.in,"Deendayal Institute of Survey and Revenue Administration, Gujarat",6771
Education & Training,https://www.hss.iitb.ac.in,"Department of Humanities and Social Sciences, IIT Bombay",6772
Education & Training,https://govtcollegekotri.in,"Government College Kotri, Chhattisgarh",6773
Education & Training,https://cgdteraipur.cgstate.gov.in,"Directorate of Technical Education, Chhattisgarh",6775
Education & Training,https://rodehradun.kvs.gov.in,"Kendriya Vidyalaya Sangathan, Regional Office, Dehradun",6776
Education & Training,https://www.iict.res.in,Indian Institute of Chemical Technology (IICT),6777
Education & Training,https://dharamshalacantt.kvs.ac.in,"Kendriya Vidyalaya Dharamshala Cantt , Gurgaon",6778
Education & Training,https://wclsarni.kvs.ac.in,"Kendriya Vidyalaya Sarni, Madhya Pradesh",6779
Education & Training,https://results.gov.in,Gateway to Exam Results in India,6780
Education & Training,https://aminoo.kvs.ac.in,"Kendriya Vidyalaya Aminoo, Jammu",6781
Education & Training,https://cohsem.nic.in,"Council of Higher Secondary Education, Manipur",6782
Education & Training,https://cstri.res.in,"Central Silk Technological Research Institute (CSTRI), Bangalore",6783
Education & Training,https://arunapmc.nic.in,Arunachal Pradesh Medical Council (India),6784
Education & Training,https://mandsaur.kvs.ac.in,Kendriya Vidyalaya Mandsaur,6785
Education & Training,https://hakimpet.kvs.ac.in,"Kendriya Vidyalaya  Hakimpet, Secunderabad",6786
Education & Training,https://www.aiimsjodhpur.edu.in,"All India Institute of Medical Sciences (AIIMS), Jodhpur",6787
Education & Training,https://elementaryeducation.tripura.gov.in,"Directorate of Elementary Education, Tripura",6788
Education & Training,https://www.cetkr.ac.in,"College of Engineering Trikaripur, Kerala",6789
Education & Training,https://www.nift.ac.in/chennai,"National Institute of Fashion Technology (NIFT), Chennai",6790
Education & Training,https://www.distanceeducationju.in,"Directorate of Distance Education & Online Education (DD & OE), University of Jammu, Jammu and Kashmir",6791
Education & Training,https://gandhigram.kvs.ac.in,"Kendriya Vidyalaya, Gandhigram, Tamil Nadu",6792
Education & Training,https://www.healthyhowrah.org,"District Health and Family Welfare Samiti, Howrah, West Bengal",6793
Education & Training,https://diksha.gov.in,DIKSHA - National Digital Infrastructure for Teachers,6794
Education & Training,https://no2satna.kvs.ac.in,"Kendriya Vidyalaya No.2, Satna, Jabalpur",6795
Education & Training,https://ongcchandkheda.kvs.ac.in,"Kendriya Vidyalaya ONGC, Chandkheda, Gujarat",6796
Education & Training,https://www.iisermohali.ac.in,"Indian Institute of Science Education and Research (IISER), Mohali",6797
Education & Training,https://rgnv-alm.uk.gov.in,"Rajeev Gandhi Navodaya Vidyalaya, Almora, Uttarakhand",6798
Education & Training,https://dhamana.kvs.ac.in,"Kendriya Vidyalaya Dhamana, Jammu",6799
Education & Training,https://nhpcrambi.kvs.ac.in,"Kendriya Vidyalaya NHPC, Rambi",6800
Education & Training,https://no2roorkee.kvs.ac.in,"Kendriya Vidyalaya No.2, B.E.G and Centre, Roorkee, Uttarakhand",6801
Education & Training,https://tengavalley.kvs.ac.in,"Kendriya Vidyalaya Tenga Valley, West Kameng",6802
Education & Training,https://bpk.py.gov.in,"Bharathiar Palkalaikoodam, Puducherry",6803
Education & Training,https://sgpgilucknow.kvs.ac.in,"Kendriya Vidyalaya SGPGI, Lucknow",6804
Education & Training,https://no1raipur.kvs.ac.in,"Kendriya Vidyalaya No.1, Raipur",6805
Education & Training,https://miransahib.kvs.ac.in,"Kendriya Vidyalaya Miran Sahib, Jammu",6806
Education & Training,https://insvalsura.kvs.ac.in,"Kendriya Vidyalaya INS Valsura, Jamnagar, Gujarat",6807
Education & Training,https://gangapurcity.kvs.ac.in,"Kendriya Vidyalaya Dibsya Gangapur City, Jaipur",6808
Education & Training,https://www.msmedikarnal.gov.in,"Development and Facilitation Office, Karnal",6810
Education & Training,https://www.manit.ac.in,"Maulana Azad National Institute of Technology, Bhopal",6811
Education & Training,https://dhule.kvs.ac.in,"Kendriya Vidyalaya Dhule, Mumbai",6812
Education & Training,https://hiranagar.kvs.ac.in,"Kendriya Vidyalaya, Hiranagar, Jammu and Kashmir",6813
Education & Training,https://www.rbu.ac.in,"Rabindra Bharati University, West Bengal",6814
Education & Training,https://no1calicut.kvs.ac.in,"Kendriya Vidyalaya No.1, Kozhikode, Calicut",6815
Education & Training,https://ongcsilchar.kvs.ac.in,"Kendriya Vidyalaya Sonai Road ONGC, Srikona, Silchar",6816
Education & Training,https://newcanttald.kvs.ac.in,"Kendriya Vidyalaya New Cantt, Allahabad",6817
Education & Training,https://www.polyambikapur.in,"Goverment Polytechnic College, Ambikapur, Chhattisgarh",6818
Education & Training,https://seclchirimiri.kvs.ac.in,"Kendriya Vidyalaya Chirimiri, Raipur",6819
Education & Training,https://aimsmohali.punjab.gov.in,"Dr B.R. Ambedkar State Institute of Medical Sciences, Punjab",6820
Education & Training,https://no4jaipur.kvs.ac.in,"Kendriya Vidyalaya No.4, Jaipur",6821
Education & Training,https://hardoi.kvs.ac.in,"Kendriya Vidyalaya Hardoi, Lucknow",6822
Education & Training,https://www.lncpe.gov.in,"Lakshmibai National College of Physical Education (LNCPE), Thiruvananthapuram",6823
Education & Training,https://nhpcmalda.kvs.ac.in,"Kendriya Vidyalaya Malda, Kolkata",6824
Education & Training,https://dinjan.kvs.ac.in,"Kendriya Vidyalaya Dinjan, Tinsukia",6825
Education & Training,https://harnaut.kvs.ac.in,"Kendriya Vidyalaya Harnaut, Bihar",6826
Education & Training,https://hoshangabad.kvs.ac.in,"Kendriya Vidyalaya, Hoshangabad, Madhya Pradesh",6827
Education & Training,https://vijayapura.kvs.ac.in,"Kendriya Vidyalaya Vijayapura, Karnataka",6828
Education & Training,https://ncmei.gov.in,National Commission for Minority Educational Institutions (NCMEI),6829
Education & Training,https://hillcollegetadubi.nic.in,"Hill College - Tadubi, Senapati District, Manipur",6830
Education & Training,https://no3sagar.kvs.ac.in,"Kendriya Vidyalaya No.3, Sagar, Jalbalpur",6831
Education & Training,https://bagalkot.kvs.ac.in,"Kendriya Vidyalaya Bagalkot, Bangalore",6832
Education & Training,https://www.iiitm.ac.in,"Indian Institute of Information Technology and Management (IIITM), Gwalior",6833
Education & Training,https://iriset.indianrailways.gov.in,"Indian Railway Institute of Signal Engineering and Telecommunications, Secunderabad",6834
Education & Training,https://jagdishpurbhel.kvs.ac.in,"Kendriya Vidyalaya BHEL Jagdishpur, Amethi",6835
Education & Training,https://nihroorkee.gov.in,"National Institute of Hydrology (NIH), Roorkee",6837
Education & Training,https://chandigarh3brd.kvs.ac.in,"Kendriya Vidyalaya 3BRD, AFS, Chandigarh",6838
Education & Training,https://no2uppal.kvs.ac.in,"Kendriya Vidyalaya No.2, Uppal, Hyderabad",6839
Education & Training,https://iimsambalpur.ac.in,"Indian Institute of Management (IIM), Sambalpur",6840
Education & Training,https://haflongssb.kvs.ac.in,"Kendriya Vidyalaya Haflong, Assam",6841
Education & Training,https://iimu.ac.in,"Indian Institute of Management (IIM), Udaipur",6842
Education & Training,https://no1jabalpurgcf.kvs.ac.in,"Kendriya Vidyalaya No.1 G.C.F, Jabalpur",6843
Education & Training,https://no1suratgarhafs.kvs.ac.in,"Kendriya Vidyalaya No.1, AFS Suratgarh",6844
Education & Training,https://sehore.kvs.ac.in,"Kendriya Vidyalaya Sehore, Madhya Pradesh",6845
Education & Training,https://theory.tifr.res.in,"Department of Theoretical Physics, Mumbai",6846
Education & Training,https://bhandaraof.kvs.ac.in,"Kendriya Vidyalaya Bhandara, Maharashtra",6847
Education & Training,https://gpkashipur.in,"Government Polytechnic, Kashipur, Udham Singh Nagar, Uttarakhand",6848
Education & Training,https://www.ecajmer.ac.in,"Engineering College Ajmer, Rajasthan",6849
Education & Training,https://navodaya.gov.in,Navodaya Vidyalaya Samiti,6850
Education & Training,https://iffcophulpur.kvs.ac.in,"Kendriya Vidyalaya IFFCO Phulpur, Varanasi",6851
Education & Training,https://niperguwahati.ac.in,"National Institute of Pharmaceutical Education and Research (NIPER), Guwahati",6852
Education & Training,https://jeecup.nic.in,"Joint Entrance Examination Council (Polytechnic), Uttar Pradesh",6853
Education & Training,https://bhuvaranasi.kvs.ac.in,"Kendriya Vidyalaya BHU, BHU Campus, Varanasi",6854
Education & Training,https://ganc.mizoram.gov.in,"Government Aizawl North College, Mizoram",6855
Education & Training,https://www.cusat.ac.in,"Cochin University of Science and Technology, Kerala",6856
Education & Training,https://no3colaba.kvs.ac.in,"Kendriya Vidyalaya No.3 Colaba, Mumbai",6857
Education & Training,https://iisc.ac.in,"Indian Institute of Science (IISC), Bangalore",6858
Education & Training,https://guntur.kvs.ac.in,"Kendriya Vidyalaya Guntur, Hyderabad",6859
Education & Training,https://victers.kite.kerala.gov.in,"Kerala Infrastructure and Techonology for Education (KITE), Kerala",6860
Education & Training,https://www.iiitdmj.ac.in,"Indian Institute of Information Technology, Design and Manufacturing (IIITDM), Jabalpur",6861
Education & Training,https://no1palakkad.kvs.ac.in,"Kendriya Vidyalaya No.1 Palakkad, Kerala",6862
Education & Training,https://no1jalahalli.kvs.ac.in,"Kendriya Vidyalaya No 1 AFS Jalahalli, West Bangalore, Karnataka",6863
Education & Training,https://iimv.ac.in,"Indian Institute of Management (IIM), Visakhapatnam",6864
Education & Training,https://kodagu.kvs.ac.in,"Kendriya Vidyalaya Kodagu, Madikeri",6865
Education & Training,https://suratgarhcantt.kvs.ac.in,"Kendriya Vidyalaya Suratgarh Cantt, Jaipur",6866
Education & Training,https://www.nift.ac.in/bhubaneswar,"National Institute of Fashion Technology (NIFT), Bhubaneswar",6867
Education & Training,https://birbhum.kvs.ac.in,"Kendriya Vidyalaya Birbhum, Kolkata",6868
Education & Training,https://ccmt.admissions.nic.in,Centralized Counseling for M.Tech and M.plan Admissions,6869
Education & Training,https://bolarum.kvs.ac.in,Kendriya Vidyalaya Bolaram,6870
Education & Training,https://dwarkaspg.kvs.ac.in,Kendriya Vidyalaya SPG Complex Sec-8 Dwarka(Gurgaon Region),6871
Education & Training,https://missamari.kvs.ac.in,"Kendriya Vidyalaya Missamari, Assam",6872
Education & Training,https://afsbareilly.kvs.ac.in,"Kendriya Vidyalaya AFS Bareilly, Lucknow",6873
Education & Training,https://ongcpanvel.kvs.ac.in,"Kendriya Vidyalaya ONGC Panvel, Maharashtra",6874
Education & Training,https://sidhi.kvs.ac.in,"Kendriya Vidyalaya Sidhi, Jabalpur",6875
Education & Training,https://shriganganagar.kvs.ac.in,Kendriya Vidyalaya SriGanganagar Cantt,6876
Education & Training,https://no2jodhpurafs.kvs.ac.in,"Kendriya Vidyalaya No.2 AFS Jodhpur, Jaipur",6877
Education & Training,https://roahmedabad.kvs.gov.in,"Kendriya Vidyalaya Sangathan, Regional Office, Ahmedabad",6878
Education & Training,https://education.rajasthan.gov.in,"Education Portal, Govt of Rajasthan",6879
Education & Training,https://www.library.puchd.ac.in,"A. C. Joshi Library, Panjab University, Chandigarh",6880
Education & Training,https://gpcbathinda.ac.in,"Government Polytechnic College, Bathinda, Punjab",6881
Education & Training,https://ndakhadakvasla.kvs.ac.in,"Kendriya Vidyalaya NDA Khadakwasala, Pune",6882
Education & Training,https://www.bim.edu,"Bharathidasan Institute of Management (BIM), Tiruchirappalli, Tamil Nadu",6883
Education & Training,https://no1gorakhpur.kvs.ac.in,"Kendriya Vidyalaya No.1 AFS, Gorakhpur",6884
Education & Training,https://gandhidham.kvs.ac.in,"Kendriya Vidyalaya Gandhidham Colony, Ahmedabad",6885
Education & Training,https://www.ceconline.edu,"College of Engineering Chengannur, Kerala",6886
Education & Training,https://hpprtim.nic.in,"Himachal Pradesh Panchayati Raj Training Institute, Mashobra (Craigneno), Shimla, Himachal Pradesh",6887
Education & Training,https://niperraebareli.edu.in,"National Institute of Pharmaceutical Education and Research (NIPER), Rae Bareli",6888
Education & Training,https://ipft.gov.in,Institute of Pesticides Formulation Technology (IPFT),6889
Education & Training,https://lakhimpur.kvs.ac.in,"Kendriya Vidyalaya North Lakhimpur, Assam",6890
Forestry & Wildlife,https://www.nic.in/,National Informatics Centre,6891
Forestry & Wildlife,https://www.meity.gov.in/,Ministry of Electronics & Information Technology,6893
Forestry & Wildlife,https://gec.gujarat.gov.in,"Gujarat Ecology Commission (GEC), Gujarat",6895
Forestry & Wildlife,https://jiyoparsi.minorityaffairs.gov.in,Jiyo Parsi Scheme Portal,6899
Forestry & Wildlife,https://afri.icfre.gov.in,"Arid Forest Research Institute, Madhya Pradesh",6900
Forestry & Wildlife,https://hfri.icfre.gov.in,Himalayan Forest Research Institute,6905
Forestry & Wildlife,https://www.magicalmelghat.in,"Melghat Tiger Reserve - Amaravati, Maharashtra",6906
Forestry & Wildlife,https://jharenvis.nic.in,"EIACP HUB: Jharkhand Status of Environment and Related Issues, Jharkhand",6907
Forestry & Wildlife,https://ifgtb.icfre.gov.in,Institute of Forest Genetics and Tree Breeding (IFGTB),6908
Forestry & Wildlife,https://rajajitigerreserve.uk.gov.in/Index.aspx,"Rajaji Tiger Reserve, Uttarakhand",6910
Forestry & Wildlife,https://py.gov.in/forestry-wild-life,"Forest and Wild Life Department, Puducherry",6911
Forestry & Wildlife,https://subhadra.odisha.gov.in,"SUBHADRA Yojana, Odisha",6912
Forestry & Wildlife,https://trti.maharashtra.gov.in,"Tribal Research and Training Institute, Maharashtra",6915
Forestry & Wildlife,https://ntca.gov.in,"National Tiger Conservation Authority (NTCA), New Delhi",6917
Forestry & Wildlife,https://www.ignfa.gov.in,Indira Gandhi National Forest Academy (IGNFA),6918
Forestry & Wildlife,https://tfri.icfre.gov.in,"ICFRE - Tropical Forest Research Institute, Jabalpur, Madhya Pradesh",6919
Forestry & Wildlife,https://www.similipal.org,"Similipal Tiger Reserve, Odisha",6921
Forestry & Wildlife,https://dharani.telangana.gov.in,"Integrated Land Records Management System, Telangana",6924
Forestry & Wildlife,https://www.upforestcorporation.co.in,"Uttar Pradesh Forest Corporation, Uttar Pradesh",6925
Forestry & Wildlife,https://nzpnewdelhi.gov.in/?ln=en,"National Zoological Park, Delhi",6926
Forestry & Wildlife,https://icfre.gov.in,"Indian Council of Forestry Research and Education (ICFRE), Dehradun",6928
Forestry & Wildlife,https://tigernet.nic.in,"Tigernet, a directory of tigers and other wildlife mortality, National Tiger Conservation Authority",6929
Forestry & Wildlife,https://fri.icfre.gov.in,"ICFRE-Forest Research Institute (FRI), Dehradun",6930
Forestry & Wildlife,https://jica.tripura.gov.in,"Tripura JICA Project - Sustainable Catchment Forest Management (SCATFORM), Tripura",6931
Forestry & Wildlife,https://fsi.nic.in,Forest Survey of India (FSI),6932
Forestry & Wildlife,https://geerfoundation.gujarat.gov.in,"Gujarat Ecological Education and Research (GEER) Foundation, Gujarat",6933
Forestry & Wildlife,https://swachhatahiseva.gov.in,Swachhata Hi Seva 2024,6936
Forestry & Wildlife,https://www.kfri.res.in,"Kerala Forest Research Institute (KFRI), Kerala",6945
Forestry & Wildlife,https://www.ashtalakshmimahotsav.com,Ashtalakshmi Mahotsav,6947
Forestry & Wildlife,https://ifs.nic.in,Indian Forest Service (IFS),6949
Forestry & Wildlife,https://cza.nic.in,Central Zoo Authority (CZA),6953
Forestry & Wildlife,https://nzpnewdelhi.gov.in,"National Zoological Park, Delhi",6956
Forestry & Wildlife,https://mahaforest.gov.in,"Forest Department, Maharashtra",6957
Energy & Power,https://www.nic.in/,National Informatics Centre,6958
Energy & Power,https://www.apspdcl.in,"Southern Power Distribution Company of AP Ltd. (APSPDCL), Andhra Pradesh",6959
Energy & Power,https://www.wbsedcl.in,"West Bengal State Electricity Distribution Company Limited (WBSEDCL), West Bengal",6960
Energy & Power,https://tsredco.telangana.gov.in,"Telangana State Renewable Energy Development Corporation Ltd., (TSREDCO), Telangana",6961
Energy & Power,https://jercuts.gov.in,Joint Electricity Regulatory Commission (JERC),6962
Energy & Power,https://cea.nic.in,Central Electricity Authority (CEA),6963
Energy & Power,https://cei.mp.gov.in,"Chief Engineer (E/S) and Chief Electrical Inspector, Madhya Pradesh",6965
Energy & Power,https://www.nibe.res.in,Sardar Swaran Singh National Institute of Bio Energy (SSSNIRE),6966
Energy & Power,https://www.peda.gov.in,"Punjab Energy Development Agencies (PEDA), Punjab",6967
Energy & Power,https://cei.assam.gov.in,"Inspectorate of Electricity (IEC), Assam",6969
Energy & Power,https://tsceig.cgg.gov.in,"Electrical Inspectorate Department, ​Telangana",6970
Energy & Power,https://www.recindia.nic.in,Rural Electrification Corporation Limited,6971
Energy & Power,https://msda.nic.in,"Meghalaya State Designated Agency, Meghalaya",6972
Energy & Power,https://srldc.in,Southern Regional Load Despatch Centre,6973
Energy & Power,https://www.mpez.co.in,"Madhya Pradesh Poorv Kshetra Vidyut Vitran Company Limited (MPPKVVCL), Madhya Pradesh",6974
Energy & Power,https://www.tssouthernpower.com,"Southern Power Distribution Company of Telangana Ltd., Andhra Pradesh",6975
Energy & Power,https://www.mpwz.co.in,"M.P. Paschim Kshetra Vidyut Vitran Co. Ltd., Madhya Pradesh",6977
Energy & Power,https://www.bsphcl.co.in,"Bihar State Power Holding Company Limited (BSPHCL), Patna, Bihar",6978
Energy & Power,https://nise.res.in,National Institute of Solar Energy,6979
Energy & Power,https://himurja.hp.gov.in,"H.P. Government Energy Development Agency (HIMURJA), Himachal Pradesh",6980
Energy & Power,https://www.nsgm.gov.in,National Smart Grid Mission (NSGM),6981
Energy & Power,https://nrldc.in,Northern Regional Load Despatch Centre,6982
Energy & Power,https://www.keralaenergy.gov.in,"Energy Management Centre, Kerala",6983
Energy & Power,https://www.sldcmpindia.com,"State Load Despatch Centre, Jabalpur, Madhya Pradesh",6986
Energy & Power,https://www.ashtalakshmimahotsav.com,Ashtalakshmi Mahotsav,6987
Energy & Power,https://www.eeslindia.org,Energy Efficiency Services Limited (EESL),6989
Energy & Power,https://www.pfcclindia.com,"PFC Consulting Limited (PFCCL), New Delhi",6990
Energy & Power,https://uredaonline.uk.gov.in,"Uttarakhand Renewable Energy Development Agency Online (UREDA), Uttarakhand",6991
Energy & Power,https://www.nerldc.in,North Eastern Regional Load Despatch Center,6992
Energy & Power,https://www.uday.gov.in,Ujwal DISCOM Assurance Yojana (UDAY),6993
Energy & Power,https://saubhagya.gov.in,Pradhan Mantri Sahaj Bijli Har Ghar Yojana (Saubhagya),6996
Energy & Power,https://erpc.gov.in,Eastern Regional Power Committee (ERPC),6997
Energy & Power,https://neepco.co.in,North Eastern Electric Power Corporation Limited,6998
Energy & Power,https://niwe.res.in,National Institute of Wind Energy,6999
Energy & Power,https://www.wbsetcl.in,"West Bengal State Electricity Transmission Corporation Limited, West Bengal",7000
Energy & Power,https://www.wapcos.co.in,Water and Power Consultancy Services (India) Limited (WAPCOS),7001
Energy & Power,https://www.wrldc.in,Western Regional Load Despatch Center,7002
Energy & Power,https://rpo.gov.in,National Portal for Renewable purchase obligation (RPO),7004
Energy & Power,https://www.mahaurja.com,"Maharashtra Energy Development Agency (MEDA), Maharashtra",7005
Energy & Power,https://www.ipds.gov.in,Integrated Power Development Scheme (IPDS),7006
Energy & Power,https://jerc.mizoram.gov.in,Joint Electricity Regulatory Commission for the States of Manipur and Mizoram (JERC),7007
Energy & Power,https://powerfoundation.org.in,Power Foundation of India (PFI),7008
Energy & Power,https://www.dvc.gov.in,Damodar Valley Corporation (DVC),7009
Energy & Power,https://www.dps.gov.in,Directorate of Purchase and Stores,7012
Energy & Power,https://zeda.mizoram.gov.in,"Zoram Energy Development Agency, Mizoram",7014
Energy & Power,https://www.ntpc.co.in,National Thermal Power Corporation (NTPC),7016
Energy & Power,https://sjvn.nic.in,Satluj Jal Vidyut Nigam Limited (SJVN),7017
Energy & Power,https://upneda.org.in,"Additional Sources of Energy Department, Uttar Pradesh",7018
Energy & Power,https://www.bhel.com,Bharat Heavy Electricals Limited (BHEL),7019
Energy & Power,https://www.tangedco.org/en,"Tamilnadu Generation and Distribution Corporation Limited (TANGEDCO), Tamil Nadu",7021
Energy & Power,https://www.meity.gov.in/,Ministry of Electronics & Information Technology,7022
Energy & Power,https://nerpc.gov.in,North Eastern Regional Power Committee,7023
Energy & Power,https://www.mercombudsman.org.in,"Electricity Ombudsman(Mumbai), Maharashtra",7026
Energy & Power,https://jiyoparsi.minorityaffairs.gov.in,Jiyo Parsi Scheme Portal,7028
Energy & Power,https://ctuil.in,Central Transmission Utility of India Ltd. (CTUIL),7029
Energy & Power,https://npp.gov.in,National Power Portal,7030
Energy & Power,https://urjapay.andaman.gov.in,"Urja Pay (Electricity Bill Payment), Andaman & Nicobar Islands",7031
Energy & Power,https://subhadra.odisha.gov.in,"SUBHADRA Yojana, Odisha",7032
Energy & Power,https://www.wrpc.gov.in,Western Regional Power Committee (WRPC),7034
Energy & Power,https://npti.gov.in,"National Power Training Institute (NPTI), Faridabad",7035
Energy & Power,https://sldc.mizoram.gov.in,"State Load Despatch Centre (SLDC), Mizoram",7036
Energy & Power,https://www.ptcindia.com,Power Trading Corporation of India Limited (PTC),7037
Energy & Power,https://srpc.kar.nic.in,Southern Regional Power Committee,7039
Energy & Power,https://www.gsecl.in,"Gujarat State Electricity Corporation Limited (GSECL), Vadodara, Gujarat",7040
Energy & Power,https://forumofregulators.gov.in,Forum of Regulators,7042
Energy & Power,https://ongcvidesh.com,Oil and Natural Gas Corporation Videsh Limited,7043
Energy & Power,https://aptel.gov.in,Appellate Tribunal for Electricity (APTEL),7044
Energy & Power,https://power.delhi.gov.in,"Power Department, Delhi",7045
Energy & Power,https://puvvnl.up.nic.in,"Purvanchal Vidyut Vitaran Nigam Limited, Uttar Pradesh",7046
Energy & Power,https://www.jakeda.in,"Jammu & Kashmir Energy Development Agency (JAKEDA), Jammu and Kashmir",7047
Energy & Power,https://wss.mahadiscom.in/wss/wss,"Mahavitran - Maharashtra State Electricity Distribution Company Limited, Maharashtra",7048
Energy & Power,https://cerc-efiling.gov.in,e-Filing System of Central Electricity Regulatory Commission (CERC),7049
Energy & Power,https://www.tnpowerfinance.com,"Tamilnadu Power Finance and Infrastructure Development Corporation Limited, Tamil Nadu",7050
Energy & Power,https://www.mppgcl.mp.gov.in,"M.P Power Generating Company Limited (MPPGCL), Madhya Pradesh",7052
Energy & Power,https://swachhatahiseva.gov.in,Swachhata Hi Seva 2024,7053
Energy & Power,https://www.pfcindia.com,"Power Finance Corporation Limited, New Delhi",7054
Energy & Power,https://vidyutombudsman-tserc.gov.in,"Vidyut Ombudsman, Telangana",7055
Energy & Power,https://www.bestundertaking.com,"The Brihanmumbai Electric Supply & Transport Undertaking | of the Brihanmumbai Mahanagarpalika, Maharashtra",7058
Energy & Power,https://www.ipgcl-ppcl.gov.in,"Indraprastha Power Generation Co. Ltd., Delhi",7059
Energy & Power,https://mnreda.gov.in,"Meghalaya New and Renewable Energy Development Agency, Meghalaya",7060
Energy & Power,https://anert.gov.in,"Agency for Non Conventional Energy and Rural Technology (ANERT), Kerala",7061
Energy & Power,https://irix.gov.in,India Renewable Idea Exchange Portal (IRIX),7064
Energy & Power,https://cercind.gov.in,Central Electricity Regulatory Commission (CERC),7067
Energy & Power,https://www.uprvunl.org,"Uttar Pradesh Rajya Vidyut Utpadan Nigam Limited (UPRVUNL), Lucknow, Uttar Pradesh",7068
Energy & Power,https://ceaclearance.gov.in,Central Electricity Authority (CEA),7070
Energy & Power,https://www.nhpcindia.com,National Hydroelectric Power Corporation Limited (NHPC),7071
Energy & Power,https://aeda.assam.gov.in,Assam Energy Development Agency (AEDA),7072
Energy & Power,https://getri.org,"Green Energy Training Research Institute (GETRI), Gujarat",7073
Energy & Power,https://www.powergrid.in,Power Grid Corporation of India Limited (POWERGRID),7074
Energy & Power,https://dharani.telangana.gov.in,"Integrated Land Records Management System, Telangana",7075
Energy & Power,https://erldc.in,Eastern Regional Load Despatch Center,7076
Energy & Power,https://asdagov.in,Assam State Designated Agency (ASDA),7077
Energy & Power,https://www.cpri.in,"Central Power Research Institute (CPRI), Bangalore",7078
Energy & Power,https://www.keralaeo.org,"Kerala Electricity Ombudsman, Kerala",7079
Energy & Power,https://www.recregistryindia.nic.in,Renewable Energy Certificate Registry of India,7080
Energy & Power,https://posoco.in,Grid Controller of India Limited,7081
Energy & Power,https://www.mptransco.in,"Madhya Pradesh Power Transmission Company Ltd. (MPPTCL), Madhya Pradesh",7082
Energy & Power,https://solarrooftop.gov.in,National Portal for Rooftop Solar,7083
Energy & Power,https://vidyutombudsman.ap.gov.in,"Vidyut Ombudsman, Andhra Pradesh",7086
Energy & Power,https://rioneshillong.gov.in,"Regional Inspectorial Organisation, Shillong",7088
Energy & Power,https://beeindia.gov.in,Bureau of Energy Efficiency (BEE),7089
